"id","system_id","version","modified_user_id","modified_user_name","modified_datetime","operation_type","effective_start_datetime","effective_end_datetime","entity_status","owner_id","Name","Description","IsBaseEligible","BlendRecipeId","BaseBlendTypeId","IsThixotropic","IsAdditiveEligible","AdditiveTypeDescription","ProductId","AdditiveTypeSystemId","BlendPrimaryCategoryName","BagSize","Density","ProductName","BlendPrimaryCategoryDescription","BlendPrimaryCategoryId","SpecificGravity","AdditiveTypeId","BlendRecipeSystemId","BlendRecipeDescription","BaseBlendTypeName","BlendPrimaryCategorySystemId","BaseBlendTypeSystemId","ProductDescription","BaseBlendTypeDescription","BlendRecipeName","Yield","ProductSystemId","MixWater","AdditiveTypeName","AERCode"
1,1,1,"0","",2018-09-28 18:10:42,1,2017-09-28 18:10:42,9999-12-31 23:59:59,0,0,Class A,"",1,,152,0,0,,1,,Cementing Blend,,1880.00,Class A,,1,3.15,,,,Class A Cement,1,68,Class A Cement,Class A Cement,,0.78,1,,,"1"
2,2,1,"0","",2018-09-28 18:10:42,1,2017-09-28 18:10:42,9999-12-31 23:59:59,0,0,Class C,"",1,,153,0,0,,2,,Cementing Blend,,1780.00,Class C,,1,3.19,,,,Class C Cement,1,69,Class C Cement,Class C Cement,,0.88,2,,,"3"
3,3,1,"0","",2018-09-28 18:10:42,1,2017-09-28 18:10:42,9999-12-31 23:59:59,0,0,Class G,"",1,,154,0,0,,3,,Cementing Blend,,1901.00,Class G,,1,3.19,,,,Class G Cement,1,70,Class G Cement,Class G Cement,,0.76,3,,,"4"
4,4,1,"0","",2018-09-28 18:10:42,1,2017-09-28 18:10:42,9999-12-31 23:59:59,0,0,Intercem,"",1,,,1,0,,4,,Cementing Blend,,1750.00,Intercem,,1,2.92,,,,,1,,Intercem,,,0.88,4,,,"1"
5,5,1,"0","",2018-09-28 18:10:42,1,2017-09-28 18:10:42,9999-12-31 23:59:59,0,0,ASM-3,"",0,,,0,1,ASM-3,6,202,,,,ASM-3,,,2.52,225,,,,,,ASM-3,,,,6,,ASM-3,""
6,6,1,"0","",2018-09-28 18:10:42,1,2017-09-28 18:10:42,9999-12-31 23:59:59,0,0,ASM-5,"",0,,,0,1,ASM-5,7,146,,,,ASM-5,,,1.32,168,,,,,,ASM-5,,,,7,,ASM-5,""
7,7,1,"0","",2018-09-28 18:10:42,1,2017-09-28 18:10:42,9999-12-31 23:59:59,0,0,Barite,"",0,,,0,1,Barite,8,17,,,,Barite,,,4.23,27,,,,,,Barite,,,,8,,Barite,""
8,8,1,"0","",2018-09-28 18:10:42,1,2017-09-28 18:10:42,9999-12-31 23:59:59,0,0,CaCl2,"",0,,,0,1,CaCl2,9,22,,,,CaCl2,,,2.19,32,,,,,,CaCl2,,,,9,,CaCl2,""
9,9,1,"0","",2018-09-28 18:10:42,1,2017-09-28 18:10:42,9999-12-31 23:59:59,0,0,CDF-4P,"",0,,,0,1,,10,,,,,CDF-4P,,,1.61,,,,,,,CDF-4P,,,,10,,,""
10,10,1,"0","",2018-09-28 18:10:42,1,2017-09-28 18:10:42,9999-12-31 23:59:59,0,0,CDF-6P,"",0,,,0,1,CDF-6P,11,204,,,,CDF-6P,,,1.70,229,,,,,,CDF-6P,,,,11,,CDF-6P,""
12,11,1,"0","",2018-09-28 18:10:42,1,2017-09-28 18:10:42,9999-12-31 23:59:59,0,0,CDM-2,"",0,,,0,1,CDM-2,13,177,,,,CDM-2,,,0.32,199,,,,,,CDM-2,,,,12,,CDM-2,""
13,12,1,"0","",2018-09-28 18:10:42,1,2017-09-28 18:10:42,9999-12-31 23:59:59,0,0,CDM-4,"",0,,,0,1,CDM-4,14,227,,,,CDM-4,,,0.28,254,,,,,,CDM-4,,,,13,,CDM-4,""
14,13,1,"0","",2018-09-28 18:10:42,1,2017-09-28 18:10:42,9999-12-31 23:59:59,0,0,CDM-5,"",0,,,0,1,CDM-5,15,178,,,,CDM-5,,,0.38,200,,,,,,CDM-5,,,,14,,CDM-5,""
15,14,1,"0","",2018-09-28 18:10:42,1,2017-09-28 18:10:42,9999-12-31 23:59:59,0,0,CDM-6,"",0,,,0,1,CDM-6,16,179,,,,CDM-6,,,0.54,201,,,,,,CDM-6,,,,15,,CDM-6,""
16,15,1,"0","",2018-09-28 18:10:42,1,2017-09-28 18:10:42,9999-12-31 23:59:59,0,0,CDM-6B,"",0,,,0,1,,17,,,,,CDM-6B,,,0.54,,,,,,,CDM-6B,,,,16,,,""
18,16,1,"0","",2018-09-28 18:10:42,1,2017-09-28 18:10:42,9999-12-31 23:59:59,0,0,CDM-C,"",0,,,0,1,CDM-C,19,181,,,,CDM-C,,,1.20,203,,,,,,CDM-C,,,,17,,CDM-C,""
19,17,1,"0","",2018-09-28 18:10:42,1,2017-09-28 18:10:42,9999-12-31 23:59:59,0,0,CFL-10,"",0,,,0,1,CFL-10,20,205,,,,CFL-10,,,1.50,230,,,,,,CFL-10,,,,18,,CFL-10,""
20,18,1,"0","",2018-09-28 18:10:42,1,2017-09-28 18:10:42,9999-12-31 23:59:59,0,0,CFL-3,"",0,,,0,1,CFL-3,21,27,,,,CFL-3,,,1.29,37,,,,,,CFL-3,,,,19,,CFL-3,""
21,19,1,"0","",2018-09-28 18:10:42,1,2017-09-28 18:10:42,9999-12-31 23:59:59,0,0,CFL-3L,"",0,,,0,1,CFL-3L,22,28,,,,CFL-3L,,,0.98,38,,,,,,CFL-3L,,,,20,,CFL-3L,""
22,20,1,"0","",2018-09-28 18:10:42,1,2017-09-28 18:10:42,9999-12-31 23:59:59,0,0,CFL-4,"",0,,,0,1,CFL-4,23,29,,,,CFL-4,,,1.40,39,,,,,,CFL-4,,,,21,,CFL-4,""
23,21,1,"0","",2018-09-28 18:10:42,1,2017-09-28 18:10:42,9999-12-31 23:59:59,0,0,CFL-6,"",0,,,0,1,CFL-6,24,118,,,,CFL-6,,,1.29,140,,,,,,CFL-6,,,,22,,CFL-6,""
24,22,1,"0","",2018-09-28 18:10:42,1,2017-09-28 18:10:42,9999-12-31 23:59:59,0,0,CFL-7,"",0,,,0,1,CFL-7,25,120,,,,CFL-7,,,1.58,142,,,,,,CFL-7,,,,23,,CFL-7,""
25,23,1,"0","",2018-09-28 18:10:42,1,2017-09-28 18:10:42,9999-12-31 23:59:59,0,0,CFL-8,"",0,,,0,1,CFL-8,26,206,,,,CFL-8,,,1.50,231,,,,,,CFL-8,,,,24,,CFL-8,""
26,24,1,"0","",2018-09-28 18:10:42,1,2017-09-28 18:10:42,9999-12-31 23:59:59,0,0,CFR,"",0,,,0,1,CFR,27,30,,,,CFR,,,1.38,40,,,,,,CFR,,,,25,,CFR,""
27,25,1,"0","",2018-09-28 18:10:42,1,2017-09-28 18:10:42,9999-12-31 23:59:59,0,0,CFR-2,"",0,,,0,1,CFR-2,28,31,,,,CFR-2,,,1.38,41,,,,,,CFR-2,,,,26,,CFR-2,""
28,26,1,"0","",2018-09-28 18:10:42,1,2017-09-28 18:10:42,9999-12-31 23:59:59,0,0,CFR-5,"",0,,,0,1,CFR-5,29,121,,,,CFR-5,,,1.01,143,,,,,,CFR-5,,,,27,,CFR-5,""
29,27,1,"0","",2018-09-28 18:10:42,1,2017-09-28 18:10:42,9999-12-31 23:59:59,0,0,Ciment Fondue,"",1,,150,0,1,,30,,Cementing Blend,,,Ciment Fondue,,1,3.22,,,,Ciment Fondue,1,67,Ciment Fondue,Ciment Fondue,,,28,,,""
30,28,1,"0","",2018-09-28 18:10:43,1,2017-09-28 18:10:43,9999-12-31 23:59:59,0,0,Densified Fume,"",0,,,0,1,,34,,,,,Densified Fume,,,2.50,,,,,,,Densified Fume,,,,29,,,""
31,29,1,"0","",2018-09-28 18:10:43,1,2017-09-28 18:10:43,9999-12-31 23:59:59,0,0,EA-1,"",0,,,0,1,EA-1,35,224,,,,EA-1,,,3.75,251,,,,,,EA-1,,,,30,,EA-1,""
32,30,1,"0","",2018-09-28 18:10:43,1,2017-09-28 18:10:43,9999-12-31 23:59:59,0,0,EA-3,"",0,,,0,1,EA-3,36,225,,,,EA-3,,,3.05,252,,,,,,EA-3,,,,31,,EA-3,""
33,31,1,"0","",2018-09-28 18:10:43,1,2017-09-28 18:10:43,9999-12-31 23:59:59,0,0,FA-1,"",0,,,0,1,FA-1,37,36,,,,FA-1,,,1.06,47,,,,,,FA-1,,,,32,,FA-1,""
34,32,1,"0","",2018-09-28 18:10:43,1,2017-09-28 18:10:43,9999-12-31 23:59:59,0,0,FA-3,"",0,,,0,1,FA-3,38,196,,,,FA-3,,,1.06,219,,,,,,FA-3,,,,33,,FA-3,""
35,33,1,"0","",2018-09-28 18:10:43,1,2017-09-28 18:10:43,9999-12-31 23:59:59,0,0,Flyash,"",0,,,0,1,,39,,,,,Flyash,,,2.10,,,,,,,Flyash,,,,34,,,""
36,34,1,"0","",2018-09-28 18:10:43,1,2017-09-28 18:10:43,9999-12-31 23:59:59,0,0,Flyash (Sask),"",0,,,0,1,,40,,,,,Flyash (Sask),,,2.44,,,,,,,Flyash (Sask),,,,35,,,""
37,35,1,"0","",2018-09-28 18:10:43,1,2017-09-28 18:10:43,9999-12-31 23:59:59,0,0,FS-1,"",0,,,0,1,FS-1,41,207,,,,FS-1,,,1.07,232,,,,,,FS-1,,,,36,,FS-1,""
38,36,1,"0","",2018-09-28 18:10:43,1,2017-09-28 18:10:43,9999-12-31 23:59:59,0,0,FWC-2,"",0,,,0,1,FWC-2,42,148,,,,FWC-2,,,2.35,170,,,,,,FWC-2,,,,37,,FWC-2,""
39,37,1,"0","",2018-09-28 18:10:43,1,2017-09-28 18:10:43,9999-12-31 23:59:59,0,0,GCA-1,"",0,,,0,1,GCA-1,43,125,,,,GCA-1,,,2.15,147,,,,,,GCA-1,,,,38,,GCA-1,""
40,38,1,"0","",2018-09-28 18:10:43,1,2017-09-28 18:10:43,9999-12-31 23:59:59,0,0,Graphite,"",0,,,0,1,Graphite,44,191,,,,Graphite,,,2.53,213,,,,,,Graphite,,,,39,,Graphite,""
41,39,1,"0","",2018-09-28 18:10:43,1,2017-09-28 18:10:43,9999-12-31 23:59:59,0,0,GSS-1,"",0,,,0,1,GSS-1,45,223,,,,GSS-1,,,2.54,250,,,,,,GSS-1,,,,40,,GSS-1,""
42,40,1,"0","",2018-09-28 18:10:43,1,2017-09-28 18:10:43,9999-12-31 23:59:59,0,0,Hematite,"",0,,,0,1,Hematite,46,47,,,,Hematite,,,5.02,60,,,,,,Hematite,,,,41,,Hematite,""
43,41,1,"0","",2018-09-28 18:10:43,1,2017-09-28 18:10:43,9999-12-31 23:59:59,0,0,HTR,"",0,,,0,1,HTR,47,49,,,,HTR,,,1.26,62,,,,,,HTR,,,,42,,HTR,""
44,42,1,"0","",2018-09-28 18:10:43,1,2017-09-28 18:10:43,9999-12-31 23:59:59,0,0,HTR-2,"",0,,,0,1,HTR-2,48,174,,,,HTR-2,,,2.30,196,,,,,,HTR-2,,,,43,,HTR-2,""
45,43,1,"0","",2018-09-28 18:10:43,1,2017-09-28 18:10:43,9999-12-31 23:59:59,0,0,HTR-3,"",0,,,0,1,HTR-3,49,208,,,,HTR-3,,,1.42,233,,,,,,HTR-3,,,,44,,HTR-3,""
46,44,1,"0","",2018-09-28 18:10:43,1,2017-09-28 18:10:43,9999-12-31 23:59:59,0,0,HTR-3A,"",0,,,0,1,HTR-3A,50,175,,,,HTR-3A,,,1.77,197,,,,,,HTR-3A,,,,45,,HTR-3A,""
47,45,1,"0","",2018-09-28 18:10:43,1,2017-09-28 18:10:43,9999-12-31 23:59:59,0,0,KCl,"",0,,,0,1,KCl,52,108,,,,KCl,,,2.77,130,,,,,,KCl,,,,46,,KCl,""
48,46,1,"0","",2018-09-28 18:10:43,1,2017-09-28 18:10:43,9999-12-31 23:59:59,0,0,LCC-1,"",0,,,0,1,LCC-1,53,60,,,,LCC-1,,,1.90,74,,,,,,LCC-1,,,,47,,LCC-1,""
49,47,1,"0","",2018-09-28 18:10:43,1,2017-09-28 18:10:43,9999-12-31 23:59:59,0,0,LCC-9,"",0,183,,0,1,LCC-9,54,182,,,,LCC-9,,,2.49,204,181,,,,,LCC-9,,LCC-9,,48,,LCC-9,""
50,48,1,"0","",2018-09-28 18:10:43,1,2017-09-28 18:10:43,9999-12-31 23:59:59,0,0,LCF-7,"",0,,,0,1,LCF-7,55,210,,,,LCF-7,,,1.07,236,,,,,,LCF-7,,,,49,,LCF-7,""
51,49,1,"0","",2018-09-28 18:10:43,1,2017-09-28 18:10:43,9999-12-31 23:59:59,0,0,LCG-1,"",0,,,0,1,LCG-1,56,183,,,,LCG-1,,,2.77,205,,,,,,LCG-1,,,,50,,LCG-1,""
53,50,1,"0","",2018-09-28 18:10:43,1,2017-09-28 18:10:43,9999-12-31 23:59:59,0,0,LCG-2,"",0,,,0,1,LCG-2,58,184,,,,LCG-2,,,2.76,206,,,,,,LCG-2,,,,51,,LCG-2,""
54,51,1,"0","",2018-09-28 18:10:43,1,2017-09-28 18:10:43,9999-12-31 23:59:59,0,0,LCG-4,"",0,,,0,1,LCG-4,59,185,,,,LCG-4,,,2.72,207,,,,,,LCG-4,,,,52,,LCG-4,""
55,52,1,"0","",2018-09-28 18:10:43,1,2017-09-28 18:10:43,9999-12-31 23:59:59,0,0,LCG-5,"",0,,,0,1,LCG-5,60,186,,,,LCG-5,,,2.72,208,,,,,,LCG-5,,,,53,,LCG-5,""
57,53,1,"0","",2018-09-28 18:10:43,1,2017-09-28 18:10:43,9999-12-31 23:59:59,0,0,LTR,"",0,,,0,1,LTR,62,61,,,,LTR,,,1.27,75,,,,,,LTR,,,,54,,LTR,""
58,54,1,"0","",2018-09-28 18:10:43,1,2017-09-28 18:10:43,9999-12-31 23:59:59,0,0,LTR-3,"",0,,,0,1,LTR-3,63,222,,,,LTR-3,,,1.83,249,,,,,,LTR-3,,,,55,,LTR-3,""
59,55,1,"0","",2018-09-28 18:10:43,1,2017-09-28 18:10:43,9999-12-31 23:59:59,0,0,MCR-5,"",0,,,0,1,MCR-5,64,151,,,,MCR-5,,,2.09,173,,,,,,MCR-5,,,,56,,MCR-5,""
60,56,1,"0","",2018-09-28 18:10:43,1,2017-09-28 18:10:43,9999-12-31 23:59:59,0,0,MCR-7,"",0,,,0,1,MCR-7,65,212,,,,MCR-7,,,1.96,238,,,,,,MCR-7,,,,57,,MCR-7,""
61,57,1,"0","",2018-09-28 18:10:43,1,2017-09-28 18:10:43,9999-12-31 23:59:59,0,0,Micromix,"",0,,,0,1,,66,,,,,Micromix,,,3.03,,,,,,,Micromix,,,,58,,,""
62,58,1,"0","",2018-09-28 18:10:43,1,2017-09-28 18:10:43,9999-12-31 23:59:59,0,0,NaCl,"",0,,,0,1,NaCl,67,40,,,,NaCl,,,2.16,52,,,,,,Fine Salt,,,,59,,NaCl,""
64,59,1,"0","",2018-09-28 18:10:43,1,2017-09-28 18:10:43,9999-12-31 23:59:59,0,0,QSR-2,"",0,,,0,1,QSR-2,69,79,,,,QSR-2,,,2.06,94,,,,,,QSR-2,,,,60,,QSR-2,""
65,60,1,"0","",2018-09-28 18:10:43,1,2017-09-28 18:10:43,9999-12-31 23:59:59,0,0,Sand,"",0,,,0,1,SANJET Sand,70,214,,,,Sand,,,2.65,240,,,,,,Sand,,,,61,,SANJET Sand,""
66,61,1,"0","",2018-09-28 18:10:43,1,2017-09-28 18:10:43,9999-12-31 23:59:59,0,0,Sanlite,"",0,,,0,1,,71,,,,,Sanlite,,,2.40,,,,,,,Sanlite,,,,62,,,""
67,62,1,"0","",2018-09-28 18:10:43,1,2017-09-28 18:10:43,9999-12-31 23:59:59,0,0,SCA-1,"",0,,,0,1,SCA-1,73,150,,,,SCA-1,,,2.79,172,,,,,,SCA-1,,,,64,,SCA-1,""
68,63,1,"0","",2018-09-28 18:10:43,1,2017-09-28 18:10:43,9999-12-31 23:59:59,0,0,SCA-5,"",0,,,0,1,SCA-5,74,156,,,,SCA-5,,,2.41,178,,,,,,SCA-5,,,,65,,SCA-5,""
69,64,1,"0","",2018-09-28 18:10:43,1,2017-09-28 18:10:43,9999-12-31 23:59:59,0,0,SCA-6,"",0,,,0,1,SCA-6,75,163,,,,SCA-6,,,2.32,185,,,,,,SCA-6,,,,66,,SCA-6,""
70,65,1,"0","",2018-09-28 18:10:43,1,2017-09-28 18:10:43,9999-12-31 23:59:59,0,0,SCA-7,"",0,,,0,1,SCA-7,76,153,,,,SCA-7,,,2.68,175,,,,,,SCA-7,,,,67,,SCA-7,""
71,66,1,"0","",2018-09-28 18:10:43,1,2017-09-28 18:10:43,9999-12-31 23:59:59,0,0,SG1500 AP1,"",0,,,0,1,,77,,,,,SG1500 AP1,,,1.98,,,,,,,SG1500 AP1,,,,68,,,""
72,67,1,"0","",2018-09-28 18:10:43,1,2017-09-28 18:10:43,9999-12-31 23:59:59,0,0,Silica Flour - 200 Mesh,"",0,,,0,1,Silica Flour - 200 Mesh,78,90,,,,Silica Flour - 200 Mesh,,,2.63,108,,,,,,Silica Flour  - 200 Mesh,,,,69,,Silica Flour - 200 Mesh,""
73,68,1,"0","",2018-09-28 18:10:43,1,2017-09-28 18:10:43,9999-12-31 23:59:59,0,0,Silica Fume - Semi-Densified,"",0,,,0,1,,79,,,,,Silica Fume - Semi-Densified,,,2.50,,,,,,,Silica Fume - Semi-Densified,,,,70,,,""
74,69,1,"0","",2018-09-28 18:10:43,1,2017-09-28 18:10:43,9999-12-31 23:59:59,0,0,SPC-II,"",0,,,0,1,SPC-II,80,77,,,,SPC-II,,,2.48,92,,,,,,SPC-II,,,,71,,SPC-II,""
75,70,1,"0","",2018-09-28 18:10:43,1,2017-09-28 18:10:43,9999-12-31 23:59:59,0,0,WIE-1,"",0,,,0,1,WIE-1,81,218,,,,WIE-1,,,1.17,245,,,,,,WIE-1,,,,72,,WIE-1,""
76,71,1,"0","",2018-09-28 18:10:42,1,2017-09-28 18:10:42,9999-12-31 23:59:59,0,0,Sanseal,"",1,,113,1,0,,72,,Cementing Blend,,1650.00,Sanseal,,1,3.04,,,,SanSeal,1,57,Sanseal,SanSeal,,1.03,63,,,"40"
77,72,1,"0","",2018-09-28 18:10:44,1,2017-09-28 18:10:44,9999-12-31 23:59:59,0,0,"0:1:0 'C'","",1,2,3,0,0,,83,,Cementing Blend,,1780.00,"0:1:0 'C'",,1,3.19,,2,,"0:1:0 'C'",1,3,"0:1:0 'C'","0:1:0 'C'","0:1:0 'C'",0.88,74,,,"03"
78,73,1,"0","",2018-09-28 18:10:44,1,2017-09-28 18:10:44,9999-12-31 23:59:59,0,0,"0:1:0 'G'","",1,3,4,0,0,,84,,Cementing Blend,,1901.00,"0:1:0 'G'",,1,3.19,,3,,"0:1:0 'G'",1,4,"0:1:0 'G'","0:1:0 'G'","0:1:0 'G'",0.76,75,,,"04"
79,74,1,"0","",2018-09-28 18:10:44,1,2017-09-28 18:10:44,9999-12-31 23:59:59,0,0,"0:1:12 'G'","",1,4,8,1,0,,85,,Cementing Blend,,1525.00,"0:1:12 'G'",,1,2.77,,4,,"0:1:12 'G'",1,8,"0:1:12 'G'","0:1:12 'G'","0:1:12 'G'",1.45,76,,,"04"
80,75,1,"0","",2018-09-28 18:10:44,1,2017-09-28 18:10:44,9999-12-31 23:59:59,0,0,"0:1:2 'G'","",1,5,5,0,0,,86,,Cementing Blend,,1796.00,"0:1:2 'G'",,1,3.11,,5,,"0:1:2 'G'",1,5,"0:1:2 'G'","0:1:2 'G'","0:1:2 'G'",0.88,77,,,"04"
81,76,1,"0","",2018-09-28 18:10:44,1,2017-09-28 18:10:44,9999-12-31 23:59:59,0,0,"0:1:4 'G'","",1,6,6,0,0,,87,,Cementing Blend,,1718.00,"0:1:4 'G'",,1,3.04,,6,,"0:1:4 'G'",1,6,"0:1:4 'G'","0:1:4 'G'","0:1:4 'G'",0.99,78,,,"04"
82,77,1,"0","",2018-09-28 18:10:44,1,2017-09-28 18:10:44,9999-12-31 23:59:59,0,0,"0:1:6 'G'","",1,7,186,1,0,,88,,Cementing Blend,,1666.00,"0:1:6 'G'",,1,2.96,,7,,"0:1:6 'G'",1,72,"0:1:6 'G'","0:1:6 'G'","0:1:6 'G'",1.09,79,,,"04"
83,78,1,"0","",2018-09-28 18:10:44,1,2017-09-28 18:10:44,9999-12-31 23:59:59,0,0,"0:1:8 'G'","",1,8,7,1,0,,89,,Cementing Blend,,1603.00,"0:1:8 'G'",,1,2.90,,8,,"0:1:8 'G'",1,7,"0:1:8 'G'","0:1:8 'G'","0:1:8 'G'",1.22,80,,,"04"
84,79,1,"0","",2018-09-28 18:10:44,1,2017-09-28 18:10:44,9999-12-31 23:59:59,0,0,"1:1:0 'G'","",1,9,56,0,0,,90,,Cementing Blend,,1720.00,"1:1:0 'G'",,1,2.66,,9,,"1:1:0 'G'",1,31,"1:1:0 'G'","1:1:0 'G'","1:1:0 'G'",0.87,81,,,"04"
85,80,1,"0","",2018-09-28 18:10:44,1,2017-09-28 18:10:44,9999-12-31 23:59:59,0,0,"1:1:0 'G' (Sask)","",1,10,187,0,0,,91,,Cementing Blend,,1720.00,"1:1:0 'G' (Sask)",,1,2.81,,10,,"1:1:0 'G' (Sask)",1,73,"1:1:0 'G' (Sask)","1:1:0 'G' (Sask)","1:1:0 'G' (Sask)",0.90,82,,,"04"
86,81,1,"0","",2018-09-28 18:10:44,1,2017-09-28 18:10:44,9999-12-31 23:59:59,0,0,"1:1:12 'G'","",1,11,12,1,0,,92,,Cementing Blend,,1446.00,"1:1:12 'G'",,1,2.37,,11,,"1:1:12 'G'",1,12,"1:1:12 'G'","1:1:12 'G'","1:1:12 'G'",1.56,83,,,"04"
87,82,1,"0","",2018-09-28 18:10:44,1,2017-09-28 18:10:44,9999-12-31 23:59:59,0,0,"1:1:12 'G' (Sask)","",1,12,188,1,0,,93,,Cementing Blend,,1446.00,"1:1:12 'G' (Sask)",,1,2.48,,12,,"1:1:12 'G' (Sask)",1,74,"1:1:12 'G' (Sask)","1:1:12 'G' (Sask)","1:1:12 'G' (Sask)",1.61,84,,,"04"
88,83,1,"0","",2018-09-28 18:10:44,1,2017-09-28 18:10:44,9999-12-31 23:59:59,0,0,"1:1:2 'G'","",1,13,57,0,0,,94,,Cementing Blend,,1646.00,"1:1:2 'G'",,1,2.61,,13,,"1:1:2 'G'",1,32,"1:1:2 'G'","1:1:2 'G'","1:1:2 'G'",0.99,85,,,"06"
89,84,1,"0","",2018-09-28 18:10:44,1,2017-09-28 18:10:44,9999-12-31 23:59:59,0,0,"1:1:2 'G' (Sask)","",1,14,189,0,0,,95,,Cementing Blend,,1646.00,"1:1:2 'G' (Sask)",,1,2.75,,14,,"1:1:2 'G' (Sask)",1,75,"1:1:2 'G' (Sask)","1:1:2 'G' (Sask)","1:1:2 'G' (Sask)",1.02,86,,,"06"
90,85,1,"0","",2018-09-28 18:10:44,1,2017-09-28 18:10:44,9999-12-31 23:59:59,0,0,"1:1:4 'G'","",1,15,9,0,0,,96,,Cementing Blend,,1590.00,"1:1:4 'G'",,1,2.56,,15,,"1:1:4 'G'",1,9,"1:1:4 'G'","1:1:4 'G'","1:1:4 'G'",1.10,87,,,"07"
91,86,1,"0","",2018-09-28 18:10:44,1,2017-09-28 18:10:44,9999-12-31 23:59:59,0,0,"1:1:4 'G' (Sask)","",1,16,190,0,0,,97,,Cementing Blend,,1590.00,"1:1:4 'G' (Sask)",,1,2.69,,16,,"1:1:4 'G' (Sask)",1,76,"1:1:4 'G' (Sask)","1:1:4 'G' (Sask)","1:1:4 'G' (Sask)",1.13,88,,,"07"
92,87,1,"0","",2018-09-28 18:10:44,1,2017-09-28 18:10:44,9999-12-31 23:59:59,0,0,"1:1:6 'G'","",1,17,10,0,0,,98,,Cementing Blend,,1552.00,"1:1:6 'G'",,1,2.51,,17,,"1:1:6 'G'",1,10,"1:1:6 'G'","1:1:6 'G'","1:1:6 'G'",1.20,89,,,"04"
93,88,1,"0","",2018-09-28 18:10:44,1,2017-09-28 18:10:44,9999-12-31 23:59:59,0,0,"1:1:6 'G' (Sask)","",1,18,191,0,0,,99,,Cementing Blend,,1552.00,"1:1:6 'G' (Sask)",,1,2.64,,18,,"1:1:6 'G' (Sask)",1,77,"1:1:6 'G' (Sask)","1:1:6 'G' (Sask)","1:1:6 'G' (Sask)",1.23,90,,,"04"
94,89,1,"0","",2018-09-28 18:10:44,1,2017-09-28 18:10:44,9999-12-31 23:59:59,0,0,"1:1:8 'G'","",1,19,11,1,0,,100,,Cementing Blend,,1505.00,"1:1:8 'G'",,1,2.46,,19,,"1:1:8 'G'",1,11,"1:1:8 'G'","1:1:8 'G'","1:1:8 'G'",1.33,91,,,"04"
95,90,1,"0","",2018-09-28 18:10:44,1,2017-09-28 18:10:44,9999-12-31 23:59:59,0,0,"1:1:8 'G' (Sask)","",1,20,192,1,0,,101,,Cementing Blend,,1505.00,"1:1:8 'G' (Sask)",,1,2.58,,20,,"1:1:8 'G' (Sask)",1,78,"1:1:8 'G' (Sask)","1:1:8 'G' (Sask)","1:1:8 'G' (Sask)",1.37,92,,,"04"
96,91,1,"0","",2018-09-28 18:10:44,1,2017-09-28 18:10:44,9999-12-31 23:59:59,0,0,"2:1:0 'G'","",1,21,13,0,0,,102,,Cementing Blend,,1649.00,"2:1:0 'G'",,1,2.47,,21,,"2:1:0 'G'",1,13,"2:1:0 'G'","2:1:0 'G'","2:1:0 'G'",0.92,93,,,"04"
97,92,1,"0","",2018-09-28 18:10:44,1,2017-09-28 18:10:44,9999-12-31 23:59:59,0,0,"2:1:0 'G' (Sask)","",1,22,193,0,0,,103,,Cementing Blend,,1649.00,"2:1:0 'G' (Sask)",,1,2.69,,22,,"2:1:0 'G' (Sask)",1,79,"2:1:0 'G' (Sask)","2:1:0 'G' (Sask)","2:1:0 'G' (Sask)",0.97,94,,,"04"
98,93,1,"0","",2018-09-28 18:10:44,1,2017-09-28 18:10:44,9999-12-31 23:59:59,0,0,"2:1:12 'G'","",1,23,14,1,0,,104,,Cementing Blend,,1413.00,"2:1:12 'G'",,1,2.21,,23,,"2:1:12 'G'",1,14,"2:1:12 'G'","2:1:12 'G'","2:1:12 'G'",1.62,95,,,"04"
99,94,1,"0","",2018-09-28 18:10:44,1,2017-09-28 18:10:44,9999-12-31 23:59:59,0,0,"2:1:12 'G' (Sask)","",1,24,194,1,0,,105,,Cementing Blend,,1413.00,"2:1:12 'G' (Sask)",,1,2.38,,24,,"2:1:12 'G' (Sask)",1,80,"2:1:12 'G' (Sask)","2:1:12 'G' (Sask)","2:1:12 'G' (Sask)",1.70,96,,,"04"
100,95,1,"0","",2018-09-28 18:10:44,1,2017-09-28 18:10:44,9999-12-31 23:59:59,0,0,"2:1:2 'G'","",1,25,195,0,0,,106,,Cementing Blend,,1586.00,"2:1:2 'G'",,1,2.42,,25,,"2:1:2 'G'",1,81,"2:1:2 'G'","2:1:2 'G'","2:1:2 'G'",1.04,97,,,"04"
101,96,1,"0","",2018-09-28 18:10:44,1,2017-09-28 18:10:44,9999-12-31 23:59:59,0,0,"2:1:2 'G' (Sask)","",1,26,196,0,0,,107,,Cementing Blend,,1586.00,"2:1:2 'G' (Sask)",,1,2.63,,26,,"2:1:2 'G' (Sask)",1,82,"2:1:2 'G' (Sask)","2:1:2 'G' (Sask)","2:1:2 'G' (Sask)",1.09,98,,,"04"
102,97,1,"0","",2018-09-28 18:10:44,1,2017-09-28 18:10:44,9999-12-31 23:59:59,0,0,"2:1:4 'G'","",1,27,197,1,0,,108,,Cementing Blend,,1538.00,"2:1:4 'G'",,1,2.37,,27,,"2:1:4 'G'",1,83,"2:1:4 'G'","2:1:4 'G'","2:1:4 'G'",1.15,99,,,"04"
103,98,1,"0","",2018-09-28 18:10:44,1,2017-09-28 18:10:44,9999-12-31 23:59:59,0,0,"2:1:4 'G' (Sask)","",1,28,198,1,0,,109,,Cementing Blend,,1538.00,"2:1:4 'G' (Sask)",,1,2.58,,28,,"2:1:4 'G' (Sask)",1,84,"2:1:4 'G' (Sask)","2:1:4 'G' (Sask)","2:1:4 'G' (Sask)",1.21,100,,,"04"
104,99,1,"0","",2018-09-28 18:10:44,1,2017-09-28 18:10:44,9999-12-31 23:59:59,0,0,"2:1:6 'G'","",1,29,199,1,0,,110,,Cementing Blend,,1494.00,"2:1:6 'G'",,1,2.33,,29,,"2:1:6 'G'",1,85,"2:1:6 'G'","2:1:6 'G'","2:1:6 'G'",1.28,101,,,"04"
105,100,1,"0","",2018-09-28 18:10:44,1,2017-09-28 18:10:44,9999-12-31 23:59:59,0,0,"2:1:6 'G' (Sask)","",1,30,200,1,0,,111,,Cementing Blend,,1494.00,"2:1:6 'G' (Sask)",,1,2.53,,30,,"2:1:6 'G' (Sask)",1,86,"2:1:6 'G' (Sask)","2:1:6 'G' (Sask)","2:1:6 'G' (Sask)",1.34,102,,,"04"
106,101,1,"0","",2018-09-28 18:10:44,1,2017-09-28 18:10:44,9999-12-31 23:59:59,0,0,"2:1:8 'G'","",1,31,201,1,0,,112,,Cementing Blend,,1464.00,"2:1:8 'G'",,1,2.29,,31,,"2:1:8 'G'",1,87,"2:1:8 'G'","2:1:8 'G'","2:1:8 'G'",1.39,103,,,"04"
107,102,1,"0","",2018-09-28 18:10:44,1,2017-09-28 18:10:44,9999-12-31 23:59:59,0,0,"2:1:8 'G' (Sask)","",1,32,202,1,0,,113,,Cementing Blend,,1464.00,"2:1:8 'G' (Sask)",,1,2.48,,32,,"2:1:8 'G' (Sask)",1,88,"2:1:8 'G' (Sask)","2:1:8 'G' (Sask)","2:1:8 'G' (Sask)",1.46,104,,,"04"
108,103,1,"0","",2018-09-28 18:10:44,1,2017-09-28 18:10:44,9999-12-31 23:59:59,0,0,ASC IV,"",1,33,115,0,0,,114,,Cementing Blend,,1750.00,ASC IV,,1,2.96,,33,,ASC IV,1,59,ASC IV Acid Soluble Cement,ASC IV,ASC IV,0.88,105,,,"04"
109,104,1,"0","",2018-09-28 18:10:44,1,2017-09-28 18:10:44,9999-12-31 23:59:59,0,0,Expandomix,"",1,34,16,0,0,,115,,Cementing Blend,,1770.00,Expandomix,,1,3.15,,34,,Expandomix,1,15,Expandomix,Expandomix,Expandomix,0.89,106,,,"30"
110,105,1,"0","",2018-09-28 18:10:44,1,2017-09-28 18:10:44,9999-12-31 23:59:59,0,0,EXPANDOmix PRO HT,"",1,35,254,0,0,,116,,Cementing Blend,,1600.00,EXPANDOmix PRO HT,,1,2.67,,35,,EXPANDOmix PRO HT,1,124,EXPANDOmix PRO HT,EXPANDOmix PRO HT,EXPANDOmix PRO HT,1.04,107,,,"4"
111,106,1,"0","",2018-09-28 18:10:44,1,2017-09-28 18:10:44,9999-12-31 23:59:59,0,0,EXPANDOmix PRO HT (Sask),"",1,36,259,0,0,,117,,Cementing Blend,,1600.00,EXPANDOmix PRO HT (Sask),,1,2.83,,36,,EXPANDOmix PRO HT (SK),1,129,EXPANDOmix PRO HT (Sask),EXPANDOmix PRO HT (SK),EXPANDOmix PRO HT (Sask),1.08,108,,,"4"
112,107,1,"0","",2018-09-28 18:10:44,1,2017-09-28 18:10:44,9999-12-31 23:59:59,0,0,EXPANDOmix PRO LT,"",1,37,253,0,0,,118,,Cementing Blend,,1600.00,EXPANDOmix PRO LT,,1,2.65,,37,,EXPANDOmix PRO LT,1,123,EXPANDOmix PRO LT,EXPANDOmix PRO LT,EXPANDOmix PRO LT,1.04,109,,,"4"
113,108,1,"0","",2018-09-28 18:10:44,1,2017-09-28 18:10:44,9999-12-31 23:59:59,0,0,EXPANDOmix PRO LT (Sask),"",1,38,260,0,0,,119,,Cementing Blend,,1600.00,EXPANDOmix PRO LT (Sask),,1,2.81,,38,,EXPANDOmix PRO LT (SK),1,130,EXPANDOmix PRO LT (Sask),EXPANDOmix PRO LT (SK),EXPANDOmix PRO LT (Sask),1.07,110,,,"4"
114,109,1,"0","",2018-09-28 18:10:44,1,2017-09-28 18:10:44,9999-12-31 23:59:59,0,0,Expandomix HT,"",1,39,17,0,0,,120,,Cementing Blend,,1780.00,Expandomix HT,,1,2.69,,39,,Expandomix HT,1,16,Expandomix HT,Expandomix HT,Expandomix HT,0.81,111,,,"30"
115,110,1,"0","",2018-09-28 18:10:44,1,2017-09-28 18:10:44,9999-12-31 23:59:59,0,0,Expandomix HT (SK),"",1,40,205,1,0,,121,,Cementing Blend,,1780.00,Expandomix HT (SK),,1,2.86,,40,,Expandomix HT (SK),1,89,Expandomix HT (SK),Expandomix HT (SK),Expandomix HT (SK),0.83,112,,,"31"
116,111,1,"0","",2018-09-28 18:10:44,1,2017-09-28 18:10:44,9999-12-31 23:59:59,0,0,Expandomix LWL,"",1,41,60,0,0,,122,,Cementing Blend,,1770.00,Expandomix LWL,,1,3.14,,41,,Expandomix LWL,1,35,Expandomix LWL,Expandomix LWL,Expandomix LWL,0.88,113,,,"04"
117,112,1,"0","",2018-09-28 18:10:44,1,2017-09-28 18:10:44,9999-12-31 23:59:59,0,0,Glacial Mix,"",1,42,19,0,0,,123,,Cementing Blend,,1850.00,Glacial Mix,,1,2.87,,42,,Glacial Mix,1,17,Glacial Mix,Glacial Mix,Glacial Mix,0.77,114,,,"04"
118,113,1,"0","",2018-09-28 18:10:44,1,2017-09-28 18:10:44,9999-12-31 23:59:59,0,0,iBond,"",1,43,93,1,0,,124,,Cementing Blend,,1780.00,iBond,,1,2.90,,43,,iBond,1,52,iBond,iBond,iBond,0.84,115,,,"31"
119,114,1,"0","",2018-09-28 18:10:44,1,2017-09-28 18:10:44,9999-12-31 23:59:59,0,0,iGain (SK),"",1,44,206,0,0,,125,,Cementing Blend,,1500.00,iGain (SK),,1,2.77,,44,,iGain (SK),1,90,iGain (SK),iGain (SK),iGain (SK),1.28,116,,,"01"
120,115,1,"0","",2018-09-28 18:10:44,1,2017-09-28 18:10:44,9999-12-31 23:59:59,0,0,iGain (AB),"",1,45,91,0,0,,126,,Cementing Blend,,1500.00,iGain (AB),,1,2.65,,45,,iGain(AB),1,51,iGain(AB),iGain(AB),iGain (AB),1.25,117,,,"04"
121,116,1,"0","",2018-09-28 18:10:44,1,2017-09-28 18:10:44,9999-12-31 23:59:59,0,0,iPrime (AB),"",1,46,95,1,0,,127,,Cementing Blend,,1500.00,iPrime (AB),,1,2.66,,46,,iPrime (AB),1,53,iPrime (AB),iPrime (AB),iPrime (AB),1.25,118,,,"42"
122,117,1,"0","",2018-09-28 18:10:44,1,2017-09-28 18:10:44,9999-12-31 23:59:59,0,0,iPrime (SK),"",1,47,207,1,0,,128,,Cementing Blend,,1500.00,iPrime (SK),,1,2.77,,47,,iPrime (SK),1,91,iPrime (SK),iPrime (SK),iPrime (SK),1.28,119,,,"42"
123,118,1,"0","",2018-09-28 18:10:44,1,2017-09-28 18:10:44,9999-12-31 23:59:59,0,0,LCS 1600,"",1,48,123,1,0,,129,,Cementing Blend,,1600.00,LCS 1600,,1,2.50,,48,,LCS 1600,1,60,LCS 1600,LCS 1600,LCS 1600,1.00,120,,,"31"
124,119,1,"0","",2018-09-28 18:10:44,1,2017-09-28 18:10:44,9999-12-31 23:59:59,0,0,LCS 1820,"",1,49,108,1,0,,130,,Cementing Blend,,1820.00,LCS 1820,,1,3.10,,49,,LCS 1820,1,54,LCS 1820,LCS 1820,LCS 1820,0.83,121,,,"31"
125,120,1,"0","",2018-09-28 18:10:44,1,2017-09-28 18:10:44,9999-12-31 23:59:59,0,0,LITEmix 1325 (AB),"",1,50,209,0,0,,131,,Cementing Blend,,1325.00,LITEmix 1325 (AB),,1,2.58,,50,,LITEmix 1325 (AB),1,92,LITEmix 1325 (AB),LITEmix 1325 (AB),LITEmix 1325 (AB),1.88,122,,,"42"
126,121,1,"0","",2018-09-28 18:10:44,1,2017-09-28 18:10:44,9999-12-31 23:59:59,0,0,LITEmix 1325 (SK),"",1,51,210,0,0,,132,,Cementing Blend,,1325.00,LITEmix 1325 (SK),,1,2.70,,51,,LITEmix 1325 (SK),1,93,LITEmix 1325 (SK),LITEmix 1325 (SK),LITEmix 1325 (SK),1.94,123,,,"42"
127,122,1,"0","",2018-09-28 18:10:44,1,2017-09-28 18:10:44,9999-12-31 23:59:59,0,0,LITEmix 1400 (AB),"",1,52,211,0,0,,133,,Cementing Blend,,1400.00,LITEmix 1400 (AB),,1,2.58,,52,,LITEmix 1400 (AB),1,94,LITEmix 1400 (AB),LITEmix 1400 (AB),LITEmix 1400 (AB),1.53,124,,,"42"
128,123,1,"0","",2018-09-28 18:10:44,1,2017-09-28 18:10:44,9999-12-31 23:59:59,0,0,LITEmix 1400 (SK),"",1,53,212,0,0,,134,,Cementing Blend,,1400.00,LITEmix 1400 (SK),,1,2.72,,53,,LITEmix 1400 (SK),1,95,LITEmix 1400 (SK),LITEmix 1400 (SK),LITEmix 1400 (SK),1.58,125,,,"42"
129,124,1,"0","",2018-09-28 18:10:44,1,2017-09-28 18:10:44,9999-12-31 23:59:59,0,0,LITEmix EC,"",1,54,261,0,0,,135,,Cementing Blend,,1500.00,LITEmix EC,,1,3.19,,54,,LITEmix EC,1,131,LITEmix EC,LITEmix EC,LITEmix EC,1.37,126,,,"42"
130,125,1,"0","",2018-09-28 18:10:44,1,2017-09-28 18:10:44,9999-12-31 23:59:59,0,0,PRODUCTIONmix 1500 PRO ,"",1,55,213,0,0,,136,,Cementing Blend,,1500.00,PRODUCTIONmix 1500 PRO ,,1,2.70,,55,,PRODUCTIONmix 1500 PRO,1,96,PRODUCTIONmix 1500 PRO ,PRODUCTIONmix 1500 PRO,PRODUCTIONmix 1500 PRO ,1.26,127,,,"42"
131,126,1,"0","",2018-09-28 18:10:44,1,2017-09-28 18:10:44,9999-12-31 23:59:59,0,0,PRODUCTIONmix 1600,"",1,56,214,0,0,,137,,Cementing Blend,,1600.00,PRODUCTIONmix 1600,,1,2.65,,56,,PRODUCTIONmix 1600,1,97,PRODUCTIONmix 1600,PRODUCTIONmix 1600,PRODUCTIONmix 1600,1.04,128,,,"42"
132,127,1,"0","",2018-09-28 18:10:44,1,2017-09-28 18:10:44,9999-12-31 23:59:59,0,0,PRODUCTIONmix 1600 (SK),"",1,57,215,0,0,,138,,Cementing Blend,,1600.00,PRODUCTIONmix 1600 (SK),,1,2.76,,57,,PRODUCTIONmix 1600 (SK),1,98,PRODUCTIONmix 1600 (SK),PRODUCTIONmix 1600 (SK),PRODUCTIONmix 1600 (SK),1.06,129,,,"42"
133,128,1,"0","",2018-09-28 18:10:44,1,2017-09-28 18:10:44,9999-12-31 23:59:59,0,0,PRODUCTIONmix 1725,"",1,58,216,0,0,,139,,Cementing Blend,,1725.00,PRODUCTIONmix 1725,,1,3.14,,58,,PRODUCTIONmix 1725,1,99,PRODUCTIONmix 1725,PRODUCTIONmix 1725,PRODUCTIONmix 1725,0.94,130,,,"31"
134,129,1,"0","",2018-09-28 18:10:44,1,2017-09-28 18:10:44,9999-12-31 23:59:59,0,0,PRODUCTIONmix EC,"",1,59,256,0,0,,140,,Cementing Blend,,1640.00,PRODUCTIONmix EC,,1,2.62,,59,,PRODUCTIONmix EC,1,126,PRODUCTIONmix EC,PRODUCTIONmix EC,PRODUCTIONmix EC,0.97,131,,,"3"
135,130,1,"0","",2018-09-28 18:10:44,1,2017-09-28 18:10:44,9999-12-31 23:59:59,0,0,PRODUCTIONmix EC (Sask),"",1,60,262,0,0,,141,,Cementing Blend,,1640.00,PRODUCTIONmix EC (Sask),,1,2.82,,60,,PRODUCTIONmix EC (SK),1,132,PRODUCTIONmix EC (Sask),PRODUCTIONmix EC (SK),PRODUCTIONmix EC (Sask),1.01,132,,,"3"
136,131,1,"0","",2018-09-28 18:10:44,1,2017-09-28 18:10:44,9999-12-31 23:59:59,0,0,PRODUCTIONmix LW,"",1,61,255,1,0,,142,,Cementing Blend,,1500.00,PRODUCTIONmix LW,,1,2.71,,61,,PRODUCTIONmix LW,1,125,PRODUCTIONmix LW,PRODUCTIONmix LW,PRODUCTIONmix LW,1.26,133,,,"31"
137,132,1,"0","",2018-09-28 18:10:44,1,2017-09-28 18:10:44,9999-12-31 23:59:59,0,0,PRODUCTIONmix LW (Sask),"",1,62,263,1,0,,143,,Cementing Blend,,1500.00,PRODUCTIONmix LW (Sask),,1,2.87,,62,,PRODUCTIONmix LW (SK),1,133,PRODUCTIONmix LW (Sask),PRODUCTIONmix LW (SK),PRODUCTIONmix LW (Sask),1.30,134,,,"31"
138,133,1,"0","",2018-09-28 18:10:44,1,2017-09-28 18:10:44,9999-12-31 23:59:59,0,0,PRODUCTIONmix THX ,"",1,63,218,1,0,,144,,Cementing Blend,,1550.00,PRODUCTIONmix THX ,,1,2.68,,63,,PRODUCTIONmix THX,1,101,PRODUCTIONmix THX ,PRODUCTIONmix THX,PRODUCTIONmix THX ,1.14,135,,,"4"
139,134,1,"0","",2018-09-28 18:10:44,1,2017-09-28 18:10:44,9999-12-31 23:59:59,0,0,Proteus Core,"",1,64,111,1,0,,145,,Cementing Blend,,1700.00,Proteus Core,,1,2.84,,64,,Proteus Core,1,56,Proteus Core,Proteus Core,Proteus Core,0.93,136,,,"31"
140,135,1,"0","",2018-09-28 18:10:45,1,2017-09-28 18:10:45,9999-12-31 23:59:59,0,0,Proteus LCS,"",1,65,141,0,0,,146,,Cementing Blend,,1750.00,Proteus LCS,,1,2.84,,65,,Proteus LCS,1,61,Proteus LCS,Proteus LCS,Proteus LCS,0.86,137,,,"30"
141,136,1,"0","",2018-09-28 18:10:45,1,2017-09-28 18:10:45,9999-12-31 23:59:59,0,0,Proteus Pro,"",1,66,110,0,0,,147,,Cementing Blend,,1725.00,Proteus Pro,,1,2.84,,66,,Proteus Pro,1,55,Proteus Pro,Proteus Pro,Proteus Pro,0.89,138,,,"30"
142,137,1,"0","",2018-09-28 18:10:45,1,2017-09-28 18:10:45,9999-12-31 23:59:59,0,0,RAS II,"",1,67,48,0,0,,148,,Cementing Blend,,1740.00,RAS II,,1,2.86,,67,,RAS II,1,24,RAS II,RAS II,RAS II,0.88,139,,,"30"
143,138,1,"0","",2018-09-28 18:10:45,1,2017-09-28 18:10:45,9999-12-31 23:59:59,0,0,SURFACEmix LW PRO + Additives,"",0,92,,0,0,,173,,,,,SURFACEmix LW PRO + Additives,,,,,91,,,,,SURFACEmix LW PRO  + Additives,,SURFACEmix LW PRO + Additives,,162,,,""
144,139,1,"0","",2018-09-28 18:10:45,1,2017-09-28 18:10:45,9999-12-31 23:59:59,0,0,SanSeal HT,"",1,69,114,1,0,,150,,Cementing Blend,,1500.00,SanSeal HT,,1,2.87,,69,,SanSeal HT,1,58,SanSeal HT,SanSeal HT,SanSeal HT,1.30,140,,,"30"
145,140,1,"0","",2018-09-28 18:10:45,1,2017-09-28 18:10:45,9999-12-31 23:59:59,0,0,SSi,"",1,70,62,1,0,,151,,Cementing Blend,,1750.00,SSi,,1,2.92,,70,,SSi,1,36,SSi,SSi,SSi,0.88,141,,,"31"
146,141,1,"0","",2018-09-28 18:10:45,1,2017-09-28 18:10:45,9999-12-31 23:59:59,0,0,Superlite 13,"",1,71,42,1,0,,152,,Cementing Blend,,1300.00,Superlite 13,,1,1.79,,71,,Superlite 13,1,22,Superlite 13,Superlite 13,Superlite 13,1.48,142,,,"42"
147,142,1,"0","",2018-09-28 18:10:45,1,2017-09-28 18:10:45,9999-12-31 23:59:59,0,0,Superlite 13 (CDM-5),"",1,72,225,1,0,,153,,Cementing Blend,,1300.00,Superlite 13 (CDM-5),,1,1.80,,72,,Superlite 13 (CDM-5),1,102,Superlite 13 (CDM-5),Superlite 13 (CDM-5),Superlite 13 (CDM-5),1.48,143,,,"01"
148,143,1,"0","",2018-09-28 18:10:45,1,2017-09-28 18:10:45,9999-12-31 23:59:59,0,0,SUPERLITEmix PRO HT ,"",1,73,264,0,0,,154,,Cementing Blend,,1200.00,SUPERLITEmix PRO HT ,,1,1.48,,73,,SUPERLITEmix PRO HT,1,134,SUPERLITEmix PRO HT ,SUPERLITEmix PRO HT,SUPERLITEmix PRO HT ,1.62,144,,,"42"
149,144,1,"0","",2018-09-28 18:10:45,1,2017-09-28 18:10:45,9999-12-31 23:59:59,0,0,SUPERLITEmix PRO ,"",1,74,229,0,0,,155,,Cementing Blend,,1175.00,SUPERLITEmix PRO ,,1,1.42,,74,,SUPERLITEmix PRO,1,106,SUPERLITEmix PRO ,SUPERLITEmix PRO,SUPERLITEmix PRO ,1.70,145,,,"42"
150,145,1,"0","",2018-09-28 18:10:45,1,2017-09-28 18:10:45,9999-12-31 23:59:59,0,0,SURFACEmix LW (SK) ,"",1,75,231,0,0,,156,,Cementing Blend,,1600.00,SURFACEmix LW (SK) ,,1,2.76,,75,,SURFACEmix LW (SK),1,108,SURFACEmix LW (SK) ,SURFACEmix LW (SK),SURFACEmix LW (SK) ,1.06,146,,,"42"
151,146,1,"0","",2018-09-28 18:10:45,1,2017-09-28 18:10:45,9999-12-31 23:59:59,0,0,SURFACEmix LW PRO,"",1,76,232,1,0,,157,,Cementing Blend,,1550.00,SURFACEmix LW PRO ,,1,2.71,,76,,SURFACEmix LW PRO,1,109,SURFACEmix LW PRO ,SURFACEmix LW PRO,SURFACEmix LW PRO,1.15,147,,,"31"
152,147,1,"0","",2018-09-28 18:10:45,1,2017-09-28 18:10:45,9999-12-31 23:59:59,0,0,SURFACEmix LW PRO (SK) ,"",1,77,233,1,0,,158,,Cementing Blend,,1550.00,SURFACEmix LW PRO (SK) ,,1,2.87,,77,,SURFACEmix LW PRO (SK),1,110,SURFACEmix LW PRO (SK) ,SURFACEmix LW PRO (SK),SURFACEmix LW PRO (SK) ,1.18,148,,,"31"
153,148,1,"0","",2018-09-28 18:10:45,1,2017-09-28 18:10:45,9999-12-31 23:59:59,0,0,SURFACEmix PRO,"",1,78,234,1,0,,159,,Cementing Blend,,1700.00,SURFACEmix PRO,,1,3.19,,78,,SURFACEmix PRO,1,111,SURFACEmix PRO,SURFACEmix PRO,SURFACEmix PRO,0.98,149,,,"31"
154,149,1,"0","",2018-09-28 18:10:45,1,2017-09-28 18:10:45,9999-12-31 23:59:59,0,0,SURFACEmix PRO SL,"",1,79,235,1,0,,160,,Cementing Blend,,1700.00,SURFACEmix PRO SL,,1,2.95,,79,,SURFACEmix PRO SL,1,112,SURFACEmix PRO SL,SURFACEmix PRO SL,SURFACEmix PRO SL,0.94,150,,,"31"
155,150,1,"0","",2018-09-28 18:10:45,1,2017-09-28 18:10:45,9999-12-31 23:59:59,0,0,SURFACEmix SLW,"",1,80,142,1,0,,161,,Cementing Blend,,1200.00,SURFACEmix SLW,,1,1.40,,80,,SURFACEmix SLW,1,62,SURFACEmix SLW,SURFACEmix SLW,SURFACEmix SLW,1.44,151,,,"31"
156,151,1,"0","",2018-09-28 18:10:45,1,2017-09-28 18:10:45,9999-12-31 23:59:59,0,0,SurfLite (SK) ,"",1,81,237,0,0,,162,,Cementing Blend,,1730.00,SurfLite (SK) ,,1,2.89,,81,,SurfLite (SK),1,113,SurfLite (SK) ,SurfLite (SK),SurfLite (SK) ,0.90,152,,,"03"
157,152,1,"0","",2018-09-28 18:10:45,1,2017-09-28 18:10:45,9999-12-31 23:59:59,0,0,Thermal 40,"",1,82,26,1,0,,163,,Cementing Blend,,1885.00,Thermal 40,,1,3.01,,82,,Thermal 40,1,19,Thermal 40,Thermal 40,Thermal 40,0.75,153,,,"04"
158,153,1,"0","",2018-09-28 18:10:45,1,2017-09-28 18:10:45,9999-12-31 23:59:59,0,0,Thermal 40 EXP,"",1,83,28,1,0,,164,,Cementing Blend,,1820.00,Thermal 40 EXP,,1,3.00,,83,,Thermal 40 EXP,1,20,Thermal 40 EXP,Thermal 40 EXP,Thermal 40 EXP,0.81,154,,,"04"
159,154,1,"0","",2018-09-28 18:10:45,1,2017-09-28 18:10:45,9999-12-31 23:59:59,0,0,THERMAmix EC,"",1,84,143,1,0,,165,,Cementing Blend,,1750.00,THERMAmix EC,,1,2.65,,84,,THERMAmix EC,1,63,THERMAmix EC,THERMAmix EC,THERMAmix EC,0.83,155,,,"30"
160,155,1,"0","",2018-09-28 18:10:45,1,2017-09-28 18:10:45,9999-12-31 23:59:59,0,0,THERMAmix LT,"",1,85,240,1,0,,166,,Cementing Blend,,1840.00,THERMAmix LT,,1,2.88,,85,,THERMAmix LT,1,114,THERMAmix LT,THERMAmix LT,THERMAmix LT,0.78,156,,,"30"
162,156,1,"0","",2018-09-28 18:10:45,1,2017-09-28 18:10:45,9999-12-31 23:59:59,0,0,ThixLite HT (AB) ,"",1,87,21,0,0,,168,,Cementing Blend,,1500.00,ThixLite HT (AB) ,,1,2.66,,86,,ThixLite HT (AB),1,18,ThixLite HT (AB) ,ThixLite HT (AB),ThixLite HT (AB) ,1.25,157,,,"30"
163,157,1,"0","",2018-09-28 18:10:45,1,2017-09-28 18:10:45,9999-12-31 23:59:59,0,0,ThixLite HT (SK) ,"",1,88,242,0,0,,169,,Cementing Blend,,1500.00,ThixLite HT (SK) ,,1,2.81,,87,,ThixLite HT (SK),1,115,ThixLite HT (SK) ,ThixLite HT (SK),ThixLite HT (SK) ,1.29,158,,,"36"
164,158,1,"0","",2018-09-28 18:10:45,1,2017-09-28 18:10:45,9999-12-31 23:59:59,0,0,SURFACEmix LW PRO SL,"",1,89,243,1,0,,170,,Cementing Blend,,1550.00,SURFACEmix LW PRO SL,,1,2.63,,88,,SURFACEmix LW PRO SL,1,116,SURFACEmix LW PRO SL,SURFACEmix LW PRO SL,SURFACEmix LW PRO SL,1.13,159,,,"3"
165,159,1,"0","",2018-09-28 18:10:45,1,2017-09-28 18:10:45,9999-12-31 23:59:59,0,0,LDP-C-0117,"",1,90,244,0,0,,171,,Cementing Blend,,1200.00,LDP-C-0117,,1,1.38,,89,,LDP-C-0117,1,117,LDP-C-0117,LDP-C-0117,LDP-C-0117,1.38,160,,,TBD
166,160,1,"0","",2018-09-28 18:10:45,1,2017-09-28 18:10:45,9999-12-31 23:59:59,0,0,SUPERLITEmix 1160,"",1,91,226,1,0,,172,,Cementing Blend,,1160.00,SUPERLITEmix 1160,,1,1.52,,90,,SUPERLITEmix 1160,1,103,SUPERLITEmix 1160,SUPERLITEmix 1160,SUPERLITEmix 1160,2.14,161,,,"42"
167,161,1,"0","",2018-09-28 18:10:45,1,2017-09-28 18:10:45,9999-12-31 23:59:59,0,0,"0:1:0 'A' + Additives","",0,93,,0,0,,263,,,,,"0:1:0 'A' + Additives",,,,,92,,,,,"0:1:0 'A' + Additives",,"0:1:0 'A' + Additives",,251,,,""
168,162,1,"0","",2018-09-28 18:10:45,1,2017-09-28 18:10:45,9999-12-31 23:59:59,0,0,"0:1:0 'C' + Additives","",0,94,,0,0,,174,,,,,"0:1:0 'C' + Additives",,,,,93,,,,,"0:1:0 'C' + Additives",,"0:1:0 'C' + Additives",,163,,,""
169,163,1,"0","",2018-09-28 18:10:45,1,2017-09-28 18:10:45,9999-12-31 23:59:59,0,0,"0:1:0 'G' + Additives","",0,95,,0,0,,175,,,,,"0:1:0 'G' + Additives",,,,,94,,,,,"0:1:0 'G' + Additives",,"0:1:0 'G' + Additives",,164,,,""
170,164,1,"0","",2018-09-28 18:10:45,1,2017-09-28 18:10:45,9999-12-31 23:59:59,0,0,"0:1:12 'G' + Additives","",0,96,,0,0,,176,,,,,"0:1:12 'G' + Additives",,,,,95,,,,,"0:1:12 'G' + Additives",,"0:1:12 'G' + Additives",,165,,,""
171,165,1,"0","",2018-09-28 18:10:45,1,2017-09-28 18:10:45,9999-12-31 23:59:59,0,0,"0:1:2 'G' + Additives","",0,97,,0,0,,177,,,,,"0:1:2 'G' + Additives",,,,,96,,,,,"0:1:2 'G' + Additives",,"0:1:2 'G' + Additives",,166,,,""
172,166,1,"0","",2018-09-28 18:10:45,1,2017-09-28 18:10:45,9999-12-31 23:59:59,0,0,"0:1:4 'G' + Additives","",0,98,,0,0,,178,,,,,"0:1:4 'G' + Additives",,,,,97,,,,,"0:1:4 'G' + Additives",,"0:1:4 'G' + Additives",,167,,,""
173,167,1,"0","",2018-09-28 18:10:45,1,2017-09-28 18:10:45,9999-12-31 23:59:59,0,0,"0:1:6 'G' + Additives","",0,99,,0,0,,179,,,,,"0:1:6 'G' + Additives",,,,,98,,,,,"0:1:6 'G' + Additives",,"0:1:6 'G' + Additives",,168,,,""
174,168,1,"0","",2018-09-28 18:10:45,1,2017-09-28 18:10:45,9999-12-31 23:59:59,0,0,"0:1:8 'G' + Additives","",0,100,,0,0,,180,,,,,"0:1:8 'G' + Additives",,,,,99,,,,,"0:1:8 'G' + Additives",,"0:1:8 'G' + Additives",,169,,,""
175,169,1,"0","",2018-09-28 18:10:45,1,2017-09-28 18:10:45,9999-12-31 23:59:59,0,0,"1:1:0 'G' + Additives","",0,101,,0,0,,181,,,,,"1:1:0 'G' + Additives",,,,,100,,,,,"1:1:0 'G' + Additives",,"1:1:0 'G' + Additives",,170,,,""
176,170,1,"0","",2018-09-28 18:10:45,1,2017-09-28 18:10:45,9999-12-31 23:59:59,0,0,"1:1:12 'G' + Additives","",0,102,,0,0,,182,,,,,"1:1:12 'G' + Additives",,,,,101,,,,,"1:1:12 'G' + Additives",,"1:1:12 'G' + Additives",,171,,,""
177,171,1,"0","",2018-09-28 18:10:45,1,2017-09-28 18:10:45,9999-12-31 23:59:59,0,0,"1:1:2 'G' + Additives","",0,103,,0,0,,183,,,,,"1:1:2 'G' + Additives",,,,,102,,,,,"1:1:2 'G' + Additives",,"1:1:2 'G' + Additives",,172,,,""
178,172,1,"0","",2018-09-28 18:10:45,1,2017-09-28 18:10:45,9999-12-31 23:59:59,0,0,"1:1:4 'G' + Additives","",0,104,,0,0,,184,,,,,"1:1:4 'G' + Additives",,,,,103,,,,,"1:1:4 'G' + Additives",,"1:1:4 'G' + Additives",,173,,,""
179,173,1,"0","",2018-09-28 18:10:45,1,2017-09-28 18:10:45,9999-12-31 23:59:59,0,0,"1:1:6 'G' + Additives","",0,105,,0,0,,185,,,,,"1:1:6 'G' + Additives",,,,,104,,,,,"1:1:6 'G' + Additives",,"1:1:6 'G' + Additives",,174,,,""
180,174,1,"0","",2018-09-28 18:10:45,1,2017-09-28 18:10:45,9999-12-31 23:59:59,0,0,"1:1:8 'G' + Additives","",0,106,,0,0,,186,,,,,"1:1:8 'G' + Additives",,,,,105,,,,,"1:1:8 'G' + Additives",,"1:1:8 'G' + Additives",,175,,,""
181,175,1,"0","",2018-09-28 18:10:45,1,2017-09-28 18:10:45,9999-12-31 23:59:59,0,0,"2:1:0 'G' + Additives","",0,107,,0,0,,187,,,,,"2:1:0 'G' + Additives",,,,,106,,,,,"2:1:0 'G' + Additives",,"2:1:0 'G' + Additives",,176,,,""
182,176,1,"0","",2018-09-28 18:10:45,1,2017-09-28 18:10:45,9999-12-31 23:59:59,0,0,"2:1:12 'G' + Additives","",0,108,,0,0,,188,,,,,"2:1:12 'G' + Additives",,,,,107,,,,,"2:1:12 'G' + Additives",,"2:1:12 'G' + Additives",,177,,,""
183,177,1,"0","",2018-09-28 18:10:45,1,2017-09-28 18:10:45,9999-12-31 23:59:59,0,0,"2:1:2 'G' + Additives","",0,109,,0,0,,189,,,,,"2:1:2 'G' + Additives",,,,,108,,,,,"2:1:2 'G' + Additives",,"2:1:2 'G' + Additives",,178,,,""
184,178,1,"0","",2018-09-28 18:10:45,1,2017-09-28 18:10:45,9999-12-31 23:59:59,0,0,"2:1:4 'G' + Additives","",0,110,,0,0,,190,,,,,"2:1:4 'G' + Additives",,,,,109,,,,,"2:1:4 'G' + Additives",,"2:1:4 'G' + Additives",,179,,,""
185,179,1,"0","",2018-09-28 18:10:45,1,2017-09-28 18:10:45,9999-12-31 23:59:59,0,0,"2:1:6 'G' + Additives","",0,111,,0,0,,191,,,,,"2:1:6 'G' + Additives",,,,,110,,,,,"2:1:6 'G' + Additives",,"2:1:6 'G' + Additives",,180,,,""
186,180,1,"0","",2018-09-28 18:10:45,1,2017-09-28 18:10:45,9999-12-31 23:59:59,0,0,"2:1:8 'G' + Additives","",0,112,,0,0,,192,,,,,"2:1:8 'G' + Additives",,,,,111,,,,,"2:1:8 'G' + Additives",,"2:1:8 'G' + Additives",,181,,,""
187,181,1,"0","",2018-09-28 18:10:45,1,2017-09-28 18:10:45,9999-12-31 23:59:59,0,0,"1:1:0 'G' (Sask) + Additives","",0,113,,0,0,,193,,,,,"1:1:0 'G' (Sask) + Additives",,,,,112,,,,,"1:1:0 'G' (Sask) + Additives",,"1:1:0 'G' (Sask) + Additives",,182,,,""
189,182,1,"0","",2018-09-28 18:10:45,1,2017-09-28 18:10:45,9999-12-31 23:59:59,0,0,"1:1:12 'G' (Sask) + Additives","",0,114,,0,0,,194,,,,,"1:1:12 'G' (Sask) + Additives",,,,,113,,,,,"1:1:12 'G' (Sask) + Additives",,"1:1:12 'G' (Sask) + Additives",,183,,,""
190,183,1,"0","",2018-09-28 18:10:45,1,2017-09-28 18:10:45,9999-12-31 23:59:59,0,0,"1:1:2 'G' (Sask) + Additives","",0,115,,0,0,,195,,,,,"1:1:2 'G' (Sask) + Additives",,,,,114,,,,,"1:1:2 'G' (Sask) + Additives",,"1:1:2 'G' (Sask) + Additives",,184,,,""
191,184,1,"0","",2018-09-28 18:10:45,1,2017-09-28 18:10:45,9999-12-31 23:59:59,0,0,"1:1:4 'G' (Sask) + Additives","",0,116,,0,0,,196,,,,,"1:1:4 'G' (Sask) + Additives",,,,,115,,,,,"1:1:4 'G' (Sask) + Additives",,"1:1:4 'G' (Sask) + Additives",,185,,,""
192,185,1,"0","",2018-09-28 18:10:45,1,2017-09-28 18:10:45,9999-12-31 23:59:59,0,0,"1:1:6 'G' (Sask) + Additives","",0,117,,0,0,,197,,,,,"1:1:6 'G' (Sask) + Additives",,,,,116,,,,,"1:1:6 'G' (Sask) + Additives",,"1:1:6 'G' (Sask) + Additives",,186,,,""
193,186,1,"0","",2018-09-28 18:10:45,1,2017-09-28 18:10:45,9999-12-31 23:59:59,0,0,"1:1:8 'G' (Sask) + Additives","",0,118,,0,0,,198,,,,,"1:1:8 'G' (Sask) + Additives",,,,,117,,,,,"1:1:8 'G' (Sask) + Additives",,"1:1:8 'G' (Sask) + Additives",,187,,,""
194,187,1,"0","",2018-09-28 18:10:45,1,2017-09-28 18:10:45,9999-12-31 23:59:59,0,0,"2:1:0 'G' (Sask) + Additives","",0,119,,0,0,,199,,,,,"2:1:0 'G' (Sask) + Additives",,,,,118,,,,,"2:1:0 'G' (Sask) + Additives",,"2:1:0 'G' (Sask) + Additives",,188,,,""
195,188,1,"0","",2018-09-28 18:10:45,1,2017-09-28 18:10:45,9999-12-31 23:59:59,0,0,"2:1:12 'G' (Sask) + Additives","",0,120,,0,0,,200,,,,,"2:1:12 'G' (Sask) + Additives",,,,,119,,,,,"2:1:12 'G' (Sask) + Additives",,"2:1:12 'G' (Sask) + Additives",,189,,,""
196,189,1,"0","",2018-09-28 18:10:45,1,2017-09-28 18:10:45,9999-12-31 23:59:59,0,0,"2:1:2 'G' (Sask) + Additives","",0,121,,0,0,,201,,,,,"2:1:2 'G' (Sask) + Additives",,,,,120,,,,,"2:1:2 'G' (Sask) + Additives",,"2:1:2 'G' (Sask) + Additives",,190,,,""
197,190,1,"0","",2018-09-28 18:10:46,1,2017-09-28 18:10:46,9999-12-31 23:59:59,0,0,"2:1:4 'G' (Sask) + Additives","",0,122,,0,0,,202,,,,,"2:1:4 'G' (Sask) + Additives",,,,,121,,,,,"2:1:4 'G' (Sask) + Additives",,"2:1:4 'G' (Sask) + Additives",,191,,,""
198,191,1,"0","",2018-09-28 18:10:46,1,2017-09-28 18:10:46,9999-12-31 23:59:59,0,0,"2:1:6 'G' (Sask) + Additives","",0,123,,0,0,,203,,,,,"2:1:6 'G' (Sask) + Additives",,,,,122,,,,,"2:1:6 'G' (Sask) + Additives",,"2:1:6 'G' (Sask) + Additives",,192,,,""
199,192,1,"0","",2018-09-28 18:10:46,1,2017-09-28 18:10:46,9999-12-31 23:59:59,0,0,"2:1:8 'G' (Sask) + Additives","",0,124,,0,0,,204,,,,,"2:1:8 'G' (Sask) + Additives",,,,,123,,,,,"2:1:8 'G' (Sask) + Additives",,"2:1:8 'G' (Sask) + Additives",,193,,,""
200,193,1,"0","",2018-09-28 18:10:46,1,2017-09-28 18:10:46,9999-12-31 23:59:59,0,0,Expandomix + Additives,"",0,125,,0,0,,205,,,,,Expandomix + Additives,,,,,124,,,,,Expandomix + Additives,,Expandomix + Additives,,194,,,""
201,194,1,"0","",2018-09-28 18:10:46,1,2017-09-28 18:10:46,9999-12-31 23:59:59,0,0,EXPANDOmix PRO HT + Additives,"",0,126,,0,0,,206,,,,,EXPANDOmix PRO HT + Additives,,,,,125,,,,,EXPANDOmix PRO HT + Additives,,EXPANDOmix PRO HT + Additives,,195,,,""
202,195,1,"0","",2018-09-28 18:10:46,1,2017-09-28 18:10:46,9999-12-31 23:59:59,0,0,EXPANDOmix PRO LT + Additives,"",0,127,,0,0,,207,,,,,EXPANDOmix PRO LT + Additives,,,,,126,,,,,EXPANDOmix PRO LT + Additives,,EXPANDOmix PRO LT + Additives,,196,,,""
203,196,1,"0","",2018-09-28 18:10:46,1,2017-09-28 18:10:46,9999-12-31 23:59:59,0,0,Expandomix HT + Additives,"",0,128,,0,0,,208,,,,,Expandomix HT + Additives,,,,,127,,,,,Expandomix HT + Additives,,Expandomix HT + Additives,,197,,,""
204,197,1,"0","",2018-09-28 18:10:46,1,2017-09-28 18:10:46,9999-12-31 23:59:59,0,0,Expandomix LWL + Additives,"",0,129,,0,0,,209,,,,,Expandomix LWL + Additives,,,,,128,,,,,Expandomix LWL + Additives,,Expandomix LWL + Additives,,198,,,""
205,198,1,"0","",2018-09-28 18:10:46,1,2017-09-28 18:10:46,9999-12-31 23:59:59,0,0,EXPANDOmix PRO HT (Sask) + Additives,"",0,130,,0,0,,210,,,,,EXPANDOmix PRO HT (Sask) + Additives,,,,,129,,,,,EXPANDOmix PRO HT (Sask) + Additives,,EXPANDOmix PRO HT (Sask) + Additives,,199,,,""
206,199,1,"0","",2018-09-28 18:10:46,1,2017-09-28 18:10:46,9999-12-31 23:59:59,0,0,EXPANDOmix PRO LT (Sask) + Additives,"",0,131,,0,0,,211,,,,,EXPANDOmix PRO LT (Sask) + Additives,,,,,130,,,,,EXPANDOmix PRO LT (Sask) + Additives,,EXPANDOmix PRO LT (Sask) + Additives,,200,,,""
207,200,1,"0","",2018-09-28 18:10:46,1,2017-09-28 18:10:46,9999-12-31 23:59:59,0,0,Expandomix HT (SK) + Additives,"",0,132,,0,0,,212,,,,,Expandomix HT (SK) + Additives,,,,,131,,,,,Expandomix HT (SK) + Additives,,Expandomix HT (SK) + Additives,,201,,,""
208,201,1,"0","",2018-09-28 18:10:46,1,2017-09-28 18:10:46,9999-12-31 23:59:59,0,0,Glacial Mix + Additives,"",0,133,,0,0,,213,,,,,Glacial Mix + Additives,,,,,132,,,,,Glacial Mix + Additives,,Glacial Mix + Additives,,202,,,""
209,202,1,"0","",2018-09-28 18:10:46,1,2017-09-28 18:10:46,9999-12-31 23:59:59,0,0,iBond + Additives,"",0,134,,0,0,,214,,,,,iBond + Additives,,,,,133,,,,,iBond + Additives,,iBond + Additives,,203,,,""
210,203,1,"0","",2018-09-28 18:10:46,1,2017-09-28 18:10:46,9999-12-31 23:59:59,0,0,ASC IV + Additives,"",0,135,,0,0,,215,,,,,ASC IV + Additives,,,,,134,,,,,ASC IV + Additives,,ASC IV + Additives,,204,,,""
211,204,1,"0","",2018-09-28 18:10:46,1,2017-09-28 18:10:46,9999-12-31 23:59:59,0,0,iGain (SK) + Additives,"",0,136,,0,0,,216,,,,,iGain (SK) + Additives,,,,,135,,,,,iGain (SK) + Additives,,iGain (SK) + Additives,,205,,,""
212,205,1,"0","",2018-09-28 18:10:46,1,2017-09-28 18:10:46,9999-12-31 23:59:59,0,0,iGain(AB) + Additives,"",0,137,,0,0,,217,,,,,iGain (AB) + Additives,,,,,136,,,,,iGain(AB) + Additives,,iGain (AB) + Additives,,206,,,""
213,206,1,"0","",2018-09-28 18:10:46,1,2017-09-28 18:10:46,9999-12-31 23:59:59,0,0,iPrime (AB) + Additives,"",0,138,,0,0,,218,,,,,iPrime (AB) + Additives,,,,,137,,,,,iPrime (AB) + Additives,,iPrime (AB) + Additives,,207,,,""
215,207,1,"0","",2018-09-28 18:10:46,1,2017-09-28 18:10:46,9999-12-31 23:59:59,0,0,iPrime (SK) + Additives,"",0,139,,0,0,,219,,,,,iPrime (SK) + Additives,,,,,138,,,,,iPrime (SK) + Additives,,iPrime (SK) + Additives,,208,,,""
216,208,1,"0","",2018-09-28 18:10:46,1,2017-09-28 18:10:46,9999-12-31 23:59:59,0,0,LCS 1600 + Additives,"",0,140,,0,0,,220,,,,,LCS 1600 + Additives,,,,,139,,,,,LCS 1600 + Additives,,LCS 1600 + Additives,,209,,,""
217,209,1,"0","",2018-09-28 18:10:46,1,2017-09-28 18:10:46,9999-12-31 23:59:59,0,0,LCS 1820 + Additives,"",0,141,,0,0,,221,,,,,LCS 1820 + Additives,,,,,140,,,,,LCS 1820 + Additives,,LCS 1820 + Additives,,210,,,""
218,210,1,"0","",2018-09-28 18:10:46,1,2017-09-28 18:10:46,9999-12-31 23:59:59,0,0,LITEmix 1325 (AB) + Additives,"",0,142,,0,0,,222,,,,,LITEmix 1325 (AB) + Additives,,,,,141,,,,,LITEmix 1325 (AB) + Additives,,LITEmix 1325 (AB) + Additives,,211,,,""
219,211,1,"0","",2018-09-28 18:10:46,1,2017-09-28 18:10:46,9999-12-31 23:59:59,0,0,LITEmix 1325 (SK) + Additives,"",0,143,,0,0,,223,,,,,LITEmix 1325 (SK) + Additives,,,,,142,,,,,LITEmix 1325 (SK) + Additives,,LITEmix 1325 (SK) + Additives,,212,,,""
220,212,1,"0","",2018-09-28 18:10:46,1,2017-09-28 18:10:46,9999-12-31 23:59:59,0,0,LITEmix 1400 (AB) + Additives,"",0,144,,0,0,,224,,,,,LITEmix 1400 (AB) + Additives,,,,,143,,,,,LITEmix 1400 (AB) + Additives,,LITEmix 1400 (AB) + Additives,,213,,,""
221,213,1,"0","",2018-09-28 18:10:46,1,2017-09-28 18:10:46,9999-12-31 23:59:59,0,0,LITEmix 1400 (SK) + Additives,"",0,145,,0,0,,225,,,,,LITEmix 1400 (SK) + Additives,,,,,144,,,,,LITEmix 1400 (SK) + Additives,,LITEmix 1400 (SK) + Additives,,214,,,""
222,214,1,"0","",2018-09-28 18:10:46,1,2017-09-28 18:10:46,9999-12-31 23:59:59,0,0,LITEmix EC + Additives,"",0,146,,0,0,,226,,,,,LITEmix EC + Additives,,,,,145,,,,,LITEmix EC + Additives,,LITEmix EC + Additives,,215,,,""
223,215,1,"0","",2018-09-28 18:10:46,1,2017-09-28 18:10:46,9999-12-31 23:59:59,0,0,PRODUCTIONmix 1500 PRO + Additives,"",0,147,,0,0,,227,,,,,PRODUCTIONmix 1500 PRO + Additives,,,,,146,,,,,PRODUCTIONmix 1500 PRO + Additives,,PRODUCTIONmix 1500 PRO + Additives,,216,,,""
224,216,1,"0","",2018-09-28 18:10:46,1,2017-09-28 18:10:46,9999-12-31 23:59:59,0,0,PRODUCTIONmix 1600 + Additives,"",0,148,,0,0,,228,,,,,PRODUCTIONmix 1600 + Additives,,,,,147,,,,,PRODUCTIONmix 1600 + Additives,,PRODUCTIONmix 1600 + Additives,,217,,,""
225,217,1,"0","",2018-09-28 18:10:46,1,2017-09-28 18:10:46,9999-12-31 23:59:59,0,0,PRODUCTIONmix 1600 (SK) + Additives,"",0,149,,0,0,,229,,,,,PRODUCTIONmix 1600 (SK) + Additives,,,,,148,,,,,PRODUCTIONmix 1600 (SK) + Additives,,PRODUCTIONmix 1600 (SK) + Additives,,218,,,""
226,218,1,"0","",2018-09-28 18:10:46,1,2017-09-28 18:10:46,9999-12-31 23:59:59,0,0,PRODUCTIONmix 1725 + Additives,"",0,150,,0,0,,230,,,,,PRODUCTIONmix 1725 + Additives,,,,,149,,,,,PRODUCTIONmix 1725 + Additives,,PRODUCTIONmix 1725 + Additives,,219,,,""
227,219,1,"0","",2018-09-28 18:10:46,1,2017-09-28 18:10:46,9999-12-31 23:59:59,0,0,Proteus Pro + Additives,"",0,158,,0,0,,231,,,,,Proteus Pro + Additives,,,,,157,,,,,Proteus Pro + Additives,,Proteus Pro + Additives,,220,,,""
228,220,1,"0","",2018-09-28 18:10:46,1,2017-09-28 18:10:46,9999-12-31 23:59:59,0,0,PRODUCTIONmix EC + Additives,"",0,151,,0,0,,232,,,,,PRODUCTIONmix LW + Additives,,,,,150,,,,,PRODUCTIONmix LW + Additives,,PRODUCTIONmix EC + Additives,,221,,,""
229,221,1,"0","",2018-09-28 18:10:46,1,2017-09-28 18:10:46,9999-12-31 23:59:59,0,0,PRODUCTIONmix EC (Sask) + Additives,"",0,152,,0,0,,233,,,,,PRODUCTIONmix EC (Sask) + Additives,,,,,151,,,,,PRODUCTIONmix EC (Sask) + Additives,,PRODUCTIONmix EC (Sask) + Additives,,222,,,""
230,222,1,"0","",2018-09-28 18:10:46,1,2017-09-28 18:10:46,9999-12-31 23:59:59,0,0,PRODUCTIONmix LW + Additives,"",0,153,,0,0,,234,,,,,PRODUCTIONmix LW + Additives,,,,,152,,,,,PRODUCTIONmix LW + Additives,,PRODUCTIONmix LW + Additives,,223,,,""
231,223,1,"0","",2018-09-28 18:10:46,1,2017-09-28 18:10:46,9999-12-31 23:59:59,0,0,PRODUCTIONmix LW (Sask) + Additives,"",0,154,,0,0,,235,,,,,PRODUCTIONmix LW (Sask) + Additives,,,,,153,,,,,PRODUCTIONmix LW (Sask) + Additives,,PRODUCTIONmix LW (Sask) + Additives,,224,,,""
232,224,1,"0","",2018-09-28 18:10:46,1,2017-09-28 18:10:46,9999-12-31 23:59:59,0,0,Proteus LCS + Additives,"",0,157,,0,0,,237,,,,,Proteus LCS + Additives,,,,,156,,,,,Proteus LCS + Additives,,Proteus LCS + Additives,,226,,,""
233,225,1,"0","",2018-09-28 18:10:46,1,2017-09-28 18:10:46,9999-12-31 23:59:59,0,0,Proteus Core + Additives,"",0,156,,0,0,,238,,,,,Proteus Core + Additives,,,,,155,,,,,Proteus Core + Additives,,Proteus Core + Additives,,227,,,""
234,226,1,"0","",2018-09-28 18:10:46,1,2017-09-28 18:10:46,9999-12-31 23:59:59,0,0,SanSeal + Additives,"",0,160,,0,0,,240,,,,,SanSeal + Additives,,,,,159,,,,,SanSeal + Additives,,SanSeal + Additives,,229,,,""
235,227,1,"0","",2018-09-28 18:10:46,1,2017-09-28 18:10:46,9999-12-31 23:59:59,0,0,SanSeal HT + Additives,"",0,161,,0,0,,241,,,,,SanSeal HT + Additives,,,,,160,,,,,SanSeal HT + Additives,,SanSeal HT + Additives,,230,,,""
236,228,1,"0","",2018-09-28 18:10:46,1,2017-09-28 18:10:46,9999-12-31 23:59:59,0,0,SSi + Additives,"",0,162,,0,0,,242,,,,,SSi + Additives,,,,,161,,,,,SSi + Additives,,SSi + Additives,,231,,,""
237,229,1,"0","",2018-09-28 18:10:46,1,2017-09-28 18:10:46,9999-12-31 23:59:59,0,0,Superlite 13 + Additives,"",0,163,,0,0,,243,,,,,Superlite 13 + Additives,,,,,162,,,,,Superlite 13 + Additives,,Superlite 13 + Additives,,232,,,""
238,230,1,"0","",2018-09-28 18:10:46,1,2017-09-28 18:10:46,9999-12-31 23:59:59,0,0,Superlite 13 (CDM-5) + Additives,"",0,164,,0,0,,244,,,,,Superlite 13 (CDM-5) + Additives,,,,,163,,,,,Superlite 13 (CDM-5) + Additives,,Superlite 13 (CDM-5) + Additives,,233,,,""
239,231,1,"0","",2018-09-28 18:10:46,1,2017-09-28 18:10:46,9999-12-31 23:59:59,0,0,SUPERLITEmix PRO HT + Additives,"",0,165,,0,0,,245,,,,,SUPERLITEmix PRO HT + Additives,,,,,164,,,,,SUPERLITEmix PRO HT + Additives,,SUPERLITEmix PRO HT + Additives,,234,,,""
240,232,1,"0","",2018-09-28 18:10:46,1,2017-09-28 18:10:46,9999-12-31 23:59:59,0,0,SUPERLITEmix PRO + Additives,"",0,166,,0,0,,246,,,,,SUPERLITEmix PRO + Additives,,,,,165,,,,,SUPERLITEmix PRO + Additives,,SUPERLITEmix PRO + Additives,,235,,,""
241,233,1,"0","",2018-09-28 18:10:46,1,2017-09-28 18:10:46,9999-12-31 23:59:59,0,0,SURFACEmix LW (SK) + Additives,"",0,167,,0,0,,247,,,,,SURFACEmix LW (SK) + Additives,,,,,166,,,,,SURFACEmix LW (SK) + Additives,,SURFACEmix LW (SK) + Additives,,236,,,""
242,234,1,"0","",2018-09-28 18:10:46,1,2017-09-28 18:10:46,9999-12-31 23:59:59,0,0,SURFACEmix LW PRO (SK) + Additives,"",0,168,,0,0,,248,,,,,SURFACEmix LW PRO (SK) + Additives,,,,,167,,,,,SURFACEmix LW PRO (SK) + Additives,,SURFACEmix LW PRO (SK) + Additives,,237,,,""
243,235,1,"0","",2018-09-28 18:10:46,1,2017-09-28 18:10:46,9999-12-31 23:59:59,0,0,SURFACEmix PRO + Additives,"",0,169,,0,0,,249,,,,,SURFACEmix PRO + Additives,,,,,168,,,,,SURFACEmix PRO + Additives,,SURFACEmix PRO + Additives,,238,,,""
244,236,1,"0","",2018-09-28 18:10:46,1,2017-09-28 18:10:46,9999-12-31 23:59:59,0,0,SURFACEmix PRO SL + Additives,"",0,170,,0,0,,250,,,,,SURFACEmix PRO SL + Additives,,,,,169,,,,,SURFACEmix PRO SL + Additives,,SURFACEmix PRO SL + Additives,,239,,,""
245,237,1,"0","",2018-09-28 18:10:46,1,2017-09-28 18:10:46,9999-12-31 23:59:59,0,0,SURFACEmix SLW + Additives,"",0,171,,0,0,,251,,,,,SURFACEmix SLW + Additives,,,,,170,,,,,SURFACEmix SLW + Additives,,SURFACEmix SLW + Additives,,240,,,""
246,238,1,"0","",2018-09-28 18:10:46,1,2017-09-28 18:10:46,9999-12-31 23:59:59,0,0,SurfLite (SK) + Additives,"",0,172,,0,0,,252,,,,,SurfLite (SK) + Additives,,,,,171,,,,,SurfLite (SK) + Additives,,SurfLite (SK) + Additives,,241,,,""
247,239,1,"0","",2018-09-28 18:10:46,1,2017-09-28 18:10:46,9999-12-31 23:59:59,0,0,Thermal 40 + Additives,"",0,173,,0,0,,253,,,,,Thermal 40 + Additives,,,,,172,,,,,Thermal 40 + Additives,,Thermal 40 + Additives,,242,,,""
248,240,1,"0","",2018-09-28 18:10:46,1,2017-09-28 18:10:46,9999-12-31 23:59:59,0,0,Thermal 40 EXP + Additives,"",0,174,,0,0,,254,,,,,Thermal 40 EXP + Additives,,,,,173,,,,,Thermal 40 EXP + Additives,,Thermal 40 EXP + Additives,,243,,,""
249,241,1,"0","",2018-09-28 18:10:46,1,2017-09-28 18:10:46,9999-12-31 23:59:59,0,0,THERMAmix EC + Additives,"",0,175,,0,0,,255,,,,,THERMAmix EC + Additives,,,,,174,,,,,THERMAmix EC + Additives,,THERMAmix EC + Additives,,244,,,""
250,242,1,"0","",2018-09-28 18:10:46,1,2017-09-28 18:10:46,9999-12-31 23:59:59,0,0,THERMAmix LT + Additives,"",0,176,,0,0,,256,,,,,THERMAmix LT + Additives,,,,,175,,,,,THERMAmix LT + Additives,,THERMAmix LT + Additives,,245,,,""
252,243,1,"0","",2018-09-28 18:10:46,1,2017-09-28 18:10:46,9999-12-31 23:59:59,0,0,ThixLite HT (AB) + Additives,"",0,178,,0,0,,258,,,,,ThixLite HT (AB) + Additives,,,,,176,,,,,ThixLite HT (AB) + Additives,,ThixLite HT (AB) + Additives,,246,,,""
253,244,1,"0","",2018-09-28 18:10:46,1,2017-09-28 18:10:46,9999-12-31 23:59:59,0,0,ThixLite HT (SK) + Additives,"",0,179,,0,0,,259,,,,,ThixLite HT (SK) + Additives,,,,,177,,,,,ThixLite HT (SK) + Additives,,ThixLite HT (SK) + Additives,,247,,,""
254,245,1,"0","",2018-09-28 18:10:46,1,2017-09-28 18:10:46,9999-12-31 23:59:59,0,0,SURFACEmix LW PRO SL + Additives,"",0,180,,0,0,,260,,,,,SURFACEmix LW PRO SL + Additives,,,,,178,,,,,SURFACEmix LW PRO SL + Additives,,SURFACEmix LW PRO SL + Additives,,248,,,""
255,246,1,"0","",2018-09-28 18:10:46,1,2017-09-28 18:10:46,9999-12-31 23:59:59,0,0,LDP-C-0117 + Additives,"",0,181,,0,0,,261,,,,,LDP-C-0117 + Additives,,,,,179,,,,,LDP-C-0117 + Additives,,LDP-C-0117 + Additives,,249,,,""
256,247,1,"0","",2018-09-28 18:10:47,1,2017-09-28 18:10:47,9999-12-31 23:59:59,0,0,SUPERLITEmix 1160 + Additives,"",0,182,,0,0,,262,,,,,SUPERLITEmix 1160 + Additives,,,,,180,,,,,SUPERLITEmix 1160 + Additives,,SUPERLITEmix 1160 + Additives,,250,,,""
257,248,1,"0","",2018-09-28 18:10:43,1,2017-09-28 18:10:43,9999-12-31 23:59:59,0,0,"0:1:0 'A'","",1,1,2,0,0,,82,,Cementing Blend,,1880.00,"0:1:0 'A'",,1,3.15,,1,,"0:1:0 'A'",1,2,"0:1:0 'A'","0:1:0 'A'","0:1:0 'A'",0.78,73,,,"01"
258,249,1,"0","",2018-09-28 18:10:46,1,2017-09-28 18:10:46,9999-12-31 23:59:59,0,0,PRODUCTIONmix THX + Additives,"",0,155,,0,0,,236,,,,,PRODUCTIONmix THX + Additives,,,,,154,,,,,PRODUCTIONmix THX + Additives,,PRODUCTIONmix THX + Additives,,225,,,""
259,250,1,"0","",2018-09-28 18:10:46,1,2017-09-28 18:10:46,9999-12-31 23:59:59,0,0,RAS II + Additives,"",0,159,,0,0,,239,,,,,RAS II + Additives,,,,,158,,,,,RAS II + Additives,,RAS II + Additives,,228,,,""
260,251,1,"0","",2018-09-28 18:10:43,1,2017-09-28 18:10:43,9999-12-31 23:59:59,0,0,Sil 1,"",0,,,0,0,,264,,,,,Sil 1,,,,,,,,,,Sil 1,,,,252,,,""
261,252,1,"0","",2018-09-28 18:10:43,1,2017-09-28 18:10:43,9999-12-31 23:59:59,0,0,Sil 4,"",0,,,0,0,,265,,,,,Sil 4,,,,,,,,,,Sil 4,,,,253,,,""
262,253,1,"0","",2018-09-28 18:10:47,1,2017-09-28 18:10:47,9999-12-31 23:59:59,0,0,SUPERLITEmix 1160x,"",1,184,265,1,0,,266,,Cementing Blend,,1160.00,SUPERLITEmix 1160x,,1,1.52,,182,,SUPERLITEmix 1160x,1,135,SUPERLITEmix 1160x,SUPERLITEmix 1160x,SUPERLITEmix 1160x,2.14,254,,,"42"
263,254,1,"0","",2018-09-28 18:10:47,1,2017-09-28 18:10:47,9999-12-31 23:59:59,0,0,SUPERLITEmix 1160x + Additives,"",0,185,,0,0,,267,,,,,SUPERLITEmix 1160x + Additives,,,,,183,,,,,SUPERLITEmix 1160x + Additives,,SUPERLITEmix 1160x + Additives,,255,,,""
264,255,1,"0","",2018-09-28 18:10:47,1,2017-09-28 18:10:47,9999-12-31 23:59:59,0,0,SUPERLITEmix 1100x,"",1,186,258,1,0,,268,,Cementing Blend,,1160.00,SUPERLITEmix 1100x,,1,1.52,,184,,SUPERLITEmix 1100X,1,128,SUPERLITEmix 1100x,SUPERLITEmix 1100X,SUPERLITEmix 1100x,2.14,256,,,"42"
265,256,1,"0","",2018-09-28 18:10:47,1,2017-09-28 18:10:47,9999-12-31 23:59:59,0,0,SUPERLITEmix 1100x + Additives,"",0,187,,0,0,,269,,,,,SUPERLITEmix 1100x + Additives,,,,,185,,,,,SUPERLITEmix 1100x + Additives,,SUPERLITEmix 1100x + Additives,,257,,,""
266,257,1,"0","",2018-09-28 18:10:47,1,2017-09-28 18:10:47,9999-12-31 23:59:59,0,0,LDP-C-0517,"",1,188,266,1,0,,270,,Cementing Blend,,1350.00,LDP-C-0517,,1,1.72,,186,,LDP-C-0517,1,136,LDP-C-0517 Thermal Lightweight Cement,LDP-C-0517,LDP-C-0517,1.20,258,,,"30"
267,258,1,"0","",2018-09-28 18:10:47,1,2017-09-28 18:10:47,9999-12-31 23:59:59,0,0,LDP-C-0517 + Additives,"",0,189,,0,0,,271,,,,,LDP-C-0517 + Additives,,,,,187,,,,,LDP-C-0517 Thermal Lightweight Cement  + Additives,,LDP-C-0517 + Additives,,259,,,""
268,259,1,"0","",2018-09-28 18:10:47,1,2017-09-28 18:10:47,9999-12-31 23:59:59,0,0,THERMAmix SLW,"",1,190,267,1,0,,272,,Cementing Blend,,1350.00,THERMAmix SLW,,1,1.78,,188,,THERMAmix SLW,1,137,THERMAmix SLW,THERMAmix SLW,THERMAmix SLW,1.25,260,,,"30"
269,260,1,"0","",2018-09-28 18:10:47,1,2017-09-28 18:10:47,9999-12-31 23:59:59,0,0,THERMAmix SLW + Additives,"",0,191,,0,0,,273,,,,,THERMAmix SLW + Additives,,,,,189,,,,,THERMAmix SLW + Additives,,THERMAmix SLW + Additives,,261,,,""
270,261,1,"0","",2018-09-28 18:10:47,1,2017-09-28 18:10:47,9999-12-31 23:59:59,0,0,THERMAmix PRO,"",1,192,268,1,0,,274,,Cementing Blend,,1700.00,THERMAmix PRO,,1,2.80,,190,,THERMAmix PRO,1,138,THERMAmix PRO,THERMAmix PRO,THERMAmix PRO,0.92,262,,,"30"
271,262,1,"0","",2018-09-28 18:10:47,1,2017-09-28 18:10:47,9999-12-31 23:59:59,0,0,THERMAmix PRO + Additives,"",0,193,,0,0,,275,,,,,THERMAmix PRO  + Additives,,,,,191,,,,,THERMAmix PRO  + Additives,,THERMAmix PRO + Additives,,263,,,""
272,263,1,"0","",2018-09-28 18:10:47,1,2017-09-28 18:10:47,9999-12-31 23:59:59,0,0,MCR-9L,"",0,,,0,1,MCR-9L,276,226,,,,MCR-9L,,,1.07,253,,,,,,MCR-9L,,,,264,,MCR-9L,""
273,264,1,"0","",2018-09-28 18:10:47,1,2017-09-28 18:10:47,9999-12-31 23:59:59,0,0,ECOmix,"",0,,,0,1,,277,,,,,ECOmix,,,1.00,,,,,,,ECOmix,,,,265,,,""
274,265,1,"0","",2018-09-28 18:10:47,1,2017-09-28 18:10:47,9999-12-31 23:59:59,0,0,SURFACEmix LW PRO SL (SK),"",1,194,269,1,0,,278,,Cementing Blend,,1550.00,SURFACEmix LW PRO SL (SK),,1,2.90,,192,,SURFACEmix LW PRO SL (SK),1,139,SURFACEmix LW PRO SL (SK),SURFACEmix LW PRO SL (SK),SURFACEmix LW PRO SL (SK),1.19,266,,,"3"
275,266,1,"0","",2018-09-28 18:10:47,1,2017-09-28 18:10:47,9999-12-31 23:59:59,0,0,SURFACEmix LW PRO SL (SK) + Additives,"",0,195,,0,0,,279,,,,,SURFACEmix LW PRO SL (SK) + Additives,,,,,193,,,,,SURFACEmix LW PRO SL (SK) + Additives,,SURFACEmix LW PRO SL (SK) + Additives,,267,,,""
276,267,1,"0","",2018-09-28 18:10:47,1,2017-09-28 18:10:47,9999-12-31 23:59:59,0,0,THERMAmix THX,"",1,196,257,1,0,,280,,Cementing Blend,,1840.00,THERMAmix THX,,1,2.90,,194,,THERMAmix THX,1,127,THERMAmix THX,THERMAmix THX,THERMAmix THX,0.78,268,,,"3"
277,268,1,"0","",2018-09-28 18:10:47,1,2017-09-28 18:10:47,9999-12-31 23:59:59,0,0,THERMAmix THX + Additives,"",0,197,,0,0,,281,,,,,THERMAmix THX + Additives,,,,,195,,,,,THERMAmix THX + Additives,,THERMAmix THX + Additives,,269,,,""
278,269,1,"0","",2018-09-28 18:10:47,1,2017-09-28 18:10:47,9999-12-31 23:59:59,0,0,SURFACEmix THX,"",1,198,270,0,0,,282,,Cementing Blend,,1725.00,SURFACEmix THX,,1,3.14,,196,,SURFACEmix THX,1,140,SURFACEmix THX,SURFACEmix THX,SURFACEmix THX,0.94,270,,,"31"
279,270,1,"0","",2018-09-28 18:10:47,1,2017-09-28 18:10:47,9999-12-31 23:59:59,0,0,SURFACEmix THX + Additives,"",0,199,,0,0,,283,,,,,SURFACEmix THX + Additives,,,,,197,,,,,SURFACEmix THX + Additives,,SURFACEmix THX + Additives,,271,,,""
280,271,1,"0","",2018-09-28 18:10:42,1,2017-09-28 18:10:42,9999-12-31 23:59:59,0,0,Silica Flour - 200 Mesh,"",0,,,0,1,Silica Flour - 325 Mesh,284,190,,,,Silica Flour - 325 Mesh,,,2.63,212,,,,,,Silica Flour  - 325 Mesh,,,,272,,Silica Flour - 325 Mesh,""
281,272,1,"0","",2018-09-28 18:10:47,1,2017-09-28 18:10:47,9999-12-31 23:59:59,0,0,SUPERLITEmix PRO X,"",1,200,271,0,0,,285,,Cementing Blend,,1200.00,SUPERLITEmix PRO X,,1,1.46,,198,,SUPERLITEmix PRO X,1,141,SUPERLITEmix PRO X,SUPERLITEmix PRO X,SUPERLITEmix PRO X,1.51,273,,,"42"
282,273,1,"0","",2018-09-28 18:10:47,1,2017-09-28 18:10:47,9999-12-31 23:59:59,0,0,SUPERLITEmix PRO X + Additives,"",0,201,,0,0,,286,,,,,SUPERLITEmix PRO X + Additives,,,,,199,,,,,SUPERLITEmix PRO X + Additives,,SUPERLITEmix PRO X + Additives,,274,,,""
284,274,1,"0","",2018-09-28 18:10:47,1,2017-09-28 18:10:47,9999-12-31 23:59:59,0,0,Visweep,"",1,216,53,0,0,,287,,Preflush/Spacer/Displacement,,,Visweep,,2,1.06,,214,,Visweep,2,28,Visweep,Visweep,Visweep,,275,,,""
285,275,1,"0","",2018-09-28 18:10:47,1,2017-09-28 18:10:47,9999-12-31 23:59:59,0,0,Water Wet Max,"",1,217,252,0,0,,288,,Preflush/Spacer/Displacement,,,Water Wet Max,,2,1.06,,215,,Water Wet Max,2,122,Water Wet Max,Water Wet Max,Water Wet Max,,276,,,""
286,276,1,"0","",2018-09-28 18:10:47,1,2017-09-28 18:10:47,9999-12-31 23:59:59,0,0,Invert Spacer,"",1,218,55,0,0,,289,,Preflush/Spacer/Displacement,,,Invert Spacer,,2,1.06,,216,,Invert Spacer,2,30,Invert Spacer,Invert Spacer,Invert Spacer,,277,,,""
287,277,1,"0","",2018-09-28 18:10:47,1,2017-09-28 18:10:47,9999-12-31 23:59:59,0,0,Mud Flush,"",1,219,249,0,0,,290,,Preflush/Spacer/Displacement,,,Mud Flush,,2,1.06,,217,,Mud Flush,2,120,Mud Flush,Mud Flush,Mud Flush,,278,,,""
288,278,1,"0","",2018-09-28 18:10:47,1,2017-09-28 18:10:47,9999-12-31 23:59:59,0,0,Indicator Dye,"",1,,248,0,0,Indicator Dye,291,55,Preflush/Spacer/Displacement,,,Indicator Dye,,2,1.06,68,,,Indicator Dye,2,119,Indicator Dye,Indicator Dye,,,279,,Indicator Dye,""
289,279,1,"0","",2018-09-28 18:10:47,1,2017-09-28 18:10:47,9999-12-31 23:59:59,0,0,Wellseal G,"",1,,272,0,0,,292,,Preflush/Spacer/Displacement,,,Wellseal G,,2,1.06,,,,,2,,Wellseal G,,,,280,,,""
290,280,1,"0","",2018-09-28 18:10:47,1,2017-09-28 18:10:47,9999-12-31 23:59:59,0,0,Wellseal,"",1,220,52,0,0,,293,,Preflush/Spacer/Displacement,,,Wellseal,,2,1.06,,218,,Wellseal,2,27,Wellseal,Wellseal,Wellseal,,281,,,""
291,281,1,"0","",2018-09-28 18:10:47,1,2017-09-28 18:10:47,9999-12-31 23:59:59,0,0,RP-20,"",1,221,251,0,0,,294,,Preflush/Spacer/Displacement,,,RP-20 Cement Preflush,,2,1.06,,219,,RP-20,2,121,RP-20 Cement Preflush,RP-20,RP-20,,282,,,""
292,282,1,"0","",2018-09-28 18:10:47,1,2017-09-28 18:10:47,9999-12-31 23:59:59,0,0,One Part Spacer,"",1,,250,0,0,,295,,Preflush/Spacer/Displacement,,,One Part Spacer,,2,1.06,,,,,2,,One Part Spacer,,,,283,,,""
293,283,1,"0","",2018-09-28 18:10:47,1,2017-09-28 18:10:47,9999-12-31 23:59:59,0,0,BORAjel,"",1,,273,0,0,,296,,Preflush/Spacer/Displacement,,,BORAjel,,2,1.06,,,,,2,,BORAjel,,,,284,,,""
294,284,1,"0","",2018-09-28 18:10:47,1,2017-09-28 18:10:47,9999-12-31 23:59:59,0,0,WELLBLOCK 'T',"",1,,274,0,0,,297,,Preflush/Spacer/Displacement,,,WELLBLOCK 'T',,2,1.06,,,,,2,,WELLBLOCK 'T',,,,285,,,""
295,285,1,"0","",2018-09-28 18:10:47,1,2017-09-28 18:10:47,9999-12-31 23:59:59,0,0,Fresh Water,"",1,,246,0,0,,299,,Client Provide,,,Fresh Water,,3,1.06,,,,Fresh Water,3,118,Fresh Water,Fresh Water,,,287,,,""
296,286,1,"0","",2018-09-28 18:10:47,1,2017-09-28 18:10:47,9999-12-31 23:59:59,0,0,Base Oil,"",1,,59,0,0,,300,,Client Provide,,,Base Oil,,3,1.06,,,,Base Oil,3,34,Base Oil,Base Oil,,,288,,,""
297,287,1,"0","",2018-09-28 18:10:47,1,2017-09-28 18:10:47,9999-12-31 23:59:59,0,0,SAPP,"",0,,,0,1,SAPP,298,84,,,,SAPP,,,1.06,102,,,,,,SAPP,,,,286,,SAPP,""
298,288,1,"0","",2018-09-28 18:10:47,1,2017-09-28 18:10:47,9999-12-31 23:59:59,0,0,"12/20 Round Sand","",0,,,0,1,"12/20 Round Sand",369,228,,,,"12/20 Round Sand",,,1.06,255,,,,,,"12/20 Round Sand",,,,357,,"12/20 Round Sand",""
299,289,1,"0","",2018-09-28 18:10:47,1,2017-09-28 18:10:47,9999-12-31 23:59:59,0,0,AI-4,"",0,,,0,1,AI-4,370,114,,,,AI-4,,,1.06,136,,,,,,AI-4,,,,358,,AI-4,""
300,290,1,"0","",2018-09-28 18:10:47,1,2017-09-28 18:10:47,9999-12-31 23:59:59,0,0,AI-7,"",0,,,0,1,AI-7,371,115,,,,AI-7,,,1.06,137,,,,,,AI-7,,,,359,,AI-7,""
301,291,1,"0","",2018-09-28 18:10:47,1,2017-09-28 18:10:47,9999-12-31 23:59:59,0,0,AI-8,"",0,,,0,1,AI-8,301,116,,,,AI-8,,,1.06,138,,,,,,AI-8,,,,289,,AI-8,""
302,292,1,"0","",2018-09-28 18:10:47,1,2017-09-28 18:10:47,9999-12-31 23:59:59,0,0,Aqueous Ammonia,"",0,,,0,1,Aqueous Ammonia,302,11,,,,Aqueous Ammonia,,,1.06,21,,,,,,Aqueous Ammonia,,,,290,,Aqueous Ammonia,""
303,293,1,"0","",2018-09-28 18:10:47,1,2017-09-28 18:10:47,9999-12-31 23:59:59,0,0,ASA-3W,"",0,,,0,1,ASA-3W,303,229,,,,ASA-3W,,,1.06,256,,,,,,ASA-3W,,,,291,,ASA-3W,""
304,294,1,"0","",2018-09-28 18:10:47,1,2017-09-28 18:10:47,9999-12-31 23:59:59,0,0,ASM-4,"",0,,,0,1,ASM-4,304,16,,,,ASM-4,,,1.06,26,,,,,,ASM-4,,,,292,,ASM-4,""
305,295,1,"0","",2018-09-28 18:10:47,1,2017-09-28 18:10:47,9999-12-31 23:59:59,0,0,ASM-6,"",0,,,0,1,ASM-6,305,193,,,,ASM-6,,,1.06,216,,,,,,ASM-6,,,,293,,ASM-6,""
306,296,1,"0","",2018-09-28 18:10:47,1,2017-09-28 18:10:47,9999-12-31 23:59:59,0,0,B-1008,"",0,,,0,1,B-1008,306,203,,,,B-1008,,,1.06,226,,,,,,B-1008,,,,294,,B-1008,""
307,297,1,"0","",2018-09-28 18:10:47,1,2017-09-28 18:10:47,9999-12-31 23:59:59,0,0,BE-1,"",0,,,0,1,BE-1,307,18,,,,BE-1,,,1.06,28,,,,,,BE-1,,,,295,,BE-1,""
308,298,1,"0","",2018-09-28 18:10:47,1,2017-09-28 18:10:47,9999-12-31 23:59:59,0,0,Bio-Clear 2000,"",0,,,0,1,Bio-Clear 2000,308,230,,,,Bio-Clear 2000,,,1.06,257,,,,,,Bio-Clear 2000,,,,296,,Bio-Clear 2000,""
309,299,1,"0","",2018-09-28 18:10:47,1,2017-09-28 18:10:47,9999-12-31 23:59:59,0,0,Breaker-F,"",0,,,0,1,Breaker - F,309,20,,,,Breaker-F,,,1.06,30,,,,,,Breaker-F,,,,297,,Breaker - F,""
310,300,1,"0","",2018-09-28 18:10:47,1,2017-09-28 18:10:47,9999-12-31 23:59:59,0,0,Breaker-O,"",0,,,0,1,Breaker - O,310,117,,,,Breaker-O,,,1.06,139,,,,,,Breaker-O,,,,298,,Breaker - O,""
311,301,1,"0","",2018-09-28 18:10:47,1,2017-09-28 18:10:47,9999-12-31 23:59:59,0,0,Buffer F,"",0,,,0,1,Buffer F,311,231,,,,Buffer F,,,1.06,258,,,,,,Buffer F,,,,299,,Buffer F,""
312,302,1,"0","",2018-09-28 18:10:47,1,2017-09-28 18:10:47,9999-12-31 23:59:59,0,0,BX-1LB,"",0,,,0,1,BX-1LB,312,232,,,,BX-1LB,,,1.06,259,,,,,,BX-1LB,,,,300,,BX-1LB,""
313,303,1,"0","",2018-09-28 18:10:47,1,2017-09-28 18:10:47,9999-12-31 23:59:59,0,0,CaCO3,"",0,,,0,1,CaCO3,313,21,,,,CaCO3,,,1.06,31,,,,,,CaCO3,,,,301,,CaCO3,""
314,304,1,"0","",2018-09-28 18:10:47,1,2017-09-28 18:10:47,9999-12-31 23:59:59,0,0,CAS-1,"",0,,,0,1,CAS-1,314,233,,,,CAS-1,,,1.06,260,,,,,,CAS-1,,,,302,,CAS-1,""
315,305,1,"0","",2018-09-28 18:10:47,1,2017-09-28 18:10:47,9999-12-31 23:59:59,0,0,CDF-3L,"",0,,,0,1,CDF-3L,315,144,,,,CDF-3L,,,1.06,166,,,,,,CDF-3L,,,,303,,CDF-3L,""
316,306,1,"0","",2018-09-28 18:10:47,1,2017-09-28 18:10:47,9999-12-31 23:59:59,0,0,CDM-10,"",0,,,0,1,CDM-10,316,180,,,,CDM-10,,,1.06,202,,,,,,CDM-10,,,,304,,CDM-10,""
317,307,1,"0","",2018-09-28 18:10:47,1,2017-09-28 18:10:47,9999-12-31 23:59:59,0,0,CFL-14,"",0,,,0,1,CFL-14,317,234,,,,CFL-14,,,1.06,261,,,,,,CFL-14,,,,305,,CFL-14,""
318,308,1,"0","",2018-09-28 18:10:47,1,2017-09-28 18:10:47,9999-12-31 23:59:59,0,0,CFL-2,"",0,,,0,1,CFL-2,318,26,,,,CFL-2,,,1.06,36,,,,,,CFL-2,,,,306,,CFL-2,""
319,309,1,"0","",2018-09-28 18:10:47,1,2017-09-28 18:10:47,9999-12-31 23:59:59,0,0,D-2,"",0,,,0,1,D-2,319,33,,,,D-2,,,1.06,43,,,,,,D-2,,,,307,,D-2,""
320,310,1,"0","",2018-09-28 18:10:47,1,2017-09-28 18:10:47,9999-12-31 23:59:59,0,0,D-4,"",0,,,0,1,D-4,320,34,,,,D-4,,,1.06,44,,,,,,D-4,,,,308,,D-4,""
321,311,1,"0","",2018-09-28 18:10:47,1,2017-09-28 18:10:47,9999-12-31 23:59:59,0,0,DA-1,"",0,,,0,1,DA-1,321,199,,,,DA-1,,,1.06,222,,,,,,DA-1,,,,309,,DA-1,""
322,312,1,"0","",2018-09-28 18:10:47,1,2017-09-28 18:10:47,9999-12-31 23:59:59,0,0,DF-1,"",0,,,0,1,DF-1,322,143,,,,DF-1,,,1.06,165,,,,,,DF-1,,,,310,,DF-1,""
323,313,1,"0","",2018-09-28 18:10:47,1,2017-09-28 18:10:47,9999-12-31 23:59:59,0,0,DG-1,"",0,,,0,1,DG-1,323,198,,,,DG-1,,,1.06,221,,,,,,DG-1,,,,311,,DG-1,""
324,314,1,"0","",2018-09-28 18:10:47,1,2017-09-28 18:10:47,9999-12-31 23:59:59,0,0,EF-1,"",0,,,0,1,EF-1,324,235,,,,EF-1,,,1.06,262,,,,,,EF-1,,,,312,,EF-1,""
325,315,1,"0","",2018-09-28 18:10:47,1,2017-09-28 18:10:47,9999-12-31 23:59:59,0,0,HSSW-1,"",0,,,0,1,HSSW-1,325,236,,,,HSSW-1,,,1.06,263,,,,,,HSSW-1,,,,313,,HSSW-1,""
326,316,1,"0","",2018-09-28 18:10:47,1,2017-09-28 18:10:47,9999-12-31 23:59:59,0,0,HTAI-4,"",0,,,0,1,HTAI-4,326,127,,,,HTAI-4,,,1.06,149,,,,,,HTAI-4,,,,314,,HTAI-4,""
327,317,1,"0","",2018-09-28 18:10:47,1,2017-09-28 18:10:47,9999-12-31 23:59:59,0,0,HTAI-6,"",0,,,0,1,HTAI-6,327,237,,,,HTAI-6,,,1.06,264,,,,,,HTAI-6,,,,315,,HTAI-6,""
328,318,1,"0","",2018-09-28 18:10:47,1,2017-09-28 18:10:47,9999-12-31 23:59:59,0,0,HTAI-8,"",0,,,0,1,HTAI-8,328,238,,,,HTAI-8,,,1.06,265,,,,,,HTAI-8,,,,316,,HTAI-8,""
329,319,1,"0","",2018-09-28 18:10:47,1,2017-09-28 18:10:47,9999-12-31 23:59:59,0,0,ICA-7,"",0,,,0,1,ICA-7,329,53,,,,ICA-7,,,1.06,66,,,,,,ICA-7,,,,317,,ICA-7,""
330,320,1,"0","",2018-09-28 18:10:47,1,2017-09-28 18:10:47,9999-12-31 23:59:59,0,0,ICA-8,"",0,,,0,1,ICA-8,330,111,,,,ICA-8,,,1.06,133,,,,,,ICA-8,,,,318,,ICA-8,""
331,321,1,"0","",2018-09-28 18:10:47,1,2017-09-28 18:10:47,9999-12-31 23:59:59,0,0,ICA-8C,"",0,,,0,1,ICA-8C,331,112,,,,ICA-8C,,,1.06,134,,,,,,ICA-8C,,,,319,,ICA-8C,""
332,322,1,"0","",2018-09-28 18:10:47,1,2017-09-28 18:10:47,9999-12-31 23:59:59,0,0,IPG-4,"",0,,,0,1,IPG-4,332,107,,,,IPG-4,,,1.06,129,,,,,,IPG-4,,,,320,,IPG-4,""
333,323,1,"0","",2018-09-28 18:10:47,1,2017-09-28 18:10:47,9999-12-31 23:59:59,0,0,ISA-1,"",0,,,0,1,ISA-1,333,57,,,,ISA-1,,,1.06,71,,,,,,ISA-1,,,,321,,ISA-1,""
334,324,1,"0","",2018-09-28 18:10:47,1,2017-09-28 18:10:47,9999-12-31 23:59:59,0,0,LCF-6,"",0,,,0,1,LCF-6,334,145,,,,LCF-6,,,1.06,167,,,,,,LCF-6,,,,322,,LCF-6,""
335,325,1,"0","",2018-09-28 18:10:47,1,2017-09-28 18:10:47,9999-12-31 23:59:59,0,0,LCG-12,"",0,,,0,1,LCG-12,335,188,,,,LCG-12,,,1.06,210,,,,,,LCG-12,,,,323,,LCG-12,""
336,326,1,"0","",2018-09-28 18:10:47,1,2017-09-28 18:10:47,9999-12-31 23:59:59,0,0,LCG-13,"",0,,,0,1,LCG-13,336,239,,,,LCG-13,,,1.06,266,,,,,,LCG-13,,,,324,,LCG-13,""
337,327,1,"0","",2018-09-28 18:10:47,1,2017-09-28 18:10:47,9999-12-31 23:59:59,0,0,LCG-8,"",0,,,0,1,LCG-8,337,187,,,,LCG-8,,,1.06,209,,,,,,LCG-8,,,,325,,LCG-8,""
338,328,1,"0","",2018-09-28 18:10:47,1,2017-09-28 18:10:47,9999-12-31 23:59:59,0,0,LCL-10,"",0,,,0,1,LCL-10,338,211,,,,LCL-10,,,1.06,237,,,,,,LCL-10,,,,326,,LCL-10,""
339,329,1,"0","",2018-09-28 18:10:47,1,2017-09-28 18:10:47,9999-12-31 23:59:59,0,0,LCL-7,"",0,,,0,1,LCL-7,339,157,,,,LCL-7,,,1.06,179,,,,,,LCL-7,,,,327,,LCL-7,""
340,330,1,"0","",2018-09-28 18:10:47,1,2017-09-28 18:10:47,9999-12-31 23:59:59,0,0,MCR-4,"",0,,,0,1,MCR-4,340,194,,,,MCR-4,,,1.06,217,,,,,,MCR-4,,,,328,,MCR-4,""
341,331,1,"0","",2018-09-28 18:10:47,1,2017-09-28 18:10:47,9999-12-31 23:59:59,0,0,MS-1,"",0,,,0,1,MS-1,341,68,,,,MS-1,,,1.06,82,,,,,,MS-1,,,,329,,MS-1,""
342,332,1,"0","",2018-09-28 18:10:47,1,2017-09-28 18:10:47,9999-12-31 23:59:59,0,0,NaCl,"",0,,,0,1,Rock Salt (NaCl),342,80,,,,NaCl (Rock Salt),,,1.06,95,,,,,,NaCl (Rock Salt),,,,330,,Rock Salt (NaCl),""
343,333,1,"0","",2018-09-28 18:10:47,1,2017-09-28 18:10:47,9999-12-31 23:59:59,0,0,Napthalene Flakes,"",0,,,0,1,Napthalene Flakes,343,71,,,,Napthalene Flakes,,,1.06,86,,,,,,Napthalene Flakes,,,,331,,Napthalene Flakes,""
344,334,1,"0","",2018-09-28 18:10:47,1,2017-09-28 18:10:47,9999-12-31 23:59:59,0,0,OWDA,"",0,,,0,1,OWDA,344,74,,,,OWDA,,,1.06,89,,,,,,OWDA,,,,332,,OWDA,""
345,335,1,"0","",2018-09-28 18:10:47,1,2017-09-28 18:10:47,9999-12-31 23:59:59,0,0,S-101,"",0,,,0,1,S-101,345,81,,,,S-101,,,1.06,97,,,,,,S-101,,,,333,,S-101,""
346,336,1,"0","",2018-09-28 18:10:48,1,2017-09-28 18:10:48,9999-12-31 23:59:59,0,0,SANJET Sand,"",0,,,0,1,SANJET Sand,346,214,,,,SANJET Sand,,,1.06,240,,,,,,SANJET Sand,,,,334,,SANJET Sand,""
347,337,1,"0","",2018-09-28 18:10:48,1,2017-09-28 18:10:48,9999-12-31 23:59:59,0,0,SCC-1L,"",0,,,0,1,SCC-1L,347,85,,,,SCC-1L,,,1.06,103,,,,,,SCC-1L,,,,335,,SCC-1L,""
348,338,1,"0","",2018-09-28 18:10:48,1,2017-09-28 18:10:48,9999-12-31 23:59:59,0,0,SCC-2L,"",0,,,0,1,SCC-2L,348,215,,,,SCC-2L,,,1.06,241,,,,,,SCC-2L,,,,336,,SCC-2L,""
349,339,1,"0","",2018-09-28 18:10:48,1,2017-09-28 18:10:48,9999-12-31 23:59:59,0,0,SI-14W,"",0,,,0,1,SI-14W,349,240,,,,SI-14W,,,1.06,267,,,,,,SI-14W,,,,337,,SI-14W,""
350,340,1,"0","",2018-09-28 18:10:48,1,2017-09-28 18:10:48,9999-12-31 23:59:59,0,0,SR-1,"",0,,,0,1,SR-1,350,164,,,,SR-1,,,1.06,186,,,,,,SR-1,,,,338,,SR-1,""
351,341,1,"0","",2018-09-28 18:10:48,1,2017-09-28 18:10:48,9999-12-31 23:59:59,0,0,SSCI,"",0,,,0,1,SSCI,351,133,,,,SSCI,,,1.06,155,,,,,,SSCI,,,,339,,SSCI,""
352,342,1,"0","",2018-09-28 18:10:48,1,2017-09-28 18:10:48,9999-12-31 23:59:59,0,0,SSL-2,"",0,,,0,1,SSL-2,352,241,,,,SSL -2,,,1.06,268,,,,,,SSL -2,,,,340,,SSL-2,""
353,343,1,"0","",2018-09-28 18:10:48,1,2017-09-28 18:10:48,9999-12-31 23:59:59,0,0,StimSol 200,"",0,,,0,1,StimSol 200,353,134,,,,StimSol 200,,,1.06,156,,,,,,StimSol 200,,,,341,,StimSol 200,""
354,344,1,"0","",2018-09-28 18:10:48,1,2017-09-28 18:10:48,9999-12-31 23:59:59,0,0,Stim-Wett Max I,"",0,,,0,1,Stim-Wett Max I,354,135,,,,Stim-Wett Max I,,,1.06,157,,,,,,Stim-Wett Max I,,,,342,,Stim-Wett Max I,""
355,345,1,"0","",2018-09-28 18:10:48,1,2017-09-28 18:10:48,9999-12-31 23:59:59,0,0,Stim-Wett Max II,"",0,,,0,1,Stim-Wett Max II,355,136,,,,Stim-Wett Max II,,,1.06,158,,,,,,Stim-Wett Max II,,,,343,,Stim-Wett Max II,""
356,346,1,"0","",2018-09-28 18:10:48,1,2017-09-28 18:10:48,9999-12-31 23:59:59,0,0,Stim-Wett Max III,"",0,,,0,1,Stim-Wett Max III,356,137,,,,Stim-Wett Max III,,,1.06,159,,,,,,Stim-Wett Max III,,,,344,,Stim-Wett Max III,""
357,347,1,"0","",2018-09-28 18:10:48,1,2017-09-28 18:10:48,9999-12-31 23:59:59,0,0,Sugar,"",0,,,0,1,Sugar,357,189,,,,Sugar,,,1.06,211,,,,,,Sugar,,,,345,,Sugar,""
358,348,1,"0","",2018-09-28 18:10:48,1,2017-09-28 18:10:48,9999-12-31 23:59:59,0,0,Toluene,"",0,,,0,1,Toluene,358,97,,,,Toluene,,,1.06,115,,,,,,Toluene,,,,346,,Toluene,""
359,349,1,"0","",2018-09-28 18:10:48,1,2017-09-28 18:10:48,9999-12-31 23:59:59,0,0,WG-1L,"",0,,,0,1,WG-1L,359,101,,,,WG-1L,,,1.06,121,,,,,,WG-1L,,,,347,,WG-1L,""
360,350,1,"0","",2018-09-28 18:10:48,1,2017-09-28 18:10:48,9999-12-31 23:59:59,0,0,WG-2BL,"",0,,,0,1,WG-2BL,360,221,,,,WG-2BL,,,1.06,248,,,,,,WG-2BL,,,,348,,WG-2BL,""
361,351,1,"0","",2018-09-28 18:10:48,1,2017-09-28 18:10:48,9999-12-31 23:59:59,0,0,WG-3L,"",0,,,0,1,WG-3L,361,109,,,,WG-3L,,,1.06,131,,,,,,WG-3L,,,,349,,WG-3L,""
362,352,1,"0","",2018-09-28 18:10:48,1,2017-09-28 18:10:48,9999-12-31 23:59:59,0,0,WG-4P,"",0,,,0,1,WG-4P,362,169,,,,WG-4P,,,1.06,191,,,,,,WG-4P,,,,350,,WG-4P,""
363,353,1,"0","",2018-09-28 18:10:48,1,2017-09-28 18:10:48,9999-12-31 23:59:59,0,0,WG-6P,"",0,,,0,1,WG-6P,363,242,,,,WG-6P,,,1.06,269,,,,,,WG-6P,,,,351,,WG-6P,""
364,354,1,"0","",2018-09-28 18:10:48,1,2017-09-28 18:10:48,9999-12-31 23:59:59,0,0,WG-6ZL,"",0,,,0,1,WG-6ZL,364,243,,,,WG-6ZL,,,1.06,270,,,,,,WG-6ZL,,,,352,,WG-6ZL,""
365,355,1,"0","",2018-09-28 18:10:48,1,2017-09-28 18:10:48,9999-12-31 23:59:59,0,0,WWS-1L,"",0,,,0,1,WWS-1L,365,219,,,,WWS-1L,,,1.06,246,,,,,,WWS-1L,,,,353,,WWS-1L,""
366,356,1,"0","",2018-09-28 18:10:48,1,2017-09-28 18:10:48,9999-12-31 23:59:59,0,0,WWS-2L,"",0,,,0,1,WWS-2L,366,155,,,,WWS-2L,,,1.06,177,,,,,,WWS-2L,,,,354,,WWS-2L,""
367,357,1,"0","",2018-09-28 18:10:48,1,2017-09-28 18:10:48,9999-12-31 23:59:59,0,0,WWS-3L,"",0,,,0,1,WWS-3L,367,170,,,,WWS-3L,,,1.06,192,,,,,,WWS-3L,,,,355,,WWS-3L,""
368,358,1,"0","",2018-09-28 18:10:48,1,2017-09-28 18:10:48,9999-12-31 23:59:59,0,0,WWS-4L,"",0,,,0,1,WWS-4L,368,220,,,,WWS-4L,,,1.06,247,,,,,,WWS-4L,,,,356,,WWS-4L,""
369,359,1,"0","",2018-09-28 18:10:48,1,2017-09-28 18:10:48,9999-12-31 23:59:59,0,0,SURFACEmix PRO ED,"",1,202,275,1,0,,372,,Cementing Blend,,1700.00,SURFACEmix PRO ED,,1,3.08,,200,,,1,,SURFACEmix PRO ED,,SURFACEmix PRO ED,0.96,360,,,"3"
370,360,1,"0","",2018-09-28 18:10:48,1,2017-09-28 18:10:48,9999-12-31 23:59:59,0,0,SURFACEmix PRO ED + Additives,"",0,203,,0,0,,373,,,,,SURFACEmix PRO ED + Additives,,,,,201,,,,,SURFACEmix PRO ED + Additives,,SURFACEmix PRO ED + Additives,,361,,,""
371,361,1,"0","",2018-09-28 18:10:48,1,2017-09-28 18:10:48,9999-12-31 23:59:59,0,0,SURFACEmix PRO RD,"",1,204,276,1,0,,374,,Cementing Blend,,1700.00,SURFACEmix PRO RD,,1,3.03,,202,,,1,,SURFACEmix PRO RD,,SURFACEmix PRO RD,0.96,362,,,"3"
372,362,1,"0","",2018-09-28 18:10:48,1,2017-09-28 18:10:48,9999-12-31 23:59:59,0,0,SURFACEmix PRO RD + Additives,"",0,205,,0,0,,375,,,,,SURFACEmix PRO RD + Additives,,,,,203,,,,,SURFACEmix PRO RD + Additives,,SURFACEmix PRO RD + Additives,,363,,,""
373,363,1,"0","",2018-09-28 18:10:48,1,2017-09-28 18:10:48,9999-12-31 23:59:59,0,0,SURFACEmix PRO GP,"",1,206,277,1,0,,376,,Cementing Blend,,1700.00,SURFACEmix PRO GP,,1,3.03,,204,,,1,,SURFACEmix PRO GP,,SURFACEmix PRO GP,0.96,364,,,"3"
374,364,1,"0","",2018-09-28 18:10:48,1,2017-09-28 18:10:48,9999-12-31 23:59:59,0,0,SURFACEmix PRO GP + Additives,"",0,207,,0,0,,377,,,,,SURFACEmix PRO GP + Additives,,,,,205,,,,,SURFACEmix PRO GP + Additives,,SURFACEmix PRO GP + Additives,,365,,,""
375,365,1,"0","",2018-09-28 18:10:48,1,2017-09-28 18:10:48,9999-12-31 23:59:59,0,0,SURFACEmix PRO FJ,"",1,208,278,1,0,,378,,Cementing Blend,,1700.00,SURFACEmix PRO FJ,,1,3.14,,206,,,1,,SURFACEmix PRO FJ,,SURFACEmix PRO FJ,0.97,366,,,"3"
376,366,1,"0","",2018-09-28 18:10:48,1,2017-09-28 18:10:48,9999-12-31 23:59:59,0,0,SURFACEmix PRO FJ + Additives,"",0,209,,0,0,,379,,,,,SURFACEmix PRO FJ + Additives,,,,,207,,,,,SURFACEmix PRO FJ + Additives,,SURFACEmix PRO FJ + Additives,,367,,,""
377,367,1,"0","",2018-09-28 18:10:48,1,2017-09-28 18:10:48,9999-12-31 23:59:59,0,0,SURFACEmix LW PRO ED,"",1,210,279,1,0,,380,,Cementing Blend,,1550.00,SURFACEmix LW PRO ED,,1,2.79,,208,,,1,,SURFACEmix LW PRO ED,,SURFACEmix LW PRO ED,1.17,368,,,"3"
378,368,1,"0","",2018-09-28 18:10:48,1,2017-09-28 18:10:48,9999-12-31 23:59:59,0,0,SURFACEmix LW PRO ED + Additives,"",0,211,,0,0,,381,,,,,SURFACEmix LW PRO ED + Additives,,,,,209,,,,,SURFACEmix LW PRO ED + Additives,,SURFACEmix LW PRO ED + Additives,,369,,,""
379,369,1,"0","",2018-09-28 18:10:48,1,2017-09-28 18:10:48,9999-12-31 23:59:59,0,0,SURFACEmix LW PRO GP,"",1,212,280,1,0,,382,,Cementing Blend,,1550.00,SURFACEmix LW PRO GP,,1,2.79,,210,,,1,,SURFACEmix LW PRO GP,,SURFACEmix LW PRO GP,1.17,370,,,"3"
380,370,1,"0","",2018-09-28 18:10:48,1,2017-09-28 18:10:48,9999-12-31 23:59:59,0,0,SURFACEmix LW PRO GP + Additives,"",0,213,,0,0,,383,,,,,SURFACEmix LW PRO GP + Additives,,,,,211,,,,,SURFACEmix LW PRO GP + Additives,,SURFACEmix LW PRO GP + Additives,,371,,,""
381,371,1,"0","",2018-09-28 18:10:48,1,2017-09-28 18:10:48,9999-12-31 23:59:59,0,0,SURFACEmix LW PRO RD,"",1,214,281,1,0,,384,,Cementing Blend,,1550.00,SURFACEmix LW PRO RD,,1,2.79,,212,,,1,,SURFACEmix LW PRO RD,,SURFACEmix LW PRO RD,1.17,372,,,"3"
382,372,1,"0","",2018-09-28 18:10:48,1,2017-09-28 18:10:48,9999-12-31 23:59:59,0,0,SURFACEmix LW PRO RD + Additives,"",0,215,,0,0,,385,,,,,SURFACEmix LW PRO RD + Additives,,,,,213,,,,,SURFACEmix LW PRO RD + Additives,,SURFACEmix LW PRO RD + Additives,,373,,,""
383,373,1,"0","",2018-09-28 18:10:48,1,2017-09-28 18:10:48,9999-12-31 23:59:59,0,0,Fresh Water + Additives,"",0,222,,0,0,,386,,,,,Fresh Water + Additives,,,,,220,,,,,Fresh Water + Additives,,Fresh Water + Additives,,374,,,""
384,374,1,"0","",2018-09-28 18:10:48,1,2017-09-28 18:10:48,9999-12-31 23:59:59,0,0,Base Oil + Additives,"",0,223,,0,0,,387,,,,,Base Oil + Additives,,,,,221,,,,,Base Oil + Additives,,Base Oil + Additives,,375,,,""
385,375,1,"0","",2018-09-28 18:10:48,1,2017-09-28 18:10:48,9999-12-31 23:59:59,0,0,WELLBLOCK 'T' + Additives,"",0,224,,0,0,,388,,,,,WELLBLOCK 'T' + Additives,,,,,222,,,,,WELLBLOCK 'T' + Additives,,WELLBLOCK 'T' + Additives,,376,,,""
386,376,1,"0","",2018-09-28 18:10:48,1,2017-09-28 18:10:48,9999-12-31 23:59:59,0,0,BORAjel + Additives,"",0,225,,0,0,,389,,,,,BORAjel + Additives,,,,,223,,,,,BORAjel + Additives,,BORAjel + Additives,,377,,,""
387,377,1,"0","",2018-09-28 18:10:48,1,2017-09-28 18:10:48,9999-12-31 23:59:59,0,0,One Part Spacer + Additives,"",0,226,,0,0,,390,,,,,One Part Spacer + Additives,,,,,224,,,,,One Part Spacer + Additives,,One Part Spacer + Additives,,378,,,""
388,378,1,"0","",2018-09-28 18:10:48,1,2017-09-28 18:10:48,9999-12-31 23:59:59,0,0,RP-20 + Additives,"",0,227,,0,0,,391,,,,,RP-20 + Additives,,,,,225,,,,,RP-20 + Additives,,RP-20 + Additives,,379,,,""
389,379,1,"0","",2018-09-28 18:10:48,1,2017-09-28 18:10:48,9999-12-31 23:59:59,0,0,Wellseal + Additives,"",0,228,,0,0,,392,,,,,Wellseal + Additives,,,,,226,,,,,Wellseal + Additives,,Wellseal + Additives,,380,,,""
390,380,1,"0","",2018-09-28 18:10:48,1,2017-09-28 18:10:48,9999-12-31 23:59:59,0,0,Wellseal G + Additives,"",0,229,,0,0,,393,,,,,Wellseal G + Additives,,,,,227,,,,,Wellseal G + Additives,,Wellseal G + Additives,,381,,,""
391,381,1,"0","",2018-09-28 18:10:48,1,2017-09-28 18:10:48,9999-12-31 23:59:59,0,0,Indicator Dye + Additives,"",0,230,,0,0,,394,,,,,Indicator Dye + Additives,,,,,228,,,,,Indicator Dye + Additives,,Indicator Dye + Additives,,382,,,""
392,382,1,"0","",2018-09-28 18:10:48,1,2017-09-28 18:10:48,9999-12-31 23:59:59,0,0,Mud Flush + Additives,"",0,231,,0,0,,395,,,,,Mud Flush + Additives,,,,,229,,,,,Mud Flush + Additives,,Mud Flush + Additives,,383,,,""
393,383,1,"0","",2018-09-28 18:10:48,1,2017-09-28 18:10:48,9999-12-31 23:59:59,0,0,Invert Spacer + Additives,"",0,232,,0,0,,396,,,,,Invert Spacer + Additives,,,,,230,,,,,Invert Spacer + Additives,,Invert Spacer + Additives,,384,,,""
394,384,1,"0","",2018-09-28 18:10:48,1,2017-09-28 18:10:48,9999-12-31 23:59:59,0,0,Water Wet Max + Additives,"",0,233,,0,0,,397,,,,,Water Wet Max + Additives,,,,,231,,,,,Water Wet Max + Additives,,Water Wet Max + Additives,,385,,,""
395,385,1,"0","",2018-09-28 18:10:48,1,2017-09-28 18:10:48,9999-12-31 23:59:59,0,0,Visweep + Additives,"",0,234,,0,0,,398,,,,,Visweep + Additives,,,,,232,,,,,Visweep + Additives,,Visweep + Additives,,386,,,""
396,386,1,"0","",2018-09-28 18:10:48,1,2017-09-28 18:10:48,9999-12-31 23:59:59,0,0,Sanjel Blended Acid Systems (S-BAS),"",0,,,0,1,,399,,,,,Sanjel Blended Acid Systems (S-BAS),,,,271,,,,,,Sanjel Blended Acid Systems (S-BAS),,,,387,,,""
397,387,1,"0","",2018-09-28 18:10:48,1,2017-09-28 18:10:48,9999-12-31 23:59:59,0,0,Sanjel Blended Solvent (Bsolv),"",0,,,0,1,,400,,,,,Sanjel Blended Solvent (Bsolv),,,,272,,,,,,Sanjel Blended Solvent (Bsolv),,,,388,,,""
398,388,1,"0","",2018-09-28 18:10:48,1,2017-09-28 18:10:48,9999-12-31 23:59:59,0,0,HCL 15%,"",1,,66,0,0,,401,,Acid,,,HCL 15%,,4,,,,,"15% HCl",4,39,HCL Blend - 15%,"15% HCl",,,389,,,""
399,389,1,"0","",2018-09-28 18:10:48,1,2017-09-28 18:10:48,9999-12-31 23:59:59,0,0,HCL 15% + Additives,"",0,235,,0,0,,401,,,,,HCL 15%,,,,,233,,,,,HCL Blend - 15%,,HCL 15% + Additives,,389,,,""
400,390,1,"0","",2018-09-28 18:10:48,1,2017-09-28 18:10:48,9999-12-31 23:59:59,0,0,SURFACEmix LW PRO LLD,"",1,236,284,1,0,,402,,Cementing Blend,,1550.00,SURFACEmix LW PRO LLD,,1,2.07,,234,,,1,,SURFACEmix LW PRO LLD,,SURFACEmix LW PRO LLD,1.15,390,,,"3"
401,391,1,"0","",2018-09-28 18:10:48,1,2017-09-28 18:10:48,9999-12-31 23:59:59,0,0,SURFACEmix LW PRO LLD + Additives,"",0,237,,0,0,,403,,,,,SURFACEmix LW PRO LLD + Additives,,,,,235,,,,,SURFACEmix LW PRO LLD + Additives,,SURFACEmix LW PRO LLD + Additives,,391,,,""
402,392,1,"0","",2018-09-28 18:10:48,1,2017-09-28 18:10:48,9999-12-31 23:59:59,0,0,Scavenger,"",1,,247,0,0,,404,,Preflush/Spacer/Displacement,,,Scavenger,,2,1.00,,,,,2,,Scavenger,,,,392,,,""
403,393,1,"0","",2018-09-28 18:10:48,1,2017-09-28 18:10:48,9999-12-31 23:59:59,0,0,SUPERLITEmix 1160 C,"",1,238,285,1,0,,405,,Cementing Blend,,1160.00,SUPERLITEmix 1160 C,,1,1.59,,236,,,1,,SUPERLITEmix 1160 C,,SUPERLITEmix 1160 C,1.86,393,,,"42"
404,394,1,"0","",2018-09-28 18:10:48,1,2017-09-28 18:10:48,9999-12-31 23:59:59,0,0,SUPERLITEmix 1160 C + Additives,"",0,239,,0,0,,406,,,,,SUPERLITEmix 1160 C + Additives,,,,,237,,,,,SUPERLITEmix 1160 C + Additives,,SUPERLITEmix 1160 C + Additives,,394,,,""
405,395,1,"0","",2018-09-28 18:10:48,1,2017-09-28 18:10:48,9999-12-31 23:59:59,0,0,CDM-4X,"",0,,,0,1,,407,,,,,CDM-4X,,,1.00,274,,,,,,CDM-4X,,,,395,,,""
406,396,1,"0","",2018-09-28 18:10:48,1,2017-09-28 18:10:48,9999-12-31 23:59:59,0,0,PRODUCTIONmix HZ,"",1,240,286,0,0,,408,,Cementing Blend,,1464.00,PRODUCTIONmix HZ,,1,2.47,,238,,,1,,PRODUCTIONmix HZ,,PRODUCTIONmix HZ,1.21,396,,,"4"
407,397,1,"0","",2018-09-28 18:10:48,1,2017-09-28 18:10:48,9999-12-31 23:59:59,0,0,PRODUCTIONmix HZ + Additives,"",0,241,,0,0,,409,,,,,PRODUCTIONmix HZ + Additives,,,,,239,,,,,PRODUCTIONmix HZ + Additives,,PRODUCTIONmix HZ + Additives,,397,,,""
408,398,1,"0","",2018-09-28 18:10:48,1,2017-09-28 18:10:48,9999-12-31 23:59:59,0,0,Ciment Fondue EC,"",1,242,287,1,0,,410,,Cementing Blend,,1160.00,Ciment Fondue EC,,1,1.59,,240,,,1,,Ciment Fondue EC,,Ciment Fondue EC,1.86,398,,,"42"
409,399,1,"0","",2018-09-28 18:10:48,1,2017-09-28 18:10:48,9999-12-31 23:59:59,0,0,Ciment Fondue EC + Additives,"",0,243,,0,0,,411,,,,,Ciment Fondue EC + Additives,,,,,241,,,,,Ciment Fondue EC + Additives,,Ciment Fondue EC + Additives,,399,,,""
410,400,1,"0","",2018-09-28 18:10:48,1,2017-09-28 18:10:48,9999-12-31 23:59:59,0,0,GCA-2,"",0,,,0,1,,412,,,,,GCA-2,,,1.00,275,,,,,,GCA-2 Gas Migration Control Additive,,,,400,,,""
411,401,1,"0","",2018-09-28 18:10:48,1,2017-09-28 18:10:48,9999-12-31 23:59:59,0,0,LDP-C-0418,"",1,,288,0,0,,413,,Preflush/Spacer/Displacement,,1125.00,LDP-C-0418,,2,2.19,,,,,2,,LDP-C-0418 On the Fly Spacer,,,4.35,401,,,""
412,402,1,"0","",2018-09-28 18:10:48,1,2017-09-28 18:10:48,9999-12-31 23:59:59,0,0,LDP-C-0518,"",0,,,0,1,,414,,,,,LDP-C-0518,,,1.00,276,,,,,,LDP-C-0518 Gas Migration Control Additive,,,,402,,,""
413,403,1,"0","",2018-09-28 18:10:49,1,2017-09-28 18:10:49,9999-12-31 23:59:59,0,0,Silica Density Control Additive,"",0,,,0,1,,415,,,,,Silica Density Control Additive,,,1.00,277,,,,,,Silica Density Control Additive,,,,403,,,""
414,404,1,"0","",2018-09-28 18:10:49,1,2017-09-28 18:10:49,9999-12-31 23:59:59,0,0,ACW-4,"",0,,,0,1,ACW-4,416,2,,,,ACW-4,,,1.00,12,,,,,,ACW-4 Completion Fluid Corrosion Inhibitor,,,,404,,ACW-4,""
415,405,1,"0","",2018-09-28 18:10:49,1,2017-09-28 18:10:49,9999-12-31 23:59:59,0,0,LDP-C-0718,"",0,,,0,1,,417,,,,,LDP-C-0718,,,1.00,278,,,,,,LDP-C-0718 - Cement Accelerator,,,,405,,,""
416,406,1,"0","",2018-09-28 18:10:49,1,2017-09-28 18:10:49,9999-12-31 23:59:59,0,0,LDP-C-0618,"",1,244,289,0,0,,418,,Cementing Blend,,1340.00,LDP-C-0618,,1,2.81,,242,,,1,,LDP-C-0618 - Lightweight Cement,,LDP-C-0618,1.90,406,,,"42"
417,407,1,"0","",2018-09-28 18:10:49,1,2017-09-28 18:10:49,9999-12-31 23:59:59,0,0,LDP-C-0618 + Additives,"",0,245,,0,0,,419,,,,,LDP-C-0618 + Additives,,,,,243,,,,,LDP-C-0618 - Lightweight Cement + Adds,,LDP-C-0618 + Additives,,407,,,""
418,408,1,"0","",2018-09-28 18:10:49,1,2017-09-28 18:10:49,9999-12-31 23:59:59,0,0,LDP-C-0418 + Additives,"",0,246,,0,0,,420,,,,,LDP-C-0418 + Additives,,,,,,,,,,LDP-C-0418 + Additives,,,,408,,,""
