eService Import Sheet,,,,,,,,,,,,
Header Information,,,,,,,,,,,,
Program Description,,0,Well Name,Inplay Oil HZ Pembina,Business Unit,Canada,,,,,,
Main Service Line,,Cementing,Well Location (Surface),Surface ( 5-6-48-10W5 ),Business Unit ID,0,Invoice Consulting Firm?,No,,,,
MSL ID,,13,Well Location (UWI),100/9-5-48-10W5,Price Book Version,Version 8,Government Program,,,,,
Multi-Service Line?,,No,Province / State,AB,Price Book ID,12,Grant Agreement Number,0,,,,
Client,,Inplay Oil Corp.,Province / State ID,1,Pricing Method,Summary with Details,Prepay Grant Amount,0,,,,
Client ID,,10398,High Profile / Critical Well,No,Invoice Method,Job,Interm Grant Amount,0,,,,
Charge Method,,Summary with Details,Pricing Area,1,Time Span Bundle Type per,Job,Application Amount,0,,,,
Discount (%),,65,PA ID,1,Call Sheet Type,Pumping,,,,,,
Travel Base Charge,,150,Dispatch District,Edson,Will this Job have Multiple Service Reports,No,Estimated Start Date,7/20/2023,,,,
Consulting Firm,,Magus Engineering Limited,DD ID,81,Country,Canada,Rig Name,,,,,
Consulting firm ID,,0,Service Point,Edson,Thermal Well or Area,No,Well Type,0,,,,
Delivery Distance,,150,SP ID,81,Sanjel Program Generated,Yes,Sanjel Well Objective,0,,,,
Field,,,TMA,NoTma,# of jobs in import sheet,2,,,,,,
Client Solutions Rep,,Mark Astley,TMA %,0,Formation,Cardium ,,,,,,
CS ID,,30789,Revision,0,Multiwell?,No,,,,,,
Job Designer,,"Henry Jiao, P. Eng",Option,0,Well Count,0,,,,,,
JD ID,,21795,,,Bid Program,No,,,,,,
Program ID,,PRG2301003,,,Rev Desc,name,,,,,,
Template ID,,1,,,Field Blend Test,No,,,,,,
# of Shifts,,,# of Wells,,# of Tonne,,,,,,,
# of Days,,,# of Jobs,1,# of Blend,,,,,,,
# of Zones,,,# of Stages,,# of m3,,,,,,,
,,,,,,,,,,,,
Template Job Type,,1 Blend Surface,,,,,,,,,,
Job Type,,Surface Casing,1,,,,Pumping Serice Line Type,Primary Cementing,Total Revenue,"$27,261.30 ",,
Job Type ID,,1504,Depth Base Charge,600,,,Stage / Plug Treatment Information Type,Stage,Execution Order,41,,
,,,Risk Matrix,24,,,# of Stages,1,,,,
Bundle Name,,Services,,,, ,,,,,,
Bundle Category,,Services,,,,,,,,,,
Bundle Type,,Job,,,,,,,,,,
Number of Bundles,,1,,,Details Pricing,,/ Job(s),,,,,
Pricing Method,,APB,,,Summary Pricing,,/ 1 Job(s),,,,,
Invoice Method,,Job,,,Details Invoice,,/ Job(s),,,,,
Quantity of Bundles,,1,,,Summary Invoice,,/ 1 Job(s),,,, ,
Bundle Code,,,,,,,,,,,,
,,,,,,,,,,,,
,,,,,,,,,,,,
Item Code,Discountable,Description,Quantity 1,Quantity 2,Net Price,Net Amount,Discount%,Unit Book Price,Amount,Discount Amount,Calculated Discount %,Included?
116033,*,Pumping Service: Cementing Base Charge (6 hours),1,0,2400,2400,0.60456,POR,#VALUE!,#VALUE!,,
111002,,Pumper Base Charge,1,0,Included,Included,0.60456,4150,4150,,,Yes
111380,,Pumper Unit Travel,1,150,Included,Included,0.60456,8.3,1245,,,Yes
111382,,Pickup Travel,1,150,Included,Included,0.60456,3.55,532.5,,,Yes
111493,*,Environmental Surcharge,1,0,Included,Included,0,55,55,,,Yes
,,,,,,,,,,,,
,,,,,,,,,,,,
,,,,,,,,,,,,
,,,,,,,,,,,,
,,,,,,,,,,,,
,,,,,,,,,,,,
,,,,,,,,,,,,
,,,,,,,,,,,,
,,,,,,,,,,,,
,,,,,,,,,,,,
,,,,,,,,,,,,
,,,,,,,,,,,,
,,,,,,,,,,,,
,,,,,,,,,,,,
Total,,,,,,2400,,4216.85,#VALUE!,#VALUE!,#VALUE!,4
,,,,,,,,,,,,
Bundle Name,,Handling & Delivery,,,,,,,,,,
Bundle Category,,Handling,,,,,,,,,,
Bundle Type,,Job,,,,,,,,,,
Number of Bundles,,1,,,Details Pricing,,/ Job(s),,,,,
Pricing Method,,APB,,,Summary Pricing,,/ 1 Job(s),,,,,
Invoice Method,,Job,,,Details Invoice,,/ Job(s),,,,,
Quantity of Bundles,,1,,,Summary Invoice,,/ 1 Job(s),,,,,
Bundle Code,,,,,,,,,,,,
,,,,,,,,,,,,
,,,,,,,,,,,,
Item Code,Discountable,Description,Quantity 1,Quantity 2,Net Price,Net Amount,Discount%,Unit Book Price,Amount,Discount Amount,Calculated Discount %,Included?
111492,*,Handling and Delivery Service Charge,33.9,0,110,3729,0.66187,POR,#VALUE!,#VALUE!,,
,,,,,,,,,,,,
,,,,,,,,,,,,
,,,,,,,,,,,,
,,,,,,,,,,,,
,,,,,,,,,,,,
,,,,,,,,,,,,
,,,,,,,,,,,,
,,,,,,,,,,,,
,,,,,,,,,,,,
,,Total,,,,3729,,0,#VALUE!,#VALUE!,#VALUE!,0
,,,,,,,,,,,,
,,,,,,,,,,,,
,,,,,,,,,,,,
Bundle Name,,Materials,,,,,,,,,,
Bundle Category,,Materials,,,,,,,,,,
Bundle Type,,Job,,,,,,,,,,
Number of Bundles,,1,,,Details Pricing,,/ Job(s),,,,,
Pricing Method,,APB,,,Summary Pricing,,/ 1 Job(s),,,,,
Invoice Method,,Job,,,Details Invoice,,/ Job(s),,,,,
Quantity of Bundles,,1,,,Summary Invoice,,/ 1 Job(s),,,,,
Bundle Code,,,,,,,,,,,,
,,,,,,,,,,,,
,,,,,,,,,,,,
Item Code,Discountable,Description,Quantity 1,Quantity 2,Net Price,Net Amount,Discount%,Unit Book Price,Amount,Discount Amount,Calculated Discount %,Included?
Preflush/Spacers,#N/A,0,0,0,0,0,0,0,0,0,,
Cement,#N/A,0,0,0,0,0,0,0,0,0,,
113452,*,SURFACEmix LW PRO RD + Additives,33.9,0,495,16780.5,0.57243,POR,#VALUE!,#VALUE!,,
113451,,SURFACEmix LW PRO RD,33.3,0,Included,Included,0.57243,1050,34965,,,Yes
113306,,SCA-6,250,0,Included,Included,0.57243,6.9,1725,,,Yes
113307,,SCA-7,250,0,Included,Included,0.57243,2.25,562.5,,,Yes
113267,,CDF-6P,67,0,Included,Included,0.57243,28,1876,,,Yes
Plugs,#N/A,0,0,0,0,0,0,0,0,0,,
116280,,"219.1 mm (8.625"") Rubber PDC Drillable Top Cementing Plug",1,0,450,450,0.20354,565,565,115,,
,,,,,,,,,,,,
,,,,,,,,,,,,
,,,,,,,,,,,,
,,,,,,,,,,,,
,,,,,,,,,,,,
,,,,,,,,,,,,
,,,,,,,,,,,,
,,,,,,,,,,,,
,,,,,,,,,,,,
,,,,,,,,,,,,
,,,,,,,,,,,,
,,,,,,,,,,,,
,,,,,,,,,,,,
,,,,,,,,,,,,
,,,,,,,,,,,,
,,,,,,,,,,,,
,,,,,,,,,,,,
,,,,,,,,,,,,
,,,,,,,,,,,,
,,,,,,,,,,,,
,,,,,,,,,,,,
,,,,,,,,,,,,
,,,,,,,,,,,,
,,,,,,,,,,,,
,,,,,,,,,,,,
,,,,,,,,,,,,
,,,,,,,,,,,,
,,,,,,,,,,,,
,,,,,,,,,,,,
,,,,,,,,,,,,
,,,,,,,,,,,,
,,,,,,,,,,,,
,,,,,,,,,,,,
,,,,,,,,,,,,
,,,,,,,,,,,,
,,,,,,,,,,,,
,,,,,,,,,,,,
,,,,,,,,,,,,
,,,,,,,,,,,,
,,,,,,,,,,,,
,,,,,,,,,,,,
,,,,,,,,,,,,
,,,,,,,,,,,,
,,,,,,,,,,,,
,,,,,,,,,,,,
,,,,,,,,,,,,
,,,,,,,,,,,,
,,,,,,,,,,,,
,,,,,,,,,,,,
,,,,,,,,,,,,
,,,,,,,,,,,,
,,,,,,,,,,,,
,,,,,,,,,,,,
,,,,,,,,,,,,
,,,,,,,,,,,,
,,,,,,,,,,,,
,,,,,,,,,,,,
,,,,,,,,,,,,
,,,,,,,,,,,,
,,,,,,,,,,,,
,,,,,,,,,,,,
,,,,,,,,,,,,
,,,,,,,,,,,,
,,,,,,,,,,,,
,,,,,,,,,,,,
,,,,,,,,,,,,
,,,,,,,,,,,,
,,,,,,,,,,,,
,,,,,,,,,,,,
,,,,,,,,,,,,
,,,,,,,,,,,,
,,Total,,,,17230.5,,1652.15,#VALUE!,#VALUE!,#VALUE!,4
,,,,,,,,,,,,
,,,,,,,,,,,,
Bundle Name,,Miscellaneous Items,,,,,,,,,,
Bundle Category,,Miscellaneous Items,,,,,,,,,,
Bundle Type,,Job,,,,,,,,,,
Number of Bundles,,1,,,Details Pricing,,/ Job(s),,,,,
Pricing Method,,Details,,,Summary Pricing,,/ 1 Job(s),,,,,
Invoice Method,,Job,,,Details Invoice,,/ Job(s),,,,,
Quantity of Bundles,,1,,,Summary Invoice,,/ 1 Job(s),,,,,
Bundle Code,,,,,,,,,,,,
,,,,,,,,,,,,
,,,,,,,,,,,,
Item Code,Discountable,Description,Quantity 1,Quantity 2,Net Price,Net Amount,Discount%,Unit Book Price,Amount,Discount Amount,Calculated Discount %,Included?
113248,,LCC-1 Lost Circulation Composite,678,,3.15,2135.7,0.5,6.3,4271.4,2135.7,,
113250,,LCF-7 Lost Circulation Fibers,40.6,,43.5,1766.1,0.5,87,3532.2,1766.1,,
112342,#N/A,Pumping Unit - Fuel Surcharge,1,,0,0,,,#VALUE!,#VALUE!,,
112343,#N/A,Handling and Delivery - Fuel Surcharge,33.9,,0,0,,,#VALUE!,#VALUE!,,
,,,,,,,,,,,,
,,,,,,,,,,,,
,,,,,,,,,,,,
,,,,,,,,,,,,
,,,,,,,,,,,,
,,,,,,,,,,,,
,,,,,,,,,,,,
,,Total,,,,3901.8,,93.3,#VALUE!,#VALUE!,#VALUE!,0
Template Job Type,,2 Blend Production,,,,,,,,,,
Job Type,,Production Casing,5,,,,Pumping Serice Line Type,Primary Cementing,Total Revenue,56062.5,,
Job Type ID,,1506,Depth Base Charge,4573,,,Stage / Plug Treatment Information Type,Stage,Execution Order,57,,
,,,Risk Matrix,76.5,,,# of Stages,1,,,,
Bundle Name,,Services,,,, ,,,,,,
Bundle Category,,Services,,,,,,,,,,
Bundle Type,,Job,,,,,,,,,,
Number of Bundles,,1,,,Details Pricing,,/ Job(s),,,,,
Pricing Method,,Summary With Details,,,Summary Pricing,,/ 1 Job(s),,,,,
Invoice Method,,Job,,,Details Invoice,,/ Job(s),,,,,
Quantity of Bundles,,1,,,Summary Invoice,,/ 1 Job(s),,,, ,
Bundle Code,,,,,,,,,,,,
,,,,,,,,,,,,
,,,,,,,,,,,,
Item Code,Discountable,Description,Quantity 1,Quantity 2,Net Price,Net Amount,Discount%,Unit Book Price,Amount,Discount Amount,Calculated Discount %,Included?
116033,*,Pumping Service: Cementing Base Charge (6 hours),1,0,6900,6900,0.74381,POR,#VALUE!,#VALUE!,,
111022,,Pumper Base Charge,1,0,Included,Included,0.74381,19950,19950,,,Yes
111380,,Pumper Unit Travel,1,150,Included,Included,0.74381,8.3,1245,,,Yes
111382,,Pickup Travel,1,150,Included,Included,0.74381,3.55,532.5,,,Yes
116026,,Twin Pumping Unit Surcharge,1,0,Included,Included,0.74381,4987.5,4987.5,,,Yes
111493,*,Environmental Surcharge,1,0,Included,Included,0,55,55,,,Yes
,,,,,,,,,,,,
,,,,,,,,,,,,
,,,,,,,,,,,,
,,,,,,,,,,,,
,,,,,,,,,,,,
,,,,,,,,,,,,
,,,,,,,,,,,,
,,,,,,,,,,,,
,,,,,,,,,,,,
,,,,,,,,,,,,
,,,,,,,,,,,,
,,,,,,,,,,,,
,,,,,,,,,,,,
,,Total,,,,6900,,,#VALUE!,#VALUE!,#VALUE!,5
,,,,,,,,,,,,
Bundle Name,,Handling & Delivery,,,,,,,,,,
Bundle Category,,Handling,,,,,,,,,,
Bundle Type,,Job,,,,,,,,,,
Number of Bundles,,1,,,Details Pricing,,/ Job(s),,,,,
Pricing Method,,Summary With Details,,,Summary Pricing,,/ 1 Job(s),,,,,
Invoice Method,,Job,,,Details Invoice,,/ Job(s),,,,,
Quantity of Bundles,,1,,,Summary Invoice,,/ 1 Job(s),,,,,
Bundle Code,,,,,,,,,,,,
,,,,,,,,,,,,
,,,,,,,,,,,,
Item Code,Discountable,Description,Quantity 1,Quantity 2,Net Price,Net Amount,Discount%,Unit Book Price,Amount,Discount Amount,Calculated Discount %,Included?
111492,*,Handling and Delivery Service Charge,59.7,0,115,6865.5,0.66135,POR,#VALUE!,#VALUE!,,
,,,,,,,,,,,,
,,,,,,,,,,,,
,,,,,,,,,,,,
,,,,,,,,,,,,
,,,,,,,,,,,,
,,,,,,,,,,,,
,,,,,,,,,,,,
,,,,,,,,,,,,
,,,,,,,,,,,,
,,Total,,,,6865.5,,,#VALUE!,#VALUE!,#VALUE!,0
,,,,,,,,,,,,
,,,,,,,,,,,,
,,,,,,,,,,,,
Bundle Name,,Materials,,,,,,,,,,
Bundle Category,,Materials,,,,,,,,,,
Bundle Type,,Job,,,,,,,,,,
Number of Bundles,,1,,,Details Pricing,,/ Job(s),,,,,
Pricing Method,,Summary With Details,,,Summary Pricing,,/ 1 Job(s),,,,,
Invoice Method,,Job,,,Details Invoice,,/ Job(s),,,,,
Quantity of Bundles,,1,,,Summary Invoice,,/ 1 Job(s),,,,,
Bundle Code,,,,,,,,,,,,
,,,,,,,,,,,,
,,,,,,,,,,,,
Item Code,Discountable,Description,Quantity 1,Quantity 2,Net Price,Net Amount,Discount%,Unit Book Price,Amount,Discount Amount,Calculated Discount %,Included?
Preflush/Spacers,#N/A,0,0,0,0,0,0,0,0,0,,
113181,,Water Wet Max,4,0,480,1920,0.6,1200,4800,2880,,
113206,,WG-3L,40,0,29.6,1184,0.6,74,2960,1776,,
Lead Cement,#N/A,0,0,0,0,0,0,0,0,0,,
116476,*,ECOlite 1325 + Additives,19.4,0,610,11834,0.62885,POR,#VALUE!,#VALUE!,,
116475,,ECOlite 1325,19.1,0,Included,Included,0.62885,1375,26262.5,,,Yes
113306,,SCA-6,48,0,Included,Included,0.62885,6.9,331.2,,,Yes
113307,,SCA-7,48,0,Included,Included,0.62885,2.25,108,,,Yes
113127,,MCR-7,153,0,Included,Included,0.62885,8.9,1361.7,,,Yes
113414,,ASM-3,39,0,Included,Included,0.62885,55,2145,,,Yes
113267,,CDF-6P,58,0,Included,Included,0.62885,28,1624,,,Yes
Tail Cement,#N/A,0,0,0,0,0,0,0,0,0,,
116466,*,ECOprime + Additives,40.1,0,590,23659,0.6876,POR,#VALUE!,#VALUE!,,
116465,,ECOprime,38.71,0,Included,Included,0.6876,970,37548.7,,,Yes
113146,,CFL-11,271,0,Included,Included,0.6876,78.6,21300.6,,,Yes
113127,,MCR-7,97,0,Included,Included,0.6876,8.9,863.3,,,Yes
113306,,SCA-6,194,0,Included,Included,0.6876,6.9,1338.6,,,Yes
113307,,SCA-7,194,0,Included,Included,0.6876,2.25,436.5,,,Yes
113140,,FWC-2,388,0,Included,Included,0.6876,11.3,4384.4,,,Yes
113414,,ASM-3,117,0,Included,Included,0.6876,55,6435,,,Yes
113267,,CDF-6P,117,0,Included,Included,0.6876,28,3276,,,Yes
Displacment,#N/A,0,0,0,0,0,0,0,0,0,,
113125,,MCR-9L,150,0,12,1800,0.53846,26,3900,2100,,
Plugs,#N/A,0,0,0,0,0,0,0,0,0,,
116401,,"114.3 mm - 139.7 mm (4.5"" - 5.5"") Combination Bottom Cementing Plug",1,0,950,950,0.60825,2425,2425,1475,,
116400,,"114.3 mm - 139.7 mm (4.5"" - 5.5"") Combination Top Cementing Plug",1,0,950,950,0.60825,2425,2425,1475,,
,,,,,,,,,,,,
,,,,,,,,,,,,
,,,,,,,,,,,,
,,,,,,,,,,,,
,,,,,,,,,,,,
,,,,,,,,,,,,
,,,,,,,,,,,,
,,,,,,,,,,,,
,,,,,,,,,,,,
,,,,,,,,,,,,
,,,,,,,,,,,,
,,,,,,,,,,,,
,,,,,,,,,,,,
,,,,,,,,,,,,
,,,,,,,,,,,,
,,,,,,,,,,,,
,,,,,,,,,,,,
,,,,,,,,,,,,
,,,,,,,,,,,,
,,,,,,,,,,,,
,,,,,,,,,,,,
,,,,,,,,,,,,
,,,,,,,,,,,,
,,,,,,,,,,,,
,,,,,,,,,,,,
,,,,,,,,,,,,
,,,,,,,,,,,,
,,,,,,,,,,,,
,,,,,,,,,,,,
,,,,,,,,,,,,
,,,,,,,,,,,,
,,,,,,,,,,,,
,,,,,,,,,,,,
,,,,,,,,,,,,
,,,,,,,,,,,,
,,,,,,,,,,,,
,,,,,,,,,,,,
,,,,,,,,,,,,
,,,,,,,,,,,,
,,,,,,,,,,,,
,,,,,,,,,,,,
,,,,,,,,,,,,
,,,,,,,,,,,,
,,,,,,,,,,,,
,,,,,,,,,,,,
,,,,,,,,,,,,
,,,,,,,,,,,,
,,,,,,,,,,,,
,,,,,,,,,,,,
,,,,,,,,,,,,
,,,,,,,,,,,,
,,,,,,,,,,,,
,,,,,,,,,,,,
,,,,,,,,,,,,
,,Total,,,,42297,,,#VALUE!,#VALUE!,#VALUE!,14
,,,,,,,,,,,,
,,,,,,,,,,,,
Bundle Name,,Miscellaneous Items,,,,,,,,,,
Bundle Category,,Miscellaneous Items,,,,,,,,,,
Bundle Type,,Job,,,,,,,,,,
Number of Bundles,,1,,,Details Pricing,,/ Job(s),,,,,
Pricing Method,,Details,,,Summary Pricing,,/ 1 Job(s),,,,,
Invoice Method,,Job,,,Details Invoice,,/ Job(s),,,,,
Quantity of Bundles,,1,,,Summary Invoice,,/ 1 Job(s),,,,,
Bundle Code,,,,,,,,,,,,
,,,,,,,,,,,,
,,,,,,,,,,,,
Item Code,Discountable,Description,Quantity 1,Quantity 2,Net Price,Net Amount,Discount%,Unit Book Price,Amount,Discount Amount,Calculated Discount %,Included?
112342,#N/A,Pumping Unit - Fuel Surcharge,1,0,0,0,,,#VALUE!,#VALUE!,,
112343,#N/A,Handling and Delivery - Fuel Surcharge,59.7,0,0,0,,,#VALUE!,#VALUE!,,
,,,,,,,,,,,,
,,,,,,,,,,,,
,,,,,,,,,,,,
,,,,,,,,,,,,
,,,,,,,,,,,,
,,,,,,,,,,,,
,,,,,,,,,,,,
,,,,,,,,,,,,
,,,,,,,,,,,,
,,,,,,0,,,#VALUE!,#VALUE!,#VALUE!,0
,,,,,,,,,,,,
Template Job Type,,,,,,,,,,,,
Job Type,,,,,,,Pumping Serice Line Type,Unknown,Total Revenue,#N/A,,
Job Type ID,,,Depth Base Charge,Not Applicable,,,Stage / Plug Treatment Information Type,Unknown,Execution Order,,,
,,,Risk Matrix,,,,# of Unknowns,Unknown,,,,
Bundle Name,,Services,,,, ,,,,,,
Bundle Category,,Services,,,,,,,,,,
Bundle Type,,Job,,,,,,,,,,
Number of Bundles,,1,,,Details Pricing,,/ Job(s),,,,,
Pricing Method,,#N/A,,,Summary Pricing,,/ 1 Job(s),,,,,
Invoice Method,,Job,,,Details Invoice,,/ Job(s),,,,,
Quantity of Bundles,,1,,,Summary Invoice,,/ 1 Job(s),,,, ,
Bundle Code,,,,,,,,,,,,
,,,,,,,,,,,,
,,,,,,,,,,,,
Item Code,Discountable,Description,Quantity 1,Quantity 2,Net Price,Net Amount,Discount%,Unit Book Price,Amount,Discount Amount,Calculated Discount %,Included?
,,,,,,,,,,,,
,,,,,,,,,,,,
,,,,,,,,,,,,
,,,,,,,,,,,,
,,,,,,,,,,,,
,,,,,,,,,,,,
,,,,,,,,,,,,
,,,,,,,,,,,,
,,,,,,,,,,,,
,,,,,,,,,,,,
,,,,,,,,,,,,
,,,,,,,,,,,,
,,,,,,,,,,,,
,,,,,,,,,,,,
,,,,,,,,,,,,
,,,,,,,,,,,,
,,,,,,,,,,,,
,,,,,,,,,,,,
,,,,,,,,,,,,
,,Total,,,,0,,,0,0,0,0
,,,,,,,,,,,,
Bundle Name,,Handling & Delivery,,,,,,,,,,
Bundle Category,,Handling,,,,,,,,,,
Bundle Type,,Job,,,,,,,,,,
Number of Bundles,,1,,,Details Pricing,,/ Job(s),,,,,
Pricing Method,,#N/A,,,Summary Pricing,,/ 1 Job(s),,,,,
Invoice Method,,Job,,,Details Invoice,,/ Job(s),,,,,
Quantity of Bundles,,1,,,Summary Invoice,,/ 1 Job(s),,,,,
Bundle Code,,,,,,,,,,,,
,,,,,,,,,,,,
,,,,,,,,,,,,
Item Code,Discountable,Description,Quantity 1,Quantity 2,Net Price,Net Amount,Discount%,Unit Book Price,Amount,Discount Amount,Calculated Discount %,Included?
,,,,,,,,,,,,
,,,,,,,,,,,,
,,,,,,,,,,,,
,,,,,,,,,,,,
,,,,,,,,,,,,
,,,,,,,,,,,,
,,,,,,,,,,,,
,,,,,,,,,,,,
,,,,,,,,,,,,
,,,,,,,,,,,,
,,Total,,,,0,,,0,0,0,0
,,,,,,,,,,,,
,,,,,,,,,,,,
,,,,,,,,,,,,
Bundle Name,,Materials,,,,,,,,,,
Bundle Category,,Materials,,,,,,,,,,
Bundle Type,,Job,,,,,,,,,,
Number of Bundles,,1,,,Details Pricing,,/ Job(s),,,,,
Pricing Method,,#N/A,,,Summary Pricing,,/ 1 Job(s),,,,,
Invoice Method,,Job,,,Details Invoice,,/ Job(s),,,,,
Quantity of Bundles,,1,,,Summary Invoice,,/ 1 Job(s),,,,,
Bundle Code,,,,,,,,,,,,
,,,,,,,,,,,,
,,,,,,,,,,,,
Item Code,Discountable,Description,Quantity 1,Quantity 2,Net Price,Net Amount,Discount%,Unit Book Price,Amount,Discount Amount,Calculated Discount %,Included?
,,,,,,,,,,,,
,,,,,,,,,,,,
,,,,,,,,,,,,
,,,,,,,,,,,,
,,,,,,,,,,,,
,,,,,,,,,,,,
,,,,,,,,,,,,
,,,,,,,,,,,,
,,,,,,,,,,,,
,,,,,,,,,,,,
,,,,,,,,,,,,
,,,,,,,,,,,,
,,,,,,,,,,,,
,,,,,,,,,,,,
,,,,,,,,,,,,
,,,,,,,,,,,,
,,,,,,,,,,,,
,,,,,,,,,,,,
,,,,,,,,,,,,
,,,,,,,,,,,,
,,,,,,,,,,,,
,,,,,,,,,,,,
,,,,,,,,,,,,
,,,,,,,,,,,,
,,,,,,,,,,,,
,,,,,,,,,,,,
,,,,,,,,,,,,
,,,,,,,,,,,,
,,,,,,,,,,,,
,,,,,,,,,,,,
,,,,,,,,,,,,
,,,,,,,,,,,,
,,,,,,,,,,,,
,,,,,,,,,,,,
,,,,,,,,,,,,
,,,,,,,,,,,,
,,,,,,,,,,,,
,,,,,,,,,,,,
,,,,,,,,,,,,
,,,,,,,,,,,,
,,,,,,,,,,,,
,,,,,,,,,,,,
,,,,,,,,,,,,
,,,,,,,,,,,,
,,,,,,,,,,,,
,,,,,,,,,,,,
,,,,,,,,,,,,
,,,,,,,,,,,,
,,,,,,,,,,,,
,,,,,,,,,,,,
,,,,,,,,,,,,
,,,,,,,,,,,,
,,,,,,,,,,,,
,,,,,,,,,,,,
,,,,,,,,,,,,
,,,,,,,,,,,,
,,,,,,,,,,,,
,,,,,,,,,,,,
,,,,,,,,,,,,
,,,,,,,,,,,,
,,,,,,,,,,,,
,,,,,,,,,,,,
,,,,,,,,,,,,
,,,,,,,,,,,,
,,,,,,,,,,,,
,,,,,,,,,,,,
,,,,,,,,,,,,
,,,,,,,,,,,,
,,,,,,,,,,,,
,,,,,,,,,,,,
,,,,,,,,,,,,
,,,,,,,,,,,,
,,,,,,,,,,,,
,,,,,,,,,,,,
,,,,,,,,,,,,
,,,,,,,,,,,,
,,,,,,,,,,,,
,,,,,,,,,,,,
,,,,,,,,,,,,
,,,,,,,,,,,,
,,Total,,,,0,,,0,0,0,0
,,,,,,,,,,,,
,,,,,,,,,,,,
Bundle Name,,Miscellaneous Items,,,,,,,,,,
Bundle Category,,Miscellaneous Items,,,,,,,,,,
Bundle Type,,Job,,,,,,,,,,
Number of Bundles,,1,,,Details Pricing,,/ Job(s),,,,,
Pricing Method,,#N/A,,,Summary Pricing,,/ 1 Job(s),,,,,
Invoice Method,,Job,,,Details Invoice,,/ Job(s),,,,,
Quantity of Bundles,,1,,,Summary Invoice,,/ 1 Job(s),,,,,
Bundle Code,,,,,,,,,,,,
,,,,,,,,,,,,
,,,,,,,,,,,,
Item Code,Discountable,Description,Quantity 1,Quantity 2,Net Price,Net Amount,Discount%,Unit Book Price,Amount,Discount Amount,Calculated Discount %,Included?
,,,,,,,,,,,,
,,,,,,,,,,,,
,,,,,,,,,,,,
,,,,,,,,,,,,
,,,,,,,,,,,,
,,,,,,,,,,,,
,,,,,,,,,,,,
,,,,,,,,,,,,
,,,,,,,,,,,,
,,,,,,,,,,,,
,,,,,,,,,,,,
,,Total,,,,0,,,0,0,0,0
,,,,,,,,,,,,
Template Job Type,,,,,,,,,,,,
Job Type,,,,,,,Pumping Serice Line Type,Unknown,Total Revenue,Not Applicable,,
Job Type ID,,,Depth Base Charge,Not Applicable,,,Stage / Plug Treatment Information Type,Unknown,Execution Order,,,
,,,Risk Matrix,,,,# of Unknowns,Unknown,,,,
Bundle Name,,Services,,,, ,,,,,,
Bundle Category,,Services,,,,,,,,,,
Bundle Type,,Job,,,,,,,,,,
Number of Bundles,,1,,,Details Pricing,,/ Job(s),,,,,
Pricing Method,,#N/A,,,Summary Pricing,,/ 1 Job(s),,,,,
Invoice Method,,Job,,,Details Invoice,,/ Job(s),,,,,
Quantity of Bundles,,1,,,Summary Invoice,,/ 1 Job(s),,,, ,
Bundle Code,,,,,,,,,,,,
,,,,,,,,,,,,
,,,,,,,,,,,,
Item Code,Discountable,Description,Quantity 1,Quantity 2,Net Price,Net Amount,Discount%,Unit Book Price,Amount,Discount Amount,Calculated Discount %,Included?
,,,,,,,,,,,,
,,,,,,,,,,,,
,,,,,,,,,,,,
,,,,,,,,,,,,
,,,,,,,,,,,,
,,,,,,,,,,,,
,,,,,,,,,,,,
,,,,,,,,,,,,
,,,,,,,,,,,,
,,,,,,,,,,,,
,,,,,,,,,,,,
,,,,,,,,,,,,
,,,,,,,,,,,,
,,,,,,,,,,,,
,,,,,,,,,,,,
,,,,,,,,,,,,
,,,,,,,,,,,,
,,,,,,,,,,,,
,,,,,,,,,,,,
,,Total,,,,0,,,0,0,0,0
,,,,,,,,,,,,
Bundle Name,,Handling & Delivery,,,,,,,,,,
Bundle Category,,Handling,,,,,,,,,,
Bundle Type,,Job,,,,,,,,,,
Number of Bundles,,1,,,Details Pricing,,/ Job(s),,,,,
Pricing Method,,#N/A,,,Summary Pricing,,/ 1 Job(s),,,,,
Invoice Method,,Job,,,Details Invoice,,/ Job(s),,,,,
Quantity of Bundles,,1,,,Summary Invoice,,/ 1 Job(s),,,,,
Bundle Code,,,,,,,,,,,,
,,,,,,,,,,,,
,,,,,,,,,,,,
Item Code,Discountable,Description,Quantity 1,Quantity 2,Net Price,Net Amount,Discount%,Unit Book Price,Amount,Discount Amount,Calculated Discount %,Included?
,,,,,,,,,,,,
,,,,,,,,,,,,
,,,,,,,,,,,,
,,,,,,,,,,,,
,,,,,,,,,,,,
,,,,,,,,,,,,
,,,,,,,,,,,,
,,,,,,,,,,,,
,,,,,,,,,,,,
,,,,,,,,,,,,
,,Total,,,,0,,,0,0,0,0
,,,,,,,,,,,,
,,,,,,,,,,,,
,,,,,,,,,,,,
Bundle Name,,Materials,,,,,,,,,,
Bundle Category,,Materials,,,,,,,,,,
Bundle Type,,Job,,,,,,,,,,
Number of Bundles,,1,,,Details Pricing,,/ Job(s),,,,,
Pricing Method,,#N/A,,,Summary Pricing,,/ 1 Job(s),,,,,
Invoice Method,,Job,,,Details Invoice,,/ Job(s),,,,,
Quantity of Bundles,,1,,,Summary Invoice,,/ 1 Job(s),,,,,
Bundle Code,,,,,,,,,,,,
,,,,,,,,,,,,
,,,,,,,,,,,,
Item Code,Discountable,Description,Quantity 1,Quantity 2,Net Price,Net Amount,Discount%,Unit Book Price,Amount,Discount Amount,Calculated Discount %,Included?
,,,,,,,,,,,,
,,,,,,,,,,,,
,,,,,,,,,,,,
,,,,,,,,,,,,
,,,,,,,,,,,,
,,,,,,,,,,,,
,,,,,,,,,,,,
,,,,,,,,,,,,
,,,,,,,,,,,,
,,,,,,,,,,,,
,,,,,,,,,,,,
,,,,,,,,,,,,
,,,,,,,,,,,,
,,,,,,,,,,,,
,,,,,,,,,,,,
,,,,,,,,,,,,
,,,,,,,,,,,,
,,,,,,,,,,,,
,,,,,,,,,,,,
,,,,,,,,,,,,
,,,,,,,,,,,,
,,,,,,,,,,,,
,,,,,,,,,,,,
,,,,,,,,,,,,
,,,,,,,,,,,,
,,,,,,,,,,,,
,,,,,,,,,,,,
,,,,,,,,,,,,
,,,,,,,,,,,,
,,,,,,,,,,,,
,,,,,,,,,,,,
,,,,,,,,,,,,
,,,,,,,,,,,,
,,,,,,,,,,,,
,,,,,,,,,,,,
,,,,,,,,,,,,
,,,,,,,,,,,,
,,,,,,,,,,,,
,,,,,,,,,,,,
,,,,,,,,,,,,
,,,,,,,,,,,,
,,,,,,,,,,,,
,,,,,,,,,,,,
,,,,,,,,,,,,
,,,,,,,,,,,,
,,,,,,,,,,,,
,,,,,,,,,,,,
,,,,,,,,,,,,
,,,,,,,,,,,,
,,,,,,,,,,,,
,,,,,,,,,,,,
,,,,,,,,,,,,
,,,,,,,,,,,,
,,,,,,,,,,,,
,,,,,,,,,,,,
,,,,,,,,,,,,
,,,,,,,,,,,,
,,,,,,,,,,,,
,,,,,,,,,,,,
,,,,,,,,,,,,
,,,,,,,,,,,,
,,,,,,,,,,,,
,,,,,,,,,,,,
,,,,,,,,,,,,
,,,,,,,,,,,,
,,,,,,,,,,,,
,,,,,,,,,,,,
,,,,,,,,,,,,
,,,,,,,,,,,,
,,,,,,,,,,,,
,,,,,,,,,,,,
,,,,,,,,,,,,
,,,,,,,,,,,,
,,,,,,,,,,,,
,,,,,,,,,,,,
,,,,,,,,,,,,
,,,,,,,,,,,,
,,,,,,,,,,,,
,,,,,,,,,,,,
,,,,,,,,,,,,
,,Total,,,,0,,,0,0,0,
,,,,,,,,,,,,
,,,,,,,,,,,,
Bundle Name,,Miscellaneous Items,,,,,,,,,,
Bundle Category,,Miscellaneous Items,,,,,,,,,,
Bundle Type,,Job,,,,,,,,,,
Number of Bundles,,1,,,Details Pricing,,/ Job(s),,,,,
Pricing Method,,#N/A,,,Summary Pricing,,/ 1 Job(s),,,,,
Invoice Method,,Job,,,Details Invoice,,/ Job(s),,,,,
Quantity of Bundles,,1,,,Summary Invoice,,/ 1 Job(s),,,,,
Bundle Code,,,,,,,,,,,,
,,,,,,,,,,,,
,,,,,,,,,,,,
Item Code,Discountable,Description,Quantity 1,Quantity 2,Net Price,Net Amount,Discount%,Unit Book Price,Amount,Discount Amount,Calculated Discount %,Included?
,,,,,,,,,,,,
,,,,,,,,,,,,
,,,,,,,,,,,,
,,,,,,,,,,,,
,,,,,,,,,,,,
,,,,,,,,,,,,
,,,,,,,,,,,,
,,,,,,,,,,,,
,,,,,,,,,,,,
,,,,,,,,,,,,
,,,,,,,,,,,,
,,,,,,0,,,0,0,0,
,,,,,,,,,,,,
Template Job Type,,,,,,,,,,,,
Job Type,,,,,,,Pumping Serice Line Type,Not Applicable,Total Revenue,Not Applicable,,
Job Type ID,,,Depth Base Charge,Not Applicable,,,Stage / Plug Treatment Information Type,Not Applicable,,,,
,,,,,,,# of Not Applicables,Not Applicable,,,,
eService Import Sheet End,,,,,,,,,,,,
Product Import Sheet,,,,,,,,,,,,
Job Type,Surface Casing,,Job Type ID,1504,,,,,,,,
Blend #,1,Stage,1,1 Blend Surface,Preflush 1,,,,,,,
Base Blend,Category,Amount,Units,Density,Event #,Field Blend Testing,,,,,,
Fresh Water,Preflush,4,m3,1000,1,,,,,,,
Mix Water Req.,-,Yield,-,Sack Weight,1000,,,,,,,
Additive Name,Amount,Units,Price Book Code,Mix Method,,,,,,,,
,,,,,,,,,,,,
,,,,,,,,,,,,
,,,,,,,,,,,,
,,,,,,,,,,,,
,,,,,,,,,,,,
,,,,,,,,,,,,
,,,,,,,,,,,,
,,,,,,,,,,,,
,,,,,,,,,,,,
,,,,,,,,,,,,
,,,,,,,,,,,,
,,,,,,,,,,,,
,,,,,,,,,,,,
,,,,,,,,,,,,
Blend #,2,Stage,,1 Blend Surface,Preflush 2,,,,,,,
Base,Category,Amount,Units,Density,Event #,Field Blend Testing,,,,,,
,,,,1250,2,,,,,,,
Mix Water Req.,-,Yield,-,Sack Weight,1000,,,,,,,
Additive Name,Amount,Units,Price Book Code,Mix Method,,,,,,,,
,,,,,,,,,,,,
,,,,,,,,,,,,
,,,,,,,,,,,,
,,,,,,,,,,,,
,,,,,,,,,,,,
,,,,,,,,,,,,
,,,,,,,,,,,,
,,,,,,,,,,,,
,,,,,,,,,,,,
,,,,,,,,,,,,
,,,,,,,,,,,,
,,,,,,,,,,,,
,,,,,,,,,,,,
,,,,,,,,,,,,
Blend #,3,Stage,,1 Blend Surface,Preflush 3,,,,,,,
Base,Category,Amount,Units,Density,Event #,Field Blend Testing,,,,,,
,,,,1300,3,,,,,,,
Mix Water Req.,-,Yield,-,Sack Weight,1000,,,,,,,
Additive Name,Amount,Units,Price Book Code,Mix Method,,,,,,,,
,,,,,,,,,,,,
,,,,,,,,,,,,
,,,,,,,,,,,,
,,,,,,,,,,,,
,,,,,,,,,,,,
,,,,,,,,,,,,
,,,,,,,,,,,,
,,,,,,,,,,,,
,,,,,,,,,,,,
,,,,,,,,,,,,
,,,,,,,,,,,,
,,,,,,,,,,,,
,,,,,,,,,,,,
,,,,,,,,,,,,
Blend #,4,Stage,1,1 Blend Surface,Blend 1,,,,,,,
Base,Category,Amount,Units,Density,Event #,Field Blend Testing,,,,,,
SURFACEmix LW PRO RD,Lead 1,33.3,t,1550,4,No,,,,,,
Mix Water Req.,0.843,Yield,1.219,Sack Weight,1047,,,,,,,
Additive Name,Amount,Units,Price Book Code,Mix Method,,,,,,,,
SCA-6,0.75,%,113306,Preblend,,,,,,,,
SCA-7,0.75,%,113307,Preblend,,,,,,,,
CDF-6P,0.2,%,113267,Preblend,,,,,,,,
LCC-1,2,%,113248,Preblend,,,,,,,,
LCF-7,1,Kg/m3,113250,Add On The Fly,,,,,,,,
,,,,,,,,,,,,
,,,,,,,,,,,,
,,,,,,,,,,,,
,,,,,,,,,,,,
,,,,,,,,,,,,
,,,,,,,,,,,,
,,,,,,,,,,,,
Blend #,5,Stage,Not Applicable,1 Blend Surface,0,,,,,,,
Base,Category,Amount,Units,Density,Event #,Field Blend Testing,,,,,,
,,,,,5,,,,,,,
Mix Water Req.,,Yield,,Sack Weight,,,,,,,,
Additive Name,Amount,Units,Price Book Code,Mix Method,,,,,,,,
,,,,,,,,,,,,
,,,,,,,,,,,,
,,,,,,,,,,,,
,,,,,,,,,,,,
,,,,,,,,,,,,
,,,,,,,,,,,,
,,,,,,,,,,,,
,,,,,,,,,,,,
,,,,,,,,,,,,
,,,,,,,,,,,,
,,,,,,,,,,,,
,,,,,,,,,,,,
Blend #,6,Stage,Not Applicable,1 Blend Surface,0,,,,,,,
Base,Category,Amount,Units,Density,Event #,Field Blend Testing,,,,,,
,,,,,6,,,,,,,
Mix Water Req.,,Yield,,Sack Weight,,,,,,,,
Additive Name,Amount,Units,Price Book Code,Mix Method,,,,,,,,
,,,,,,,,,,,,
,,,,,,,,,,,,
,,,,,,,,,,,,
,,,,,,,,,,,,
,,,,,,,,,,,,
,,,,,,,,,,,,
,,,,,,,,,,,,
,,,,,,,,,,,,
,,,,,,,,,,,,
,,,,,,,,,,,,
,,,,,,,,,,,,
,,,,,,,,,,,,
Blend #,7,Stage,Not Applicable,1 Blend Surface,0,,,,,,,
Base,Category,Amount,Units,Density,Event #,Field Blend Testing,,,,,,
,,,,,7,,,,,,,
Mix Water Req.,,Yield,,Sack Weight,,,,,,,,
Additive Name,Amount,Units,Price Book Code,Mix Method,,,,,,,,
,,,,,,,,,,,,
,,,,,,,,,,,,
,,,,,,,,,,,,
,,,,,,,,,,,,
,,,,,,,,,,,,
,,,,,,,,,,,,
,,,,,,,,,,,,
,,,,,,,,,,,,
,,,,,,,,,,,,
,,,,,,,,,,,,
,,,,,,,,,,,,
,,,,,,,,,,,,
Blend #,8,Stage,Not Applicable,1 Blend Surface,0,,,,,,,
Base,Category,Amount,Units,Density,Event #,Field Blend Testing,,,,,,
,,,,,1,,,,,,,
Mix Water Req.,,Yield,,Sack Weight,,,,,,,,
Additive Name,Amount,Units,Price Book Code,Mix Method,,,,,,,,
,,,,,,,,,,,,
,,,,,,,,,,,,
,,,,,,,,,,,,
,,,,,,,,,,,,
,,,,,,,,,,,,
,,,,,,,,,,,,
,,,,,,,,,,,,
,,,,,,,,,,,,
,,,,,,,,,,,,
,,,,,,,,,,,,
,,,,,,,,,,,,
,,,,,,,,,,,,
Blend #,9,Stage,Not Applicable,1 Blend Surface,0,,,,,,,
Base,Category,Amount,Units,Density,Event #,Field Blend Testing,,,,,,
,,,,,,,,,,,,
Mix Water Req.,,Yield,,Sack Weight,,,,,,,,
Additive Name,Amount,Units,Price Book Code,Mix Method,,,,,,,,
,,,,,,,,,,,,
,,,,,,,,,,,,
,,,,,,,,,,,,
,,,,,,,,,,,,
,,,,,,,,,,,,
,,,,,,,,,,,,
,,,,,,,,,,,,
,,,,,,,,,,,,
,,,,,,,,,,,,
,,,,,,,,,,,,
,,,,,,,,,,,,
,,,,,,,,,,,,
Blend #,10,Stage,5,1 Blend Surface,0,,,,,,,
Base Blend,Category,Amount,Units,Density,Event #,Field Blend Testing,,,,,,
,,,,,,,,,,,,
Mix Water Req.,,Yield,,Sack Weight,,,,,,,,
Additive Name,Amount,Units,Price Book Code,Mix Method,,,,,,,,
,,,,,,,,,,,,
,,,,,,,,,,,,
,,,,,,,,,,,,
,,,,,,,,,,,,
,,,,,,,,,,,,
,,,,,,,,,,,,
,,,,,,,,,,,,
,,,,,,,,,,,,
,,,,,,,,,,,,
,,,,,,,,,,,,
,,,,,,,,,,,,
,,,,,,,,,,,,
Blend #,11,Stage,6,1 Blend Surface,0,,,,,,,
Base,Category,Amount,Units,Density,Event #,Field Blend Testing,,,,,,
,,,,,,,,,,,,
Mix Water Req.,,Yield,,Sack Weight,,,,,,,,
Additive Name,Amount,Units,Price Book Code,Mix Method,,,,,,,,
,,,,,,,,,,,,
,,,,,,,,,,,,
,,,,,,,,,,,,
,,,,,,,,,,,,
,,,,,,,,,,,,
,,,,,,,,,,,,
,,,,,,,,,,,,
,,,,,,,,,,,,
,,,,,,,,,,,,
,,,,,,,,,,,,
,,,,,,,,,,,,
,,,,,,,,,,,,
Blend #,12,Stage,6,1 Blend Surface,0,,,,,,,
Base Blend,Category,Amount,Units,Density,Event #,Field Blend Testing,,,,,,
,,,,,,,,,,,,
Mix Water Req.,,Yield,,Sack Weight,,,,,,,,
Additive Name,Amount,Units,Price Book Code,Mix Method,,,,,,,,
,,,,,,,,,,,,
,,,,,,,,,,,,
,,,,,,,,,,,,
,,,,,,,,,,,,
,,,,,,,,,,,,
,,,,,,,,,,,,
,,,,,,,,,,,,
,,,,,,,,,,,,
,,,,,,,,,,,,
,,,,,,,,,,,,
,,,,,,,,,,,,
,,,,,,,,,,,,
Job Type,Production Casing,,Job Type ID,1506,,,,,,,,
Blend #,1,Stage,1,2 Blend Production,Preflush 1,,,,,,,
Base Blend,Category,Amount,Units,Density,Event #,Field Blend Testing,,,,,,
Water Wet Max,Preflush,4,m3,1200,,,,,,,,
Mix Water Req.,-,Yield,-,Sack Weight,1000,,,,,,,
Additive Name,Amount,Units,Price Book Code,Mix Method,,,,,,,,
WG-3L,10,l/m3,113206,Prehydrate,,,,,,,,
,,,,,,,,,,,,
,,,,,,,,,,,,
,,,,,,,,,,,,
,,,,,,,,,,,,
,,,,,,,,,,,,
,,,,,,,,,,,,
,,,,,,,,,,,,
,,,,,,,,,,,,
,,,,,,,,,,,,
,,,,,,,,,,,,
,,,,,,,,,,,,
,,,,,,,,,,,,
,,,,,,,,,,,,
Blend #,2,Stage,1,2 Blend Production,Preflush 2,,,,,,,
Base Blend,Category,Amount,Units,Density,Event #,Field Blend Testing,,,,,,
ECOlite 1325,Scavenger,1.6,t,1250,,,,,,,,
Mix Water Req.,2.132,Yield,2.52,Sack Weight,1047,,,,,,,
Additive Name,Amount,Units,Price Book Code,Mix Method,,,,,,,,
,,,,,,,,,,,,
,,,,,,,,,,,,
,,,,,,,,,,,,
,,,,,,,,,,,,
,,,,,,,,,,,,
,,,,,,,,,,,,
,,,,,,,,,,,,
,,,,,,,,,,,,
,,,,,,,,,,,,
,,,,,,,,,,,,
,,,,,,,,,,,,
,,,,,,,,,,,,
,,,,,,,,,,,,
,,,,,,,,,,,,
Blend #,3,Stage,,2 Blend Production,Preflush 3,,,,,,,
Base Blend,Category,Amount,Units,Density,Event #,Field Blend Testing,,,,,,
,,3,m3,,,,,,,,,
Mix Water Req.,-,Yield,-,Sack Weight,1000,,,,,,,
Additive Name,Amount,Units,Price Book Code,Mix Method,,,,,,,,
,,,,,,,,,,,,
,,,,,,,,,,,,
,,,,,,,,,,,,
,,,,,,,,,,,,
,,,,,,,,,,,,
,,,,,,,,,,,,
,,,,,,,,,,,,
,,,,,,,,,,,,
,,,,,,,,,,,,
,,,,,,,,,,,,
,,,,,,,,,,,,
,,,,,,,,,,,,
,,,,,,,,,,,,
Blend #,4,Stage,1,2 Blend Production,Blend 1,,,,,,,
Base Blend,Category,Amount,Units,Density,Event #,Field Blend Testing,,,,,,
ECOlite 1325,Lead 1,19.1,t,1325,,No,,,,,,
Mix Water Req.,1.549,Yield,1.937,Sack Weight,1018,,,,,,,
Additive Name,Amount,Units,Price Book Code,Mix Method,,,,,,,,
SCA-6,0.25,%,113306,Preblend,,,,,,,,
SCA-7,0.25,%,113307,Preblend,,,,,,,,
MCR-7,0.8,%,113127,Preblend,,,,,,,,
ASM-3,0.2,%,113414,Preblend,,,,,,,,
CDF-6P,0.3,%,113267,Preblend,,,,,,,,
,,,,,,,,,,,,
,,,,,,,,,,,,
,,,,,,,,,,,,
,,,,,,,,,,,,
,,,,,,,,,,,,
,,,,,,,,,,,,
,,,,,,,,,,,,
Blend #,5,Stage,1,2 Blend Production,Blend 2,,,,,,,
Base Blend,Category,Amount,Units,Density,Event #,Field Blend Testing,,,,,,
ECOprime,Tail,38.71,t,1550,,No,,,,,,
Mix Water Req.,0.785,Yield,1.174,Sack Weight,1036,,,,,,,
Additive Name,Amount,Units,Price Book Code,Mix Method,,,,,,,,
CFL-11,0.7,%,113146,Preblend,,,,,,,,
MCR-7,0.25,%,113127,Preblend,,,,,,,,
SCA-6,0.5,%,113306,Preblend,,,,,,,,
SCA-7,0.5,%,113307,Preblend,,,,,,,,
FWC-2,1,%,113140,Preblend,,,,,,,,
ASM-3,0.3,%,113414,Preblend,,,,,,,,
CDF-6P,0.3,%,113267,Preblend,,,,,,,,
,,,,,,,,,,,,
,,,,,,,,,,,,
,,,,,,,,,,,,
,,,,,,,,,,,,
Blend #,6,Stage,1,2 Blend Production,Wet Shoe,,,,,,,
Base Blend,Category,Amount,Units,Density,Event #,Field Blend Testing,,,,,,
,,0.5,m3,1250,,,,,,,,
Mix Water Req.,-,Yield,-,Sack Weight,,,,,,,,
Additive Name,Amount,Units,Price Book Code,Mix Method,,,,,,,,
,,,,,,,,,,,,
,,,,,,,,,,,,
,,,,,,,,,,,,
,,,,,,,,,,,,
,,,,,,,,,,,,
,,,,,,,,,,,,
,,,,,,,,,,,,
,,,,,,,,,,,,
,,,,,,,,,,,,
,,,,,,,,,,,,
,,,,,,,,,,,,
,,,,,,,,,,,,
Blend #,7,Stage,1,2 Blend Production,Displacement 1,,,,,,,
Base Blend,Category,Amount,Units,Density,Event #,Field Blend Testing,,,,,,
Fresh Water,Displacement,10,m3,1000,,,,,,,,
Mix Water Req.,0,Yield,0,Sack Weight,0,,,,,,,
Additive Name,Amount,Units,Price Book Code,Mix Method,,,,,,,,
MCR-9L,15,l/m3,113125,Prehydrate,,,,,,,,
,,,,,,,,,,,,
,,,,,,,,,,,,
,,,,,,,,,,,,
,,,,,,,,,,,,
,,,,,,,,,,,,
,,,,,,,,,,,,
,,,,,,,,,,,,
,,,,,,,,,,,,
,,,,,,,,,,,,
,,,,,,,,,,,,
Blend #,8,Stage,1,2 Blend Production,Displacement 2,,,,,,,
Base Blend,Category,Amount,Units,Density,Event #,Field Blend Testing,,,,,,
Fresh Water,Displacement,32.6,m3,1000,,,,,,,,
Mix Water Req.,0,Yield,0,Sack Weight,0,,,,,,,
Additive Name,Amount,Units,Price Book Code,Mix Method,,,,,,,,
,,,,,,,,,,,,
,,,,,,,,,,,,
,,,,,,,,,,,,
,,,,,,,,,,,,
,,,,,,,,,,,,
,,,,,,,,,,,,
,,,,,,,,,,,,
,,,,,,,,,,,,
,,,,,,,,,,,,
,,,,,,,,,,,,
,,,,,,,,,,,,
,,,,,,,,,,,,
Blend #,9,Stage,Not Applicable,2 Blend Production,0,,,,,,,
Base Blend,Category,Amount,Units,Density,Event #,Field Blend Testing,,,,,,
,,,,,,,,,,,,
Mix Water Req.,,Yield,,Sack Weight,,,,,,,,
Additive Name,Amount,Units,Price Book Code,Mix Method,,,,,,,,
,,,,,,,,,,,,
,,,,,,,,,,,,
,,,,,,,,,,,,
,,,,,,,,,,,,
,,,,,,,,,,,,
,,,,,,,,,,,,
,,,,,,,,,,,,
,,,,,,,,,,,,
,,,,,,,,,,,,
,,,,,,,,,,,,
,,,,,,,,,,,,
Blend #,10,Stage,Not Applicable,2 Blend Production,0,,,,,,,
Base Blend,Category,Amount,Units,Density,Event #,Field Blend Testing,,,,,,
,,,,,,,,,,,,
Mix Water Req.,,Yield,,Sack Weight,,,,,,,,
Additive Name,Amount,Units,Price Book Code,Mix Method,,,,,,,,
,,,,,,,,,,,,
,,,,,,,,,,,,
,,,,,,,,,,,,
,,,,,,,,,,,,
,,,,,,,,,,,,
,,,,,,,,,,,,
,,,,,,,,,,,,
,,,,,,,,,,,,
,,,,,,,,,,,,
,,,,,,,,,,,,
,,,,,,,,,,,,
,,,,,,,,,,,,
Blend #,11,Stage,Not Applicable,2 Blend Production,0,,,,,,,
Base Blend,Category,Amount,Units,Density,Event #,Field Blend Testing,,,,,,
,,,,,,,,,,,,
Mix Water Req.,,Yield,,Sack Weight,,,,,,,,
Additive Name,Amount,Units,Price Book Code,Mix Method,,,,,,,,
,,,,,,,,,,,,
,,,,,,,,,,,,
,,,,,,,,,,,,
,,,,,,,,,,,,
,,,,,,,,,,,,
,,,,,,,,,,,,
,,,,,,,,,,,,
,,,,,,,,,,,,
,,,,,,,,,,,,
,,,,,,,,,,,,
,,,,,,,,,,,,
,,,,,,,,,,,,
Blend #,12,Stage,Not Applicable,2 Blend Production,0,,,,,,,
Base Blend,Category,Amount,Units,Density,Event #,Field Blend Testing,,,,,,
,,,,,,,,,,,,
Mix Water Req.,,Yield,,Sack Weight,,,,,,,,
Additive Name,Amount,Units,Price Book Code,Mix Method,,,,,,,,
,,,,,,,,,,,,
,,,,,,,,,,,,
,,,,,,,,,,,,
,,,,,,,,,,,,
,,,,,,,,,,,,
,,,,,,,,,,,,
,,,,,,,,,,,,
,,,,,,,,,,,,
,,,,,,,,,,,,
,,,,,,,,,,,,
,,,,,,,,,,,,
,,,,,,,,,,,,
Job Type,,,Job Type ID,,,,,,,,,
Blend #,1,Unknown,Not Applicable,0,#N/A,,,,,,,
Base Blend,Category,Amount,Units,Density,Event #,Field Blend Testing,,,,,,
,,,,,,,,,,,,
Mix Water Req.,,Yield,,Sack Weight,,,,,,,,
Additive Name,Amount,Units,Price Book Code,Mix Method,,,,,,,,
,,,,,,,,,,,,
,,,,,,,,,,,,
,,,,,,,,,,,,
,,,,,,,,,,,,
,,,,,,,,,,,,
,,,,,,,,,,,,
,,,,,,,,,,,,
,,,,,,,,,,,,
,,,,,,,,,,,,
,,,,,,,,,,,,
,,,,,,,,,,,,
,,,,,,,,,,,,
,,,,,,,,,,,,
,,,,,,,,,,,,
Blend #,2,Unknown,Not Applicable,0,#N/A,,,,,,,
Base Blend,Category,Amount,Units,Density,Event #,Field Blend Testing,,,,,,
,,,,,,,,,,,,
Mix Water Req.,,Yield,,Sack Weight,,,,,,,,
Additive Name,Amount,Units,Price Book Code,Mix Method,,,,,,,,
,,,,,,,,,,,,
,,,,,,,,,,,,
,,,,,,,,,,,,
,,,,,,,,,,,,
,,,,,,,,,,,,
,,,,,,,,,,,,
,,,,,,,,,,,,
,,,,,,,,,,,,
,,,,,,,,,,,,
,,,,,,,,,,,,
,,,,,,,,,,,,
,,,,,,,,,,,,
,,,,,,,,,,,,
,,,,,,,,,,,,
Blend #,3,Unknown,Not Applicable,0,#N/A,,,,,,,
Base Blend,Category,Amount,Units,Density,Event #,Field Blend Testing,,,,,,
,,,,,,,,,,,,
Mix Water Req.,,Yield,,Sack Weight,,,,,,,,
Additive Name,Amount,Units,Price Book Code,Mix Method,,,,,,,,
,,,,,,,,,,,,
,,,,,,,,,,,,
,,,,,,,,,,,,
,,,,,,,,,,,,
,,,,,,,,,,,,
,,,,,,,,,,,,
,,,,,,,,,,,,
,,,,,,,,,,,,
,,,,,,,,,,,,
,,,,,,,,,,,,
,,,,,,,,,,,,
,,,,,,,,,,,,
,,,,,,,,,,,,
,,,,,,,,,,,,
Blend #,4,Unknown,Not Applicable,0,#N/A,,,,,,,
Base Blend,Category,Amount,Units,Density,Event #,Field Blend Testing,,,,,,
,,,,,,,,,,,,
Mix Water Req.,,Yield,,Sack Weight,,,,,,,,
Additive Name,Amount,Units,Price Book Code,Mix Method,,,,,,,,
,,,,,,,,,,,,
,,,,,,,,,,,,
,,,,,,,,,,,,
,,,,,,,,,,,,
,,,,,,,,,,,,
,,,,,,,,,,,,
,,,,,,,,,,,,
,,,,,,,,,,,,
,,,,,,,,,,,,
,,,,,,,,,,,,
,,,,,,,,,,,,
,,,,,,,,,,,,
Blend #,5,Unknown,Not Applicable,0,#N/A,,,,,,,
Base Blend,Category,Amount,Units,Density,Event #,Field Blend Testing,,,,,,
,,,,,,,,,,,,
Mix Water Req.,,Yield,,Sack Weight,,,,,,,,
Additive Name,Amount,Units,Price Book Code,Mix Method,,,,,,,,
,,,,,,,,,,,,
,,,,,,,,,,,,
,,,,,,,,,,,,
,,,,,,,,,,,,
,,,,,,,,,,,,
,,,,,,,,,,,,
,,,,,,,,,,,,
,,,,,,,,,,,,
,,,,,,,,,,,,
,,,,,,,,,,,,
,,,,,,,,,,,,
,,,,,,,,,,,,
Blend #,6,Unknown,Not Applicable,0,#N/A,,,,,,,
Base Blend,Category,Amount,Units,Density,Event #,Field Blend Testing,,,,,,
,,,,,,,,,,,,
Mix Water Req.,,Yield,,Sack Weight,,,,,,,,
Additive Name,Amount,Units,Price Book Code,Mix Method,,,,,,,,
,,,,,,,,,,,,
,,,,,,,,,,,,
,,,,,,,,,,,,
,,,,,,,,,,,,
,,,,,,,,,,,,
,,,,,,,,,,,,
,,,,,,,,,,,,
,,,,,,,,,,,,
,,,,,,,,,,,,
,,,,,,,,,,,,
,,,,,,,,,,,,
,,,,,,,,,,,,
Blend #,7,Unknown,Not Applicable,0,#N/A,,,,,,,
Base Blend,Category,Amount,Units,Density,Event #,Field Blend Testing,,,,,,
,,,,,,,,,,,,
Mix Water Req.,,Yield,,Sack Weight,,,,,,,,
Additive Name,Amount,Units,Price Book Code,Mix Method,,,,,,,,
,,,,,,,,,,,,
,,,,,,,,,,,,
,,,,,,,,,,,,
,,,,,,,,,,,,
,,,,,,,,,,,,
,,,,,,,,,,,,
,,,,,,,,,,,,
,,,,,,,,,,,,
,,,,,,,,,,,,
,,,,,,,,,,,,
,,,,,,,,,,,,
,,,,,,,,,,,,
Blend #,8,Unknown,Not Applicable,0,#N/A,,,,,,,
Base Blend,Category,Amount,Units,Density,Event #,Field Blend Testing,,,,,,
,,,,,,,,,,,,
Mix Water Req.,,Yield,,Sack Weight,,,,,,,,
Additive Name,Amount,Units,Price Book Code,Mix Method,,,,,,,,
,,,,,,,,,,,,
,,,,,,,,,,,,
,,,,,,,,,,,,
,,,,,,,,,,,,
,,,,,,,,,,,,
,,,,,,,,,,,,
,,,,,,,,,,,,
,,,,,,,,,,,,
,,,,,,,,,,,,
,,,,,,,,,,,,
,,,,,,,,,,,,
,,,,,,,,,,,,
Blend #,9,Unknown,Not Applicable,0,#N/A,,,,,,,
Base Blend,Category,Amount,Units,Density,Event #,Field Blend Testing,,,,,,
,,,,,,,,,,,,
Mix Water Req.,,Yield,,Sack Weight,,,,,,,,
Additive Name,Amount,Units,Price Book Code,Mix Method,,,,,,,,
,,,,,,,,,,,,
,,,,,,,,,,,,
,,,,,,,,,,,,
,,,,,,,,,,,,
,,,,,,,,,,,,
,,,,,,,,,,,,
,,,,,,,,,,,,
,,,,,,,,,,,,
,,,,,,,,,,,,
,,,,,,,,,,,,
,,,,,,,,,,,,
,,,,,,,,,,,,
Blend #,10,Unknown,Not Applicable,0,,,,,,,,
Base Blend,Category,Amount,Units,Density,Event #,Field Blend Testing,,,,,,
,,,,,,,,,,,,
Mix Water Req.,,Yield,,Sack Weight,,,,,,,,
Additive Name,Amount,Units,Price Book Code,Mix Method,,,,,,,,
,,,,,,,,,,,,
,,,,,,,,,,,,
,,,,,,,,,,,,
,,,,,,,,,,,,
,,,,,,,,,,,,
,,,,,,,,,,,,
,,,,,,,,,,,,
,,,,,,,,,,,,
,,,,,,,,,,,,
,,,,,,,,,,,,
,,,,,,,,,,,,
,,,,,,,,,,,,
Blend #,11,Unknown,Not Applicable,0,#N/A,,,,,,,
Base Blend,Category,Amount,Units,Density,Event #,Field Blend Testing,,,,,,
,,,,,,,,,,,,
Mix Water Req.,,Yield,,Sack Weight,,,,,,,,
Additive Name,Amount,Units,Price Book Code,Mix Method,,,,,,,,
,,,,,,,,,,,,
,,,,,,,,,,,,
,,,,,,,,,,,,
,,,,,,,,,,,,
,,,,,,,,,,,,
,,,,,,,,,,,,
,,,,,,,,,,,,
,,,,,,,,,,,,
,,,,,,,,,,,,
,,,,,,,,,,,,
,,,,,,,,,,,,
,,,,,,,,,,,,
Blend #,12,Unknown,Not Applicable,0,,,,,,,,
Base Blend,Category,Amount,Units,Density,Event #,Field Blend Testing,,,,,,
,,,,,,,,,,,,
Mix Water Req.,,Yield,,Sack Weight,,,,,,,,
Additive Name,Amount,Units,Price Book Code,Mix Method,,,,,,,,
,,,,,,,,,,,,
,,,,,,,,,,,,
,,,,,,,,,,,,
,,,,,,,,,,,,
,,,,,,,,,,,,
,,,,,,,,,,,,
,,,,,,,,,,,,
,,,,,,,,,,,,
,,,,,,,,,,,,
,,,,,,,,,,,,
,,,,,,,,,,,,
,,,,,,,,,,,,
Job Type,,,Job Type ID,,,,,,,,,
Blend #,1,Unknown,Not Applicable,0,,,,,,,,
Base Blend,Category,Amount,Units,Density,Event #,Field Blend Testing,,,,,,
,,,,,,,,,,,,
Mix Water Req.,,Yield,,Sack Weight,,,,,,,,
Additive Name,Amount,Units,Price Book Code,Mix Method,,,,,,,,
,,,,,,,,,,,,
,,,,,,,,,,,,
,,,,,,,,,,,,
,,,,,,,,,,,,
,,,,,,,,,,,,
,,,,,,,,,,,,
,,,,,,,,,,,,
,,,,,,,,,,,,
,,,,,,,,,,,,
,,,,,,,,,,,,
,,,,,,,,,,,,
,,,,,,,,,,,,
,,,,,,,,,,,,
,,,,,,,,,,,,
Blend #,2,Unknown,Not Applicable,0,,,,,,,,
Base Blend,Category,Amount,Units,Density,Event #,Field Blend Testing,,,,,,
,,,,,,,,,,,,
Mix Water Req.,,Yield,,Sack Weight,,,,,,,,
Additive Name,Amount,Units,Price Book Code,Mix Method,,,,,,,,
,,,,,,,,,,,,
,,,,,,,,,,,,
,,,,,,,,,,,,
,,,,,,,,,,,,
,,,,,,,,,,,,
,,,,,,,,,,,,
,,,,,,,,,,,,
,,,,,,,,,,,,
,,,,,,,,,,,,
,,,,,,,,,,,,
,,,,,,,,,,,,
,,,,,,,,,,,,
,,,,,,,,,,,,
,,,,,,,,,,,,
Blend #,3,Unknown,Not Applicable,0,,,,,,,,
Base Blend,Category,Amount,Units,Density,Event #,Field Blend Testing,,,,,,
,,,,,,,,,,,,
Mix Water Req.,,Yield,,Sack Weight,,,,,,,,
Additive Name,Amount,Units,Price Book Code,Mix Method,,,,,,,,
,,,,,,,,,,,,
,,,,,,,,,,,,
,,,,,,,,,,,,
,,,,,,,,,,,,
,,,,,,,,,,,,
,,,,,,,,,,,,
,,,,,,,,,,,,
,,,,,,,,,,,,
,,,,,,,,,,,,
,,,,,,,,,,,,
,,,,,,,,,,,,
,,,,,,,,,,,,
,,,,,,,,,,,,
,,,,,,,,,,,,
Blend #,4,Unknown,Not Applicable,0,,,,,,,,
Base Blend,Category,Amount,Units,Density,Event #,Field Blend Testing,,,,,,
,,,,,,,,,,,,
Mix Water Req.,,Yield,,Sack Weight,,,,,,,,
Additive Name,Amount,Units,Price Book Code,Mix Method,,,,,,,,
,,,,,,,,,,,,
,,,,,,,,,,,,
,,,,,,,,,,,,
,,,,,,,,,,,,
,,,,,,,,,,,,
,,,,,,,,,,,,
,,,,,,,,,,,,
,,,,,,,,,,,,
,,,,,,,,,,,,
,,,,,,,,,,,,
,,,,,,,,,,,,
,,,,,,,,,,,,
Blend #,5,Unknown,Not Applicable,0,,,,,,,,
Base Blend,Category,Amount,Units,Density,Event #,Field Blend Testing,,,,,,
,,,,,,,,,,,,
Mix Water Req.,,Yield,,Sack Weight,,,,,,,,
Additive Name,Amount,Units,Price Book Code,Mix Method,,,,,,,,
,,,,,,,,,,,,
,,,,,,,,,,,,
,,,,,,,,,,,,
,,,,,,,,,,,,
,,,,,,,,,,,,
,,,,,,,,,,,,
,,,,,,,,,,,,
,,,,,,,,,,,,
,,,,,,,,,,,,
,,,,,,,,,,,,
,,,,,,,,,,,,
,,,,,,,,,,,,
Blend #,6,Unknown,Not Applicable,0,,,,,,,,
Base Blend,Category,Amount,Units,Density,Event #,Field Blend Testing,,,,,,
,,,,,,,,,,,,
Mix Water Req.,,Yield,,Sack Weight,,,,,,,,
Additive Name,Amount,Units,Price Book Code,Mix Method,,,,,,,,
,,,,,,,,,,,,
,,,,,,,,,,,,
,,,,,,,,,,,,
,,,,,,,,,,,,
,,,,,,,,,,,,
,,,,,,,,,,,,
,,,,,,,,,,,,
,,,,,,,,,,,,
,,,,,,,,,,,,
,,,,,,,,,,,,
,,,,,,,,,,,,
,,,,,,,,,,,,
Blend #,7,Unknown,Not Applicable,0,,,,,,,,
Base Blend,Category,Amount,Units,Density,Event #,Field Blend Testing,,,,,,
,,,,,,,,,,,,
Mix Water Req.,,Yield,,Sack Weight,,,,,,,,
Additive Name,Amount,Units,Price Book Code,Mix Method,,,,,,,,
,,,,,,,,,,,,
,,,,,,,,,,,,
,,,,,,,,,,,,
,,,,,,,,,,,,
,,,,,,,,,,,,
,,,,,,,,,,,,
,,,,,,,,,,,,
,,,,,,,,,,,,
,,,,,,,,,,,,
,,,,,,,,,,,,
,,,,,,,,,,,,
,,,,,,,,,,,,
Blend #,8,Unknown,Not Applicable,0,,,,,,,,
Base Blend,Category,Amount,Units,Density,Event #,Field Blend Testing,,,,,,
,,,,,,,,,,,,
Mix Water Req.,,Yield,,Sack Weight,,,,,,,,
Additive Name,Amount,Units,Price Book Code,Mix Method,,,,,,,,
,,,,,,,,,,,,
,,,,,,,,,,,,
,,,,,,,,,,,,
,,,,,,,,,,,,
,,,,,,,,,,,,
,,,,,,,,,,,,
,,,,,,,,,,,,
,,,,,,,,,,,,
,,,,,,,,,,,,
,,,,,,,,,,,,
,,,,,,,,,,,,
,,,,,,,,,,,,
Blend #,9,Unknown,Not Applicable,0,,,,,,,,
Base Blend,Category,Amount,Units,Density,Event #,Field Blend Testing,,,,,,
,,,,,,,,,,,,
Mix Water Req.,,Yield,,Sack Weight,,,,,,,,
Additive Name,Amount,Units,Price Book Code,Mix Method,,,,,,,,
,,,,,,,,,,,,
,,,,,,,,,,,,
,,,,,,,,,,,,
,,,,,,,,,,,,
,,,,,,,,,,,,
,,,,,,,,,,,,
,,,,,,,,,,,,
,,,,,,,,,,,,
,,,,,,,,,,,,
,,,,,,,,,,,,
,,,,,,,,,,,,
,,,,,,,,,,,,
Blend #,10,Unknown,Not Applicable,0,,,,,,,,
Base Blend,Category,Amount,Units,Density,Event #,Field Blend Testing,,,,,,
,,,,,,,,,,,,
Mix Water Req.,,Yield,,Sack Weight,,,,,,,,
Additive Name,Amount,Units,Price Book Code,Mix Method,,,,,,,,
,,,,,,,,,,,,
,,,,,,,,,,,,
,,,,,,,,,,,,
,,,,,,,,,,,,
,,,,,,,,,,,,
,,,,,,,,,,,,
,,,,,,,,,,,,
,,,,,,,,,,,,
,,,,,,,,,,,,
,,,,,,,,,,,,
,,,,,,,,,,,,
,,,,,,,,,,,,
Blend #,11,Unknown,Not Applicable,0,,,,,,,,
Base Blend,Category,Amount,Units,Density,Event #,Field Blend Testing,,,,,,
,,,,,,,,,,,,
Mix Water Req.,,Yield,,Sack Weight,,,,,,,,
Additive Name,Amount,Units,Price Book Code,Mix Method,,,,,,,,
,,,,,,,,,,,,
,,,,,,,,,,,,
,,,,,,,,,,,,
,,,,,,,,,,,,
,,,,,,,,,,,,
,,,,,,,,,,,,
,,,,,,,,,,,,
,,,,,,,,,,,,
,,,,,,,,,,,,
,,,,,,,,,,,,
,,,,,,,,,,,,
,,,,,,,,,,,,
Blend #,12,Unknown,Not Applicable,0,,,,,,,,
Base Blend,Category,Amount,Units,Density,Event #,Field Blend Testing,,,,,,
,,,,,,,,,,,,
Mix Water Req.,,Yield,,Sack Weight,,,,,,,,
Additive Name,Amount,Units,Price Book Code,Mix Method,,,,,,,,
,,,,,,,,,,,,
,,,,,,,,,,,,
,,,,,,,,,,,,
,,,,,,,,,,,,
,,,,,,,,,,,,
,,,,,,,,,,,,
,,,,,,,,,,,,
,,,,,,,,,,,,
,,,,,,,,,,,,
,,,,,,,,,,,,
,,,,,,,,,,,,
,,,,,,,,,,,,
Job Type,,,Job Type ID,,,,,,,,,
Blend #,1,Unknown,Not Applicable,1 Blend Surface,Not Applicable,,,,,,,
Base Blend,Category,Amount,Units,Density,Event #,,,,,,,
Product Import Sheet End,,,,,,,,,,,,
Wellbore Import Sheet,,,,,,,,,,,,
Job Type,Surface Casing,Job Type ID,1504,,,,,,,,,
,,Temp JT,1 Blend Surface,,,,,,,,,
Hole 1 Size,311.2,,,,,,,,,,,
Hole 1 Measured Depth From,0,,,,,,,,,,,
Hole 1 Measured Depth To,600,,,,,,,,,,,
Hole 2 Size,Not Applicable,,,,,,,,,,,
Hole 2 Measured Depth From,Not Applicable,,,,,,,,,,,
Hole 2 Measured Depth To,Not Applicable,,,,,,,,,,,
Casing Type 1,Not Applicable,,,,,,,,,,,
Casing Size 1,Not Applicable,,,,,,,,,,,
Casing Grade 1,Not Applicable,,,,,,,,,,,
Casing Weight 1,Not Applicable,,,,,,,,,,,
Casing Depth From 1,Not Applicable,,,,,,,,,,,
Casing Depth To 1,Not Applicable,,,,,,,,,,,
Casing Type 2,Surface,,,,,,,,,,,
Casing Size 2,219.1,,,,,,,,,,,
Casing Weight 2,35.72,,,,,,,,,,,
Casing Grade 2,J-55,,,,,,,,,,,
Casing Depth From 2,0,,,,,,,,,,,
Casing Depth To 2,600,,,,,,,,,,,
Casing Type 3,Not Applicable,,,,,,,,,,,
Casing Size 3,Not Applicable,,,,,,,,,,,
Casing Weight 3,Not Applicable,,,,,,,,,,,
Casing Grade 3,Not Applicable,,,,,,,,,,,
Casing Depth From 3,Not Applicable,,,,,,,,,,,
Casing Depth To 3,Not Applicable,,,,,,,,,,,
Casing Type 4,Not Applicable,,,,,,,,,,,
Casing Size 4,Not Applicable,,,,,,,,,,,
Casing Weight 4,Not Applicable,,,,,,,,,,,
Casing Grade 4,Not Applicable,,,,,,,,,,,
Casing Depth From 4,Not Applicable,,,,,,,,,,,
Casing Depth To 4,Not Applicable,,,,,,,,,,,
Drill Pipe Size,Not Applicable,,,,,,,,,,,
Drill Pipe Grade,Not Applicable,,,,,,,,,,,
Drill Pipe Weight,Not Applicable,,,,,,,,,,,
Tubing Size,Not Applicable,,,,,,,,,,,
Tubing Weight,Not Applicable,,,,,,,,,,,
Total Measured Depth (TMD),600,,,,,,,,,,,
Total Vertical Depth (TVD),600,,,,,,,,,,,
BHST - Stage 1,21,,,,,,,,,,,
BHCT - Stage 1,25,,,,,,,,,,,
BHST - Stage 2,Not Applicable,,,,,,,,,,,
BHCT - Stage 2,Not Applicable,,,,,,,,,,,
Stage Tool Depth TMD,Not Applicable,,,,,,,,,,,
Stage Tool Depth TVD,Not Applicable,,,,,,,,,,,
Retainer Depth,Not Applicable,,,,,,,,,,,
Estimated Max Treatine Rate,0.8,,,,,,,,,,,
Estimated Max Treating Pressure,15,,,,,,,,,,,
Target Formation,Cardium ,,,,,,,,,,,
Mud Type,Water,,,,,,,,,,,
Mud Density,1000,,,,,,,,,,,
Mud H2S Concentration,0,,,,,,,,,,,
,,,,,,,,,,,,
Job Type,Production Casing,Job Type ID,1506,,,,,,,,,
,,Temp JT,2 Blend Production,,,,,,,,,
Hole 1 Size,200,,,,,,,,,,,
Hole 1 Measured Depth From,600,,,,,,,,,,,
Hole 1 Measured Depth To,1953,,,,,,,,,,,
Hole 2 Size,158.8,,,,,,,,,,,
Hole 2 Measured Depth From,1953,,,,,,,,,,,
Hole 2 Measured Depth To,4573,,,,,,,,,,,
Casing Type 1,Surface,,,,,,,,,,,
Casing Size 1,219.1,,,,,,,,,,,
Casing Grade 1,Not Applicable,,,,,,,,,,,
Casing Weight 1,35.72,,,,,,,,,,,
Casing Depth From 1,0,,,,,,,,,,,
Casing Depth To 1,600,,,,,,,,,,,
Casing Type 2,Production,,,,,,,,,,,
Casing Size 2,139.7,,,,,,,,,,,
Casing Weight 2,29.76,,,,,,,,,,,
Casing Grade 2,P-110 BTC,,,,,,,,,,,
Casing Depth From 2,0,,,,,,,,,,,
Casing Depth To 2,1953,,,,,,,,,,,
Casing Type 3,Production,,,,,,,,,,,
Casing Size 3,114.3,,,,,,,,,,,
Casing Weight 3,20.09,,,,,,,,,,,
Casing Grade 3,P-110 BTC,,,,,,,,,,,
Casing Depth From 3,1953,,,,,,,,,,,
Casing Depth To 3,4573,,,,,,,,,,,
Casing Type 4,Not Applicable,,,,,,,,,,,
Casing Size 4,Not Applicable,,,,,,,,,,,
Casing Weight 4,Not Applicable,,,,,,,,,,,
Casing Grade 4,Not Applicable,,,,,,,,,,,
Casing Depth From 4,Not Applicable,,,,,,,,,,,
Casing Depth To 4,Not Applicable,,,,,,,,,,,
Drill Pipe Size,Not Applicable,,,,,,,,,,,
Drill Pipe Grade,Not Applicable,,,,,,,,,,,
Drill Pipe Weight,Not Applicable,,,,,,,,,,,
Tubing Size,Not Applicable,,,,,,,,,,,
Tubing Weight,Not Applicable,,,,,,,,,,,
Total Measured Depth (TMD),4573,,,,,,,,,,,
Total Vertical Depth (TVD),1776,,,,,,,,,,,
BHST - Stage 1,55,,,,,,,,,,,
BHCT - Stage 1,55,,,,,,,,,,,
BHST - Stage 2,Not Applicable,,,,,,,,,,,
BHCT - Stage 2,Not Applicable,,,,,,,,,,,
Stage Tool Depth TMD,Not Applicable,,,,,,,,,,,
Stage Tool Depth TVD,Not Applicable,,,,,,,,,,,
Retainer Depth,Not Applicable,,,,,,,,,,,
Estimated Max Treatine Rate,0.8,,,,,,,,,,,
Estimated Max Treating Pressure,28,,,,,,,,,,,
Target Formation,Cardium ,,,,,,,,,,,
Mud Type,Invert,,,,,,,,,,,
Mud Density,1100,,,,,,,,,,,
Mud H2S Concentration,0,,,,,,,,,,,
,,,,,,,,,,,,
Job Type,,Job Type ID,,,,,,,,,,
,,Temp JT,0,,,,,,,,,
Hole 1 Size,,,,,,,,,,,,
Hole 1 Measured Depth From,,,,,,,,,,,,
Hole 1 Measured Depth To,,,,,,,,,,,,
Hole 2 Size,,,,,,,,,,,,
Hole 2 Measured Depth From,,,,,,,,,,,,
Hole 2 Measured Depth To,,,,,,,,,,,,
Casing Type 1,,,,,,,,,,,,
Casing Size Size 1,,,,,,,,,,,,
Casing Grade 1,,,,,,,,,,,,
Casing Weight 1,,,,,,,,,,,,
Casing Depth From 1,,,,,,,,,,,,
Casing Depth To 1,,,,,,,,,,,,
Casing Type 2,,,,,,,,,,,,
Casing Size 2,,,,,,,,,,,,
Casing Weight 2,,,,,,,,,,,,
Casing Grade 2,,,,,,,,,,,,
Casing Depth From 2,,,,,,,,,,,,
Casing Depth To 2,,,,,,,,,,,,
Casing Type 3,,,,,,,,,,,,
Casing Size 3,,,,,,,,,,,,
Casing Weight 3,,,,,,,,,,,,
Casing Grade 3,,,,,,,,,,,,
Casing Depth From 3,,,,,,,,,,,,
Casing Depth To 3,,,,,,,,,,,,
Casing Type 4,,,,,,,,,,,,
Casing Size 4,,,,,,,,,,,,
Casing Weight 4,,,,,,,,,,,,
Casing Grade 4,,,,,,,,,,,,
Casing Depth From 4,,,,,,,,,,,,
Casing Depth To 4,,,,,,,,,,,,
Drill Pipe Size,,,,,,,,,,,,
Drill Pipe Grade,,,,,,,,,,,,
Drill Pipe Weight,,,,,,,,,,,,
Tubing Size,,,,,,,,,,,,
Tubing Weight,,,,,,,,,,,,
Total Measured Depth (TMD),,,,,,,,,,,,
Total Vertical Depth (TVD),,,,,,,,,,,,
BHST - Stage 1,,,,,,,,,,,,
BHCT - Stage 1,,,,,,,,,,,,
BHST - Stage 2,,,,,,,,,,,,
BHCT - Stage 2,,,,,,,,,,,,
Stage Tool Depth TMD,,,,,,,,,,,,
Stage Tool Depth TVD,,,,,,,,,,,,
Retainer Depth,,,,,,,,,,,,
Estimated Max Treatine Rate,,,,,,,,,,,,
Estimated Max Treating Pressure,,,,,,,,,,,,
Target Formation,,,,,,,,,,,,
Mud Type,,,,,,,,,,,,
Mud Density,,,,,,,,,,,,
Mud H2S Concentration,,,,,,,,,,,,
,,,,,,,,,,,,
Job Type,,Job Type ID,,,,,,,,,,
,,Temp JT,0,,,,,,,,,
Hole 1 Size,,,,,,,,,,,,
Hole 1 Measured Depth From,,,,,,,,,,,,
Hole 1 Measured Depth To,,,,,,,,,,,,
Hole 2 Size,,,,,,,,,,,,
Hole 2 Measured Depth From,,,,,,,,,,,,
Hole 2 Measured Depth To,,,,,,,,,,,,
Casing Type 1,,,,,,,,,,,,
Casing Size Size 1,,,,,,,,,,,,
Casing Grade 1,,,,,,,,,,,,
Casing Weight 1,,,,,,,,,,,,
Casing Depth From 1,,,,,,,,,,,,
Casing Depth To 1,,,,,,,,,,,,
Casing Type 2,,,,,,,,,,,,
Casing Size 2,,,,,,,,,,,,
Casing Weight 2,,,,,,,,,,,,
Casing Grade 2,,,,,,,,,,,,
Casing Depth From 2,,,,,,,,,,,,
Casing Depth To 2,,,,,,,,,,,,
Casing Type 3,,,,,,,,,,,,
Casing Size 3,,,,,,,,,,,,
Casing Weight 3,,,,,,,,,,,,
Casing Grade 3,,,,,,,,,,,,
Casing Depth From 3,,,,,,,,,,,,
Casing Depth To 3,,,,,,,,,,,,
Casing Type 4,,,,,,,,,,,,
Casing Size 4,,,,,,,,,,,,
Casing Weight 4,,,,,,,,,,,,
Casing Grade 4,,,,,,,,,,,,
Casing Depth From 4,,,,,,,,,,,,
Casing Depth To 4,,,,,,,,,,,,
Drill Pipe Size,,,,,,,,,,,,
Drill Pipe Grade,,,,,,,,,,,,
Drill Pipe Weight,,,,,,,,,,,,
Tubing Size,,,,,,,,,,,,
Tubing Weight,,,,,,,,,,,,
Total Measured Depth (TMD),,,,,,,,,,,,
Total Vertical Depth (TVD),,,,,,,,,,,,
BHST - Stage 1,,,,,,,,,,,,
BHCT - Stage 1,,,,,,,,,,,,
BHST - Stage 2,,,,,,,,,,,,
BHCT - Stage 2,,,,,,,,,,,,
Stage Tool Depth TMD,,,,,,,,,,,,
Stage Tool Depth TVD,,,,,,,,,,,,
Retainer Depth,,,,,,,,,,,,
Estimated Max Treatine Rate,,,,,,,,,,,,
Estimated Max Treating Pressure,,,,,,,,,,,,
Target Formation,,,,,,,,,,,,
Mud Type,,,,,,,,,,,,
Mud Density,,,,,,,,,,,,
Mud H2S Concentration,,,,,,,,,,,,
,,,,,,,,,,,,
Job Type,,Job Type ID,,,,,,,,,,
,,Temp JT,,,,,,,,,,
Wellbore Import Sheet End,,,,,,,,,,,,
