"ID","NAME","DESCRIPTION","PRODUCT_ID","PRODUCT_NAME","BLEND_RECIPE_ID","BLEND_RECIPE_NAME","IS_BASE_BLEND_ELIGIBLE","BLEND_FLUID_TYPE_ID","BLEND_FLUID_TYPE_NAME","IS_ADDITIVE_ELIGIBLE","ADDITIVE_TYPE_ID","ADDITIVE_TYPE_NAME","SPECIFIC_GRAVITY","MIX_WATER","YIELD","DENSITY","IS_THIXOTROPIC","BAGSIZE","AERCODE","VERSION","LAST_MODIFIED_USER_ID","LAST_MODIFIED_USER_NAME","LAST_MODIFIED_DATE_TIME","LAST_OPERATION_TYPE","EFFECTIVE_START_DATE_TIME","EFFECTIVE_END_DATE_TIME","BLEND_PRI_CAT_ID","BLEND_PRI_CAT_NAME"
"1","Class A","","1","Class A","","","1","152","Class A Cement","0","","","3.152","","0.776","1880","0","","1","1","0","","2018/9/28 18:10:42.6030000","1","2017/9/28 18:10:42.6030000","9999/12/31 23:59:59.9970000","1","Cementing Blend"
"2","Class C","","2","Class C","","","1","153","Class C Cement","0","","","3.192","","0.88","1780","0","","3","1","0","","2018/9/28 18:10:42.6170000","1","2017/9/28 18:10:42.6170000","9999/12/31 23:59:59.9970000","1","Cementing Blend"
"3","Class G","","3","Class G","","","1","154","Class G Cement","0","","","3.188","","0.762","1901","0","","4","1","0","","2018/9/28 18:10:42.6370000","1","2017/9/28 18:10:42.6330000","9999/12/31 23:59:59.9970000","1","Cementing Blend"
"4","Intercem","","4","Intercem","","","1","","","0","","","2.916","","0.876","1750","1","","1","1","0","","2018/9/28 18:10:42.6630000","1","2017/9/28 18:10:42.6630000","9999/12/31 23:59:59.9970000","1","Cementing Blend"
"5","ASM-3","","6","ASM-3","","","0","","","1","225","ASM-3","2.519","","","","0","","","1","0","","2018/9/28 18:10:42.7330000","1","2017/9/28 18:10:42.7330000","9999/12/31 23:59:59.9970000","",""
"6","ASM-5","","7","ASM-5","","","0","","","1","168","ASM-5","1.321","","","","0","","","1","0","","2018/9/28 18:10:42.7470000","1","2017/9/28 18:10:42.7470000","9999/12/31 23:59:59.9970000","",""
"7","Barite","","8","Barite","","","0","","","1","27","Barite","4.23","","","","0","","","1","0","","2018/9/28 18:10:42.7570000","1","2017/9/28 18:10:42.7570000","9999/12/31 23:59:59.9970000","",""
"8","CaCl2","","9","CaCl2","","","0","","","1","32","CaCl2","2.191","","","","0","","","1","0","","2018/9/28 18:10:42.7700000","1","2017/9/28 18:10:42.7700000","9999/12/31 23:59:59.9970000","",""
"9","CDF-4P","","10","CDF-4P","","","0","","","1","","","1.612","","","","0","","","1","0","","2018/9/28 18:10:42.7770000","1","2017/9/28 18:10:42.7770000","9999/12/31 23:59:59.9970000","",""
"10","CDF-6P","","11","CDF-6P","","","0","","","1","229","CDF-6P","1.6951","","","","0","","","1","0","","2018/9/28 18:10:42.7900000","1","2017/9/28 18:10:42.7900000","9999/12/31 23:59:59.9970000","",""
"12","CDM-2","","13","CDM-2","","","0","","","1","199","CDM-2","0.32","","","","0","","","1","0","","2018/9/28 18:10:42.8000000","1","2017/9/28 18:10:42.8000000","9999/12/31 23:59:59.9970000","",""
"13","CDM-4","","14","CDM-4","","","0","","","1","254","CDM-4","0.2761","","","","0","","","1","0","","2018/9/28 18:10:42.8100000","1","2017/9/28 18:10:42.8070000","9999/12/31 23:59:59.9970000","",""
"14","CDM-5","","15","CDM-5","","","0","","","1","200","CDM-5","0.38","","","","0","","","1","0","","2018/9/28 18:10:42.8170000","1","2017/9/28 18:10:42.8170000","9999/12/31 23:59:59.9970000","",""
"15","CDM-6","","16","CDM-6","","","0","","","1","201","CDM-6","0.54","","","","0","","","1","0","","2018/9/28 18:10:42.8270000","1","2017/9/28 18:10:42.8270000","9999/12/31 23:59:59.9970000","",""
"16","CDM-6B","","17","CDM-6B","","","0","","","1","","","0.54","","","","0","","","1","0","","2018/9/28 18:10:42.8370000","1","2017/9/28 18:10:42.8370000","9999/12/31 23:59:59.9970000","",""
"18","CDM-C","","19","CDM-C","","","0","","","1","203","CDM-C","1.2","","","","0","","","1","0","","2018/9/28 18:10:42.8470000","1","2017/9/28 18:10:42.8430000","9999/12/31 23:59:59.9970000","",""
"19","CFL-10","","20","CFL-10","","","0","","","1","230","CFL-10","1.504","","","","0","","","1","0","","2018/9/28 18:10:42.8530000","1","2017/9/28 18:10:42.8530000","9999/12/31 23:59:59.9970000","",""
"20","CFL-3","","21","CFL-3","","","0","","","1","37","CFL-3","1.287","","","","0","","","1","0","","2018/9/28 18:10:42.8630000","1","2017/9/28 18:10:42.8630000","9999/12/31 23:59:59.9970000","",""
"21","CFL-3L","","22","CFL-3L","","","0","","","1","38","CFL-3L","0.977","","","","0","","","1","0","","2018/9/28 18:10:42.8700000","1","2017/9/28 18:10:42.8700000","9999/12/31 23:59:59.9970000","",""
"22","CFL-4","","23","CFL-4","","","0","","","1","39","CFL-4","1.4","","","","0","","","1","0","","2018/9/28 18:10:42.8800000","1","2017/9/28 18:10:42.8800000","9999/12/31 23:59:59.9970000","",""
"23","CFL-6","","24","CFL-6","","","0","","","1","140","CFL-6","1.288","","","","0","","","1","0","","2018/9/28 18:10:42.8900000","1","2017/9/28 18:10:42.8900000","9999/12/31 23:59:59.9970000","",""
"24","CFL-7","","25","CFL-7","","","0","","","1","142","CFL-7","1.582","","","","0","","","1","0","","2018/9/28 18:10:42.8970000","1","2017/9/28 18:10:42.8970000","9999/12/31 23:59:59.9970000","",""
"25","CFL-8","","26","CFL-8","","","0","","","1","231","CFL-8","1.504","","","","0","","","1","0","","2018/9/28 18:10:42.9070000","1","2017/9/28 18:10:42.9070000","9999/12/31 23:59:59.9970000","",""
"26","CFR","","27","CFR","","","0","","","1","40","CFR","1.377","","","","0","","","1","0","","2018/9/28 18:10:42.9170000","1","2017/9/28 18:10:42.9130000","9999/12/31 23:59:59.9970000","",""
"27","CFR-2","","28","CFR-2","","","0","","","1","41","CFR-2","1.38","","","","0","","","1","0","","2018/9/28 18:10:42.9670000","1","2017/9/28 18:10:42.9670000","9999/12/31 23:59:59.9970000","",""
"28","CFR-5","","29","CFR-5","","","0","","","1","143","CFR-5","1.015","","","","0","","","1","0","","2018/9/28 18:10:42.9770000","1","2017/9/28 18:10:42.9770000","9999/12/31 23:59:59.9970000","",""
"29","Ciment Fondue","","30","Ciment Fondue","","","1","150","Ciment Fondue","1","","","3.22","","","","0","","","1","0","","2018/9/28 18:10:42.9830000","1","2017/9/28 18:10:42.9830000","9999/12/31 23:59:59.9970000","1","Cementing Blend"
"30","Densified Fume","","34","Densified Fume","","","0","","","1","","","2.5","","","","0","","","1","0","","2018/9/28 18:10:43.0330000","1","2017/9/28 18:10:43.0330000","9999/12/31 23:59:59.9970000","",""
"31","EA-1","","35","EA-1","","","0","","","1","251","EA-1","3.75","","","","0","","","1","0","","2018/9/28 18:10:43.0470000","1","2017/9/28 18:10:43.0470000","9999/12/31 23:59:59.9970000","",""
"32","EA-3","","36","EA-3","","","0","","","1","252","EA-3","3.054","","","","0","","","1","0","","2018/9/28 18:10:43.0730000","1","2017/9/28 18:10:43.0730000","9999/12/31 23:59:59.9970000","",""
"33","FA-1","","37","FA-1","","","0","","","1","47","FA-1","1.06","","","","0","","","1","0","","2018/9/28 18:10:43.1600000","1","2017/9/28 18:10:43.1600000","9999/12/31 23:59:59.9970000","",""
"34","FA-3","","38","FA-3","","","0","","","1","219","FA-3","1.06","","","","0","","","1","0","","2018/9/28 18:10:43.2530000","1","2017/9/28 18:10:43.2530000","9999/12/31 23:59:59.9970000","",""
"35","Flyash","","39","Flyash","","","0","","","1","","","2.1","","","","0","","","1","0","","2018/9/28 18:10:43.2830000","1","2017/9/28 18:10:43.2830000","9999/12/31 23:59:59.9970000","",""
"36","Flyash (Sask)","","40","Flyash (Sask)","","","0","","","1","","","2.44","","","","0","","","1","0","","2018/9/28 18:10:43.2930000","1","2017/9/28 18:10:43.2930000","9999/12/31 23:59:59.9970000","",""
"37","FS-1","","41","FS-1","","","0","","","1","232","FS-1","1.073","","","","0","","","1","0","","2018/9/28 18:10:43.3530000","1","2017/9/28 18:10:43.3530000","9999/12/31 23:59:59.9970000","",""
"38","FWC-2","","42","FWC-2","","","0","","","1","170","FWC-2","2.353","","","","0","","","1","0","","2018/9/28 18:10:43.3630000","1","2017/9/28 18:10:43.3600000","9999/12/31 23:59:59.9970000","",""
"39","GCA-1","","43","GCA-1","","","0","","","1","147","GCA-1","2.151","","","","0","","","1","0","","2018/9/28 18:10:43.3700000","1","2017/9/28 18:10:43.3700000","9999/12/31 23:59:59.9970000","",""
"40","Graphite","","44","Graphite","","","0","","","1","213","Graphite","2.5271","","","","0","","","1","0","","2018/9/28 18:10:43.3800000","1","2017/9/28 18:10:43.3800000","9999/12/31 23:59:59.9970000","",""
"41","GSS-1","","45","GSS-1","","","0","","","1","250","GSS-1","2.542","","","","0","","","1","0","","2018/9/28 18:10:43.4270000","1","2017/9/28 18:10:43.4270000","9999/12/31 23:59:59.9970000","",""
"42","Hematite","","46","Hematite","","","0","","","1","60","Hematite","5.02","","","","0","","","1","0","","2018/9/28 18:10:43.4370000","1","2017/9/28 18:10:43.4370000","9999/12/31 23:59:59.9970000","",""
"43","HTR","","47","HTR","","","0","","","1","62","HTR","1.26","","","","0","","","1","0","","2018/9/28 18:10:43.4430000","1","2017/9/28 18:10:43.4430000","9999/12/31 23:59:59.9970000","",""
"44","HTR-2","","48","HTR-2","","","0","","","1","196","HTR-2","2.2968","","","","0","","","1","0","","2018/9/28 18:10:43.4570000","1","2017/9/28 18:10:43.4530000","9999/12/31 23:59:59.9970000","",""
"45","HTR-3","","49","HTR-3","","","0","","","1","233","HTR-3","1.42","","","","0","","","1","0","","2018/9/28 18:10:43.4630000","1","2017/9/28 18:10:43.4630000","9999/12/31 23:59:59.9970000","",""
"46","HTR-3A","","50","HTR-3A","","","0","","","1","197","HTR-3A","1.7673","","","","0","","","1","0","","2018/9/28 18:10:43.4700000","1","2017/9/28 18:10:43.4700000","9999/12/31 23:59:59.9970000","",""
"47","KCl","","52","KCl","","","0","","","1","130","KCl","2.77","","","","0","","","1","0","","2018/9/28 18:10:43.4800000","1","2017/9/28 18:10:43.4770000","9999/12/31 23:59:59.9970000","",""
"48","LCC-1","","53","LCC-1","","","0","","","1","74","LCC-1","1.9015","","","","0","","","1","0","","2018/9/28 18:10:43.4870000","1","2017/9/28 18:10:43.4870000","9999/12/31 23:59:59.9970000","",""
"49","LCC-9","","54","LCC-9","183","LCC-9","0","","","1","204","LCC-9","2.49","","","","0","","","1","0","","2018/9/28 18:10:43.4970000","1","2017/9/28 18:10:43.4970000","9999/12/31 23:59:59.9970000","",""
"50","LCF-7","","55","LCF-7","","","0","","","1","236","LCF-7","1.0673","","","","0","","","1","0","","2018/9/28 18:10:43.5070000","1","2017/9/28 18:10:43.5070000","9999/12/31 23:59:59.9970000","",""
"51","LCG-1","","56","LCG-1","","","0","","","1","205","LCG-1","2.7688","","","","0","","","1","0","","2018/9/28 18:10:43.5170000","1","2017/9/28 18:10:43.5170000","9999/12/31 23:59:59.9970000","",""
"53","LCG-2","","58","LCG-2","","","0","","","1","206","LCG-2","2.7644","","","","0","","","1","0","","2018/9/28 18:10:43.5230000","1","2017/9/28 18:10:43.5230000","9999/12/31 23:59:59.9970000","",""
"54","LCG-4","","59","LCG-4","","","0","","","1","207","LCG-4","2.7151","","","","0","","","1","0","","2018/9/28 18:10:43.5330000","1","2017/9/28 18:10:43.5330000","9999/12/31 23:59:59.9970000","",""
"55","LCG-5","","60","LCG-5","","","0","","","1","208","LCG-5","2.724","","","","0","","","1","0","","2018/9/28 18:10:43.5500000","1","2017/9/28 18:10:43.5470000","9999/12/31 23:59:59.9970000","",""
"57","LTR","","62","LTR","","","0","","","1","75","LTR","1.273","","","","0","","","1","0","","2018/9/28 18:10:43.5800000","1","2017/9/28 18:10:43.5800000","9999/12/31 23:59:59.9970000","",""
"58","LTR-3","","63","LTR-3","","","0","","","1","249","LTR-3","1.8301","","","","0","","","1","0","","2018/9/28 18:10:43.5970000","1","2017/9/28 18:10:43.5930000","9999/12/31 23:59:59.9970000","",""
"59","MCR-5","","64","MCR-5","","","0","","","1","173","MCR-5","2.088","","","","0","","","1","0","","2018/9/28 18:10:43.6030000","1","2017/9/28 18:10:43.6030000","9999/12/31 23:59:59.9970000","",""
"60","MCR-7","","65","MCR-7","","","0","","","1","238","MCR-7","1.9583","","","","0","","","1","0","","2018/9/28 18:10:43.6130000","1","2017/9/28 18:10:43.6100000","9999/12/31 23:59:59.9970000","",""
"61","Micromix","","66","Micromix","","","0","","","1","","","3.03","","","","0","","","1","0","","2018/9/28 18:10:43.6200000","1","2017/9/28 18:10:43.6200000","9999/12/31 23:59:59.9970000","",""
"62","NaCl","","67","NaCl","","","0","","","1","52","Fine Salt (NaCl)","2.158","","","","0","","","1","0","","2018/9/28 18:10:43.6330000","1","2017/9/28 18:10:43.6330000","9999/12/31 23:59:59.9970000","",""
"64","QSR-2","","69","QSR-2","","","0","","","1","94","QSR-2","2.063","","","","0","","","1","0","","2018/9/28 18:10:43.6570000","1","2017/9/28 18:10:43.6530000","9999/12/31 23:59:59.9970000","",""
"65","Sand","","70","Sand","","","0","","","1","240","SANJET Sand","2.65","","","","0","","","1","0","","2018/9/28 18:10:43.6730000","1","2017/9/28 18:10:43.6730000","9999/12/31 23:59:59.9970000","",""
"66","Sanlite","","71","Sanlite","","","0","","","1","","","2.4048","","","","0","","","1","0","","2018/9/28 18:10:43.8270000","1","2017/9/28 18:10:43.8270000","9999/12/31 23:59:59.9970000","",""
"67","SCA-1","","73","SCA-1","","","0","","","1","172","SCA-1","2.785","","","","0","","","1","0","","2018/9/28 18:10:43.8600000","1","2017/9/28 18:10:43.8600000","9999/12/31 23:59:59.9970000","",""
"68","SCA-5","","74","SCA-5","","","0","","","1","178","SCA-5","2.4064","","","","0","","","1","0","","2018/9/28 18:10:43.8700000","1","2017/9/28 18:10:43.8700000","9999/12/31 23:59:59.9970000","",""
"69","SCA-6","","75","SCA-6","","","0","","","1","185","SCA-6","2.319","","","","0","","","1","0","","2018/9/28 18:10:43.8770000","1","2017/9/28 18:10:43.8770000","9999/12/31 23:59:59.9970000","",""
"70","SCA-7","","76","SCA-7","","","0","","","1","175","SCA-7","2.677","","","","0","","","1","0","","2018/9/28 18:10:43.8870000","1","2017/9/28 18:10:43.8870000","9999/12/31 23:59:59.9970000","",""
"71","SG1500 AP1","","77","SG1500 AP1","","","0","","","1","","","1.978","","","","0","","","1","0","","2018/9/28 18:10:43.8930000","1","2017/9/28 18:10:43.8930000","9999/12/31 23:59:59.9970000","",""
"72","Silica Flour - 200 Mesh","","78","Silica Flour - 200 Mesh","","","0","","","1","108","Silica Flour - 200 Mesh","2.63","","","","0","","","1","0","","2018/9/28 18:10:43.9070000","1","2017/9/28 18:10:43.9070000","9999/12/31 23:59:59.9970000","",""
"73","Silica Fume - Semi-Densified","","79","Silica Fume - Semi-Densified","","","0","","","1","","","2.5","","","","0","","","1","0","","2018/9/28 18:10:43.9170000","1","2017/9/28 18:10:43.9170000","9999/12/31 23:59:59.9970000","",""
"74","SPC-II","","80","SPC-II","","","0","","","1","92","SPC-II","2.476","","","","0","","","1","0","","2018/9/28 18:10:43.9300000","1","2017/9/28 18:10:43.9300000","9999/12/31 23:59:59.9970000","",""
"75","WIE-1","","81","WIE-1","","","0","","","1","245","WIE-1","1.17","","","","0","","","1","0","","2018/9/28 18:10:43.9370000","1","2017/9/28 18:10:43.9370000","9999/12/31 23:59:59.9970000","",""
"76","Sanseal","","72","Sanseal","","","1","113","SanSeal","0","","","3.038","","1.032","1650","1","","40","1","0","","2018/9/28 18:10:42.6970000","1","2017/9/28 18:10:42.6930000","9999/12/31 23:59:59.9970000","1","Cementing Blend"
"77","0:1:0 'C'","","83","0:1:0 'C'","2","0:1:0 'C'","1","3","0:1:0 'C'","0","","","3.192","","0.880406144","1780","0","","03","1","0","","2018/9/28 18:10:44.0200000","1","2017/9/28 18:10:44.0200000","9999/12/31 23:59:59.9970000","1","Cementing Blend"
"78","0:1:0 'G'","","84","0:1:0 'G'","3","0:1:0 'G'","1","4","0:1:0 'G'","0","","","3.188","","0.761735532","1901","0","","04","1","0","","2018/9/28 18:10:44.0300000","1","2017/9/28 18:10:44.0300000","9999/12/31 23:59:59.9970000","1","Cementing Blend"
"79","0:1:12 'G'","","85","0:1:12 'G'","4","0:1:12 'G'","1","8","0:1:12 'G'","0","","","2.770979566","","1.445936743","1525","1","","04","1","0","","2018/9/28 18:10:44.0370000","1","2017/9/28 18:10:44.0370000","9999/12/31 23:59:59.9970000","1","Cementing Blend"
"80","0:1:2 'G'","","86","0:1:2 'G'","5","0:1:2 'G'","1","5","0:1:2 'G'","0","","","3.109993246","","0.877457152","1796","0","","04","1","0","","2018/9/28 18:10:44.0530000","1","2017/9/28 18:10:44.0530000","9999/12/31 23:59:59.9970000","1","Cementing Blend"
"81","0:1:4 'G'","","87","0:1:4 'G'","6","0:1:4 'G'","1","6","0:1:4 'G'","0","","","3.035712787","","0.989676981","1718","0","","04","1","0","","2018/9/28 18:10:44.0630000","1","2017/9/28 18:10:44.0630000","9999/12/31 23:59:59.9970000","1","Cementing Blend"
"82","0:1:6 'G'","","88","0:1:6 'G'","7","0:1:6 'G'","1","186","0:1:6 'G'","0","","","2.964897852","","1.085165544","1666","1","","04","1","0","","2018/9/28 18:10:44.0700000","1","2017/9/28 18:10:44.0700000","9999/12/31 23:59:59.9970000","1","Cementing Blend"
"83","0:1:8 'G'","","89","0:1:8 'G'","8","0:1:8 'G'","1","7","0:1:8 'G'","0","","","2.897311444","","1.218660749","1603","1","","04","1","0","","2018/9/28 18:10:44.0800000","1","2017/9/28 18:10:44.0800000","9999/12/31 23:59:59.9970000","1","Cementing Blend"
"84","1:1:0 'G'","","90","1:1:0 'G'","9","1:1:0 'G'","1","56","1:1:0 'G'","0","","","2.663600484","","0.867456002","1720","0","","04","1","0","","2018/9/28 18:10:44.0870000","1","2017/9/28 18:10:44.0870000","9999/12/31 23:59:59.9970000","1","Cementing Blend"
"85","1:1:0 'G' (Sask)","","91","1:1:0 'G' (Sask)","10","1:1:0 'G' (Sask)","1","187","1:1:0 'G' (Sask)","0","","","2.813654765","","0.895264402","1720","0","","04","1","0","","2018/9/28 18:10:44.0970000","1","2017/9/28 18:10:44.0970000","9999/12/31 23:59:59.9970000","1","Cementing Blend"
"86","1:1:12 'G'","","92","1:1:12 'G'","11","1:1:12 'G'","1","12","1:1:12 'G'","0","","","2.366087705","","1.563590578","1446","1","","04","1","0","","2018/9/28 18:10:44.1100000","1","2017/9/28 18:10:44.1100000","9999/12/31 23:59:59.9970000","1","Cementing Blend"
"87","1:1:12 'G' (Sask)","","93","1:1:12 'G' (Sask)","12","1:1:12 'G' (Sask)","1","188","1:1:12 'G' (Sask)","0","","","2.483752816","","1.608483063","1446","1","","04","1","0","","2018/9/28 18:10:44.1300000","1","2017/9/28 18:10:44.1300000","9999/12/31 23:59:59.9970000","1","Cementing Blend"
"88","1:1:2 'G'","","94","1:1:2 'G'","13","1:1:2 'G'","1","57","1:1:2 'G'","0","","","2.608925926","","0.985604491","1646","0","","06","1","0","","2018/9/28 18:10:44.1430000","1","2017/9/28 18:10:44.1430000","9999/12/31 23:59:59.9970000","1","Cementing Blend"
"89","1:1:2 'G' (Sask)","","95","1:1:2 'G' (Sask)","14","1:1:2 'G' (Sask)","1","189","1:1:2 'G' (Sask)","0","","","2.752716959","","1.016598373","1646","0","","06","1","0","","2018/9/28 18:10:44.1530000","1","2017/9/28 18:10:44.1530000","9999/12/31 23:59:59.9970000","1","Cementing Blend"
"90","1:1:4 'G'","","96","1:1:4 'G'","15","1:1:4 'G'","1","9","1:1:4 'G'","0","","","2.556450782","","1.099716408","1590","0","","07","1","0","","2018/9/28 18:10:44.1600000","1","2017/9/28 18:10:44.1600000","9999/12/31 23:59:59.9970000","1","Cementing Blend"
"91","1:1:4 'G' (Sask)","","97","1:1:4 'G' (Sask)","16","1:1:4 'G' (Sask)","1","190","1:1:4 'G' (Sask)","0","","","2.694362764","","1.133652082","1590","0","","07","1","0","","2018/9/28 18:10:44.1830000","1","2017/9/28 18:10:44.1830000","9999/12/31 23:59:59.9970000","1","Cementing Blend"
"92","1:1:6 'G'","","98","1:1:6 'G'","17","1:1:6 'G'","1","10","1:1:6 'G'","0","","","2.506044955","","1.197400108","1552","0","","04","1","0","","2018/9/28 18:10:44.2000000","1","2017/9/28 18:10:44.2000000","9999/12/31 23:59:59.9970000","1","Cementing Blend"
"93","1:1:6 'G' (Sask)","","99","1:1:6 'G' (Sask)","18","1:1:6 'G' (Sask)","1","191","1:1:6 'G' (Sask)","0","","","2.638431285","","1.233671934","1552","0","","04","1","0","","2018/9/28 18:10:44.2100000","1","2017/9/28 18:10:44.2070000","9999/12/31 23:59:59.9970000","1","Cementing Blend"
"94","1:1:8 'G'","","100","1:1:8 'G'","19","1:1:8 'G'","1","11","1:1:8 'G'","0","","","2.457588409","","1.332865424","1505","1","","04","1","0","","2018/9/28 18:10:44.2330000","1","2017/9/28 18:10:44.2330000","9999/12/31 23:59:59.9970000","1","Cementing Blend"
"95","1:1:8 'G' (Sask)","","101","1:1:8 'G' (Sask)","20","1:1:8 'G' (Sask)","1","192","1:1:8 'G' (Sask)","0","","","2.584774712","","1.372513044","1505","1","","04","1","0","","2018/9/28 18:10:44.2700000","1","2017/9/28 18:10:44.2700000","9999/12/31 23:59:59.9970000","1","Cementing Blend"
"96","2:1:0 'G'","","102","2:1:0 'G'","21","2:1:0 'G'","1","13","2:1:0 'G'","0","","","2.466110685","","0.916029579","1649","0","","04","1","0","","2018/9/28 18:10:44.3100000","1","2017/9/28 18:10:44.3100000","9999/12/31 23:59:59.9970000","1","Cementing Blend"
"97","2:1:0 'G' (Sask)","","103","2:1:0 'G' (Sask)","22","2:1:0 'G' (Sask)","1","193","2:1:0 'G' (Sask)","0","","","2.687150406","","0.967424604","1649","0","","04","1","0","","2018/9/28 18:10:44.3300000","1","2017/9/28 18:10:44.3300000","9999/12/31 23:59:59.9970000","1","Cementing Blend"
"98","2:1:12 'G'","","104","2:1:12 'G'","23","2:1:12 'G'","1","14","2:1:12 'G'","0","","","2.208950225","","1.615729474","1413","1","","04","1","0","","2018/9/28 18:10:44.3370000","1","2017/9/28 18:10:44.3370000","9999/12/31 23:59:59.9970000","1","Cementing Blend"
"99","2:1:12 'G' (Sask)","","105","2:1:12 'G' (Sask)","24","2:1:12 'G' (Sask)","1","194","2:1:12 'G' (Sask)","0","","","2.38465225","","1.696493085","1413","1","","04","1","0","","2018/9/28 18:10:44.3470000","1","2017/9/28 18:10:44.3470000","9999/12/31 23:59:59.9970000","1","Cementing Blend"
"100","2:1:2 'G'","","106","2:1:2 'G'","25","2:1:2 'G'","1","195","2:1:2 'G'","0","","","2.419171699","","1.035213952","1586","0","","04","1","0","","2018/9/28 18:10:44.3530000","1","2017/9/28 18:10:44.3530000","9999/12/31 23:59:59.9970000","1","Cementing Blend"
"101","2:1:2 'G' (Sask)","","107","2:1:2 'G' (Sask)","26","2:1:2 'G' (Sask)","1","196","2:1:2 'G' (Sask)","0","","","2.631514873","","1.092134381","1586","0","","04","1","0","","2018/9/28 18:10:44.3630000","1","2017/9/28 18:10:44.3630000","9999/12/31 23:59:59.9970000","1","Cementing Blend"
"102","2:1:4 'G'","","108","2:1:4 'G'","27","2:1:4 'G'","1","197","2:1:4 'G'","0","","","2.373986174","","1.150125567","1538","1","","04","1","0","","2018/9/28 18:10:44.3730000","1","2017/9/28 18:10:44.3730000","9999/12/31 23:59:59.9970000","1","Cementing Blend"
"103","2:1:4 'G' (Sask)","","109","2:1:4 'G' (Sask)","28","2:1:4 'G' (Sask)","1","198","2:1:4 'G' (Sask)","0","","","2.578136397","","1.212124399","1538","1","","04","1","0","","2018/9/28 18:10:44.3830000","1","2017/9/28 18:10:44.3830000","9999/12/31 23:59:59.9970000","1","Cementing Blend"
"104","2:1:6 'G'","","110","2:1:6 'G'","29","2:1:6 'G'","1","199","2:1:6 'G'","0","","","2.330457659","","1.277124969","1494","1","","04","1","0","","2018/9/28 18:10:44.3930000","1","2017/9/28 18:10:44.3930000","9999/12/31 23:59:59.9970000","1","Cementing Blend"
"105","2:1:6 'G' (Sask)","","111","2:1:6 'G' (Sask)","30","2:1:6 'G' (Sask)","1","200","2:1:6 'G' (Sask)","0","","","2.52688036","","1.344645964","1494","1","","04","1","0","","2018/9/28 18:10:44.4030000","1","2017/9/28 18:10:44.4030000","9999/12/31 23:59:59.9970000","1","Cementing Blend"
"106","2:1:8 'G'","","112","2:1:8 'G'","31","2:1:8 'G'","1","201","2:1:8 'G'","0","","","2.288496648","","1.385844642","1464","1","","04","1","0","","2018/9/28 18:10:44.4130000","1","2017/9/28 18:10:44.4130000","9999/12/31 23:59:59.9970000","1","Cementing Blend"
"107","2:1:8 'G' (Sask)","","113","2:1:8 'G' (Sask)","32","2:1:8 'G' (Sask)","1","202","2:1:8 'G' (Sask)","0","","","2.477622642","","1.457731219","1464","1","","04","1","0","","2018/9/28 18:10:44.4230000","1","2017/9/28 18:10:44.4230000","9999/12/31 23:59:59.9970000","1","Cementing Blend"
"108","ASC IV","","114","ASC IV","33","ASC IV","1","115","ASC IV","0","","","2.963018742","","0.883341805","1750","0","","04","1","0","","2018/9/28 18:10:44.4330000","1","2017/9/28 18:10:44.4330000","9999/12/31 23:59:59.9970000","1","Cementing Blend"
"109","Expandomix","","115","Expandomix","34","Expandomix","1","16","Expandomix","0","","","3.147311711","","0.886063016","1770","0","","30","1","0","","2018/9/28 18:10:44.4770000","1","2017/9/28 18:10:44.4770000","9999/12/31 23:59:59.9970000","1","Cementing Blend"
"110","EXPANDOmix PRO HT","","116","EXPANDOmix PRO HT","35","EXPANDOmix PRO HT","1","254","EXPANDOmix PRO HT","0","","","2.670941524","","1.042666983","1600","0","","4","1","0","","2018/9/28 18:10:44.4870000","1","2017/9/28 18:10:44.4870000","9999/12/31 23:59:59.9970000","1","Cementing Blend"
"111","EXPANDOmix PRO HT (Sask)","","117","EXPANDOmix PRO HT (Sask)","36","EXPANDOmix PRO HT (Sask)","1","259","EXPANDOmix PRO HT (Sask)","0","","","2.82886895","","1.077503048","1600","0","","4","1","0","","2018/9/28 18:10:44.5030000","1","2017/9/28 18:10:44.5030000","9999/12/31 23:59:59.9970000","1","Cementing Blend"
"112","EXPANDOmix PRO LT","","118","EXPANDOmix PRO LT","37","EXPANDOmix PRO LT","1","253","EXPANDOmix PRO LT","0","","","2.648495359","","1.037378546","1600","0","","4","1","0","","2018/9/28 18:10:44.5170000","1","2017/9/28 18:10:44.5170000","9999/12/31 23:59:59.9970000","1","Cementing Blend"
"113","EXPANDOmix PRO LT (Sask)","","119","EXPANDOmix PRO LT (Sask)","38","EXPANDOmix PRO LT (Sask)","1","260","EXPANDOmix PRO LT (Sask)","0","","","2.808928098","","1.073320519","1600","0","","4","1","0","","2018/9/28 18:10:44.5230000","1","2017/9/28 18:10:44.5230000","9999/12/31 23:59:59.9970000","1","Cementing Blend"
"114","Expandomix HT","","120","Expandomix HT","39","Expandomix HT","1","17","Expandomix HT","0","","","2.688900776","","0.805257459","1780","0","","30","1","0","","2018/9/28 18:10:44.5370000","1","2017/9/28 18:10:44.5370000","9999/12/31 23:59:59.9970000","1","Cementing Blend"
"115","Expandomix HT (SK)","","121","Expandomix HT (SK)","40","Expandomix HT (SK)","1","205","Expandomix HT (SK)","0","","","2.855500618","","0.833075269","1780","1","","31","1","0","","2018/9/28 18:10:44.5500000","1","2017/9/28 18:10:44.5500000","9999/12/31 23:59:59.9970000","1","Cementing Blend"
"116","Expandomix LWL","","122","Expandomix LWL","41","Expandomix LWL","1","60","Expandomix LWL","0","","","3.135879653","","0.884558716","1770","0","","04","1","0","","2018/9/28 18:10:44.5600000","1","2017/9/28 18:10:44.5600000","9999/12/31 23:59:59.9970000","1","Cementing Blend"
"117","Glacial Mix","","123","Glacial Mix","42","Glacial Mix","1","19","Glacial Mix","0","","","2.866754119","","0.766086391","1850","0","","04","1","0","","2018/9/28 18:10:44.5830000","1","2017/9/28 18:10:44.5830000","9999/12/31 23:59:59.9970000","1","Cementing Blend"
"118","iBond","","124","iBond","43","iBond","1","93","iBond","0","","","2.899115033","","0.839829684","1780","1","","31","1","0","","2018/9/28 18:10:44.6330000","1","2017/9/28 18:10:44.6330000","9999/12/31 23:59:59.9970000","1","Cementing Blend"
"119","iGain (SK)","","125","iGain (SK)","44","iGain (SK)","1","206","iGain (SK)","0","","","2.773618031","","1.278920177","1500","0","","01","1","0","","2018/9/28 18:10:44.6470000","1","2017/9/28 18:10:44.6470000","9999/12/31 23:59:59.9970000","1","Cementing Blend"
"120","iGain (AB)","","126","iGain (AB)","45","iGain (AB)","1","91","iGain (AB)","0","","","2.651977237","","1.245845714","1500","0","","04","1","0","","2018/9/28 18:10:44.6570000","1","2017/9/28 18:10:44.6570000","9999/12/31 23:59:59.9970000","1","Cementing Blend"
"121","iPrime (AB)","","127","iPrime (AB)","46","iPrime (AB)","1","95","iPrime (AB)","0","","","2.663415541","","1.249084505","1500","1","","42","1","0","","2018/9/28 18:10:44.6630000","1","2017/9/28 18:10:44.6630000","9999/12/31 23:59:59.9970000","1","Cementing Blend"
"122","iPrime (SK)","","128","iPrime (SK)","47","iPrime (SK)","1","207","iPrime (SK)","0","","","2.77370963","","1.27894399","1500","1","","42","1","0","","2018/9/28 18:10:44.6730000","1","2017/9/28 18:10:44.6730000","9999/12/31 23:59:59.9970000","1","Cementing Blend"
"123","LCS 1600","","129","LCS 1600","48","LCS 1600","1","123","LCS 1600","0","","","2.498144335","","0.999504788","1600","1","","31","1","0","","2018/9/28 18:10:44.6800000","1","2017/9/28 18:10:44.6800000","9999/12/31 23:59:59.9970000","1","Cementing Blend"
"124","LCS 1820","","130","LCS 1820","49","LCS 1820","1","108","LCS 1820","0","","","3.096685943","","0.825700159","1820","1","","31","1","0","","2018/9/28 18:10:44.6930000","1","2017/9/28 18:10:44.6930000","9999/12/31 23:59:59.9970000","1","Cementing Blend"
"125","LITEmix 1325 (AB)","","131","LITEmix 1325 (AB)","50","LITEmix 1325 (AB)","1","209","LITEmix 1325 (AB)","0","","","2.576870726","","1.882868969","1325","0","","42","1","0","","2018/9/28 18:10:44.7030000","1","2017/9/28 18:10:44.7000000","9999/12/31 23:59:59.9970000","1","Cementing Blend"
"126","LITEmix 1325 (SK)","","132","LITEmix 1325 (SK)","51","LITEmix 1325 (SK)","1","210","LITEmix 1325 (SK)","0","","","2.704502529","","1.939219176","1325","0","","42","1","0","","2018/9/28 18:10:44.7100000","1","2017/9/28 18:10:44.7100000","9999/12/31 23:59:59.9970000","1","Cementing Blend"
"127","LITEmix 1400 (AB)","","133","LITEmix 1400 (AB)","52","LITEmix 1400 (AB)","1","211","LITEmix 1400 (AB)","0","","","2.579991181","","1.53100444","1400","0","","42","1","0","","2018/9/28 18:10:44.7230000","1","2017/9/28 18:10:44.7230000","9999/12/31 23:59:59.9970000","1","Cementing Blend"
"128","LITEmix 1400 (SK)","","134","LITEmix 1400 (SK)","53","LITEmix 1400 (SK)","1","212","LITEmix 1400 (SK)","0","","","2.718687042","","1.580438476","1400","0","","42","1","0","","2018/9/28 18:10:44.7400000","1","2017/9/28 18:10:44.7400000","9999/12/31 23:59:59.9970000","1","Cementing Blend"
"129","LITEmix EC","","135","LITEmix EC","54","LITEmix EC","1","261","LITEmix EC","0","","","3.188","","1.372647428","1500","0","","42","1","0","","2018/9/28 18:10:44.7630000","1","2017/9/28 18:10:44.7630000","9999/12/31 23:59:59.9970000","1","Cementing Blend"
"130","PRODUCTIONmix 1500 PRO ","","136","PRODUCTIONmix 1500 PRO ","55","PRODUCTIONmix 1500 PRO ","1","213","PRODUCTIONmix 1500 PRO","0","","","2.696487203","","1.258294273","1500","0","","42","1","0","","2018/9/28 18:10:44.7930000","1","2017/9/28 18:10:44.7930000","9999/12/31 23:59:59.9970000","1","Cementing Blend"
"131","PRODUCTIONmix 1600","","137","PRODUCTIONmix 1600","56","PRODUCTIONmix 1600","1","214","PRODUCTIONmix 1600","0","","","2.653038295","","1.038456109","1600","0","","42","1","0","","2018/9/28 18:10:44.8100000","1","2017/9/28 18:10:44.8100000","9999/12/31 23:59:59.9970000","1","Cementing Blend"
"132","PRODUCTIONmix 1600 (SK)","","138","PRODUCTIONmix 1600 (SK)","57","PRODUCTIONmix 1600 (SK)","1","215","PRODUCTIONmix 1600 (SK)","0","","","2.75639394","","1.062011925","1600","0","","42","1","0","","2018/9/28 18:10:44.8170000","1","2017/9/28 18:10:44.8170000","9999/12/31 23:59:59.9970000","1","Cementing Blend"
"133","PRODUCTIONmix 1725","","139","PRODUCTIONmix 1725","58","PRODUCTIONmix 1725","1","216","PRODUCTIONmix 1725","0","","","3.14175871","","0.940285432","1725","0","","31","1","0","","2018/9/28 18:10:44.8670000","1","2017/9/28 18:10:44.8630000","9999/12/31 23:59:59.9970000","1","Cementing Blend"
"134","PRODUCTIONmix EC","","140","PRODUCTIONmix EC","59","PRODUCTIONmix EC","1","256","PRODUCTIONmix EC","0","","","2.617594962","","0.965578008","1640","0","","3","1","0","","2018/9/28 18:10:44.8730000","1","2017/9/28 18:10:44.8730000","9999/12/31 23:59:59.9970000","1","Cementing Blend"
"135","PRODUCTIONmix EC (Sask)","","141","PRODUCTIONmix EC (Sask)","60","PRODUCTIONmix EC (Sask)","1","262","PRODUCTIONmix EC (Sask)","0","","","2.824631239","","1.009330447","1640","0","","3","1","0","","2018/9/28 18:10:44.8870000","1","2017/9/28 18:10:44.8870000","9999/12/31 23:59:59.9970000","1","Cementing Blend"
"136","PRODUCTIONmix LW","","142","PRODUCTIONmix LW","61","PRODUCTIONmix LW","1","255","PRODUCTIONmix LW","0","","","2.705470059","","1.260756927","1500","1","","31","1","0","","2018/9/28 18:10:44.9000000","1","2017/9/28 18:10:44.9000000","9999/12/31 23:59:59.9970000","1","Cementing Blend"
"137","PRODUCTIONmix LW (Sask)","","143","PRODUCTIONmix LW (Sask)","62","PRODUCTIONmix LW (Sask)","1","263","PRODUCTIONmix LW (Sask)","0","","","2.870361898","","1.30322375","1500","1","","31","1","0","","2018/9/28 18:10:44.9100000","1","2017/9/28 18:10:44.9100000","9999/12/31 23:59:59.9970000","1","Cementing Blend"
"138","PRODUCTIONmix THX ","","144","PRODUCTIONmix THX ","63","PRODUCTIONmix THX ","1","218","PRODUCTIONmix THX","0","","","2.675022907","","1.138493501","1550","1","","4","1","0","","2018/9/28 18:10:44.9170000","1","2017/9/28 18:10:44.9170000","9999/12/31 23:59:59.9970000","1","Cementing Blend"
"139","Proteus Core","","145","Proteus Core","64","Proteus Core","1","111","Proteus Core","0","","","2.844544607","","0.92635697","1700","1","","31","1","0","","2018/9/28 18:10:44.9330000","1","2017/9/28 18:10:44.9330000","9999/12/31 23:59:59.9970000","1","Cementing Blend"
"140","Proteus LCS","","146","Proteus LCS","65","Proteus LCS","1","141","Proteus LCS","0","","","2.843300886","","0.864394805","1750","0","","30","1","0","","2018/9/28 18:10:45.0100000","1","2017/9/28 18:10:45.0100000","9999/12/31 23:59:59.9970000","1","Cementing Blend"
"141","Proteus Pro","","147","Proteus Pro","66","Proteus Pro","1","110","Proteus Pro","0","","","2.84466308","","0.894433821","1725","0","","30","1","0","","2018/9/28 18:10:45.0200000","1","2017/9/28 18:10:45.0200000","9999/12/31 23:59:59.9970000","1","Cementing Blend"
"142","RAS II","","148","RAS II","67","RAS II","1","48","RAS II","0","","","2.857237562","","0.878394055","1740","0","","30","1","0","","2018/9/28 18:10:45.0300000","1","2017/9/28 18:10:45.0300000","9999/12/31 23:59:59.9970000","1","Cementing Blend"
"143","SURFACEmix LW PRO + Additives","","173","SURFACEmix LW PRO + Additives","92","SURFACEmix LW PRO + Additives","0","","","0","","","","","","","0","","","1","0","","2018/9/28 18:10:45.4630000","1","2017/9/28 18:10:45.4630000","9999/12/31 23:59:59.9970000","",""
"144","SanSeal HT","","150","SanSeal HT","69","SanSeal HT","1","114","SanSeal HT","0","","","2.865130204","","1.301951445","1500","1","","30","1","0","","2018/9/28 18:10:45.0400000","1","2017/9/28 18:10:45.0400000","9999/12/31 23:59:59.9970000","1","Cementing Blend"
"145","SSi","","151","SSi","70","SSi","1","62","SSi","0","","","2.916","","0.876085963","1750","1","","31","1","0","","2018/9/28 18:10:45.0470000","1","2017/9/28 18:10:45.0470000","9999/12/31 23:59:59.9970000","1","Cementing Blend"
"146","Superlite 13","","152","Superlite 13","71","Superlite 13","1","42","Superlite 13","0","","","1.794817662","","1.476134464","1300","1","","42","1","0","","2018/9/28 18:10:45.0900000","1","2017/9/28 18:10:45.0900000","9999/12/31 23:59:59.9970000","1","Cementing Blend"
"147","Superlite 13 (CDM-5)","","153","Superlite 13 (CDM-5)","72","Superlite 13 (CDM-5)","1","225","Superlite 13 (CDM-5)","0","","","1.798347675","","1.479779997","1300","1","","01","1","0","","2018/9/28 18:10:45.0970000","1","2017/9/28 18:10:45.0970000","9999/12/31 23:59:59.9970000","1","Cementing Blend"
"148","SUPERLITEmix PRO HT ","","154","SUPERLITEmix PRO HT ","73","SUPERLITEmix PRO HT ","1","264","SUPERLITEmix PRO HT","0","","","1.480340131","","1.622397857","1200","0","","42","1","0","","2018/9/28 18:10:45.1100000","1","2017/9/28 18:10:45.1100000","9999/12/31 23:59:59.9970000","1","Cementing Blend"
"149","SUPERLITEmix PRO ","","155","SUPERLITEmix PRO ","74","SUPERLITEmix PRO ","1","229","SUPERLITEmix PRO","0","","","1.424163586","","1.701905558","1175","0","","42","1","0","","2018/9/28 18:10:45.1230000","1","2017/9/28 18:10:45.1230000","9999/12/31 23:59:59.9970000","1","Cementing Blend"
"150","SURFACEmix LW (SK) ","","156","SURFACEmix LW (SK) ","75","SURFACEmix LW (SK) ","1","231","SURFACEmix LW (SK)","0","","","2.764875132","","1.063866689","1600","0","","42","1","0","","2018/9/28 18:10:45.1430000","1","2017/9/28 18:10:45.1430000","9999/12/31 23:59:59.9970000","1","Cementing Blend"
"151","SURFACEmix LW PRO","","157","SURFACEmix LW PRO ","76","SURFACEmix LW PRO","1","232","SURFACEmix LW PRO","0","","","2.705470059","","1.146142661","1550","1","","31","1","0","","2018/9/28 18:10:45.1830000","1","2017/9/28 18:10:45.1830000","9999/12/31 23:59:59.9970000","1","Cementing Blend"
"152","SURFACEmix LW PRO (SK) ","","158","SURFACEmix LW PRO (SK) ","77","SURFACEmix LW PRO (SK) ","1","233","SURFACEmix LW PRO (SK)","0","","","2.870361898","","1.184748864","1550","1","","31","1","0","","2018/9/28 18:10:45.2270000","1","2017/9/28 18:10:45.2270000","9999/12/31 23:59:59.9970000","1","Cementing Blend"
"153","SURFACEmix PRO","","159","SURFACEmix PRO","78","SURFACEmix PRO","1","234","SURFACEmix PRO","0","","","3.190558294","","0.980821757","1700","1","","31","1","0","","2018/9/28 18:10:45.2630000","1","2017/9/28 18:10:45.2630000","9999/12/31 23:59:59.9970000","1","Cementing Blend"
"154","SURFACEmix PRO SL","","160","SURFACEmix PRO SL","79","SURFACEmix PRO SL","1","235","SURFACEmix PRO SL","0","","","2.949306865","","0.944196118","1700","1","","31","1","0","","2018/9/28 18:10:45.2700000","1","2017/9/28 18:10:45.2700000","9999/12/31 23:59:59.9970000","1","Cementing Blend"
"155","SURFACEmix SLW","","161","SURFACEmix SLW","80","SURFACEmix SLW","1","142","SURFACEmix SLW","0","","","1.403416211","","1.437265038","1200","1","","31","1","0","","2018/9/28 18:10:45.2800000","1","2017/9/28 18:10:45.2800000","9999/12/31 23:59:59.9970000","1","Cementing Blend"
"156","SurfLite (SK) ","","162","SurfLite (SK) ","81","SurfLite (SK) ","1","237","SurfLite (SK)","0","","","2.889268568","","0.895741975","1730","0","","03","1","0","","2018/9/28 18:10:45.2900000","1","2017/9/28 18:10:45.2900000","9999/12/31 23:59:59.9970000","1","Cementing Blend"
"157","Thermal 40","","163","Thermal 40","82","Thermal 40","1","26","Thermal 40","0","","","3.005619468","","0.75399987","1885","1","","04","1","0","","2018/9/28 18:10:45.3130000","1","2017/9/28 18:10:45.3130000","9999/12/31 23:59:59.9970000","1","Cementing Blend"
"158","Thermal 40 EXP","","164","Thermal 40 EXP","83","Thermal 40 EXP","1","28","Thermal 40 EXP","0","","","2.996760787","","0.812568738","1820","1","","04","1","0","","2018/9/28 18:10:45.3230000","1","2017/9/28 18:10:45.3200000","9999/12/31 23:59:59.9970000","1","Cementing Blend"
"159","THERMAmix EC","","165","THERMAmix EC","84","THERMAmix EC","1","143","THERMAmix EC","0","","","2.654313541","","0.831006343","1750","1","","30","1","0","","2018/9/28 18:10:45.3300000","1","2017/9/28 18:10:45.3300000","9999/12/31 23:59:59.9970000","1","Cementing Blend"
"160","THERMAmix LT","","166","THERMAmix LT","85","THERMAmix LT","1","240","THERMAmix LT","0","","","2.881188428","","0.777286904","1840","1","","30","1","0","","2018/9/28 18:10:45.3400000","1","2017/9/28 18:10:45.3370000","9999/12/31 23:59:59.9970000","1","Cementing Blend"
"162","ThixLite HT (AB) ","","168","ThixLite HT (AB) ","87","ThixLite HT (AB) ","1","21","ThixLite HT (AB)","0","","","2.661793937","","1.248627036","1500","0","","30","1","0","","2018/9/28 18:10:45.3470000","1","2017/9/28 18:10:45.3470000","9999/12/31 23:59:59.9970000","1","Cementing Blend"
"163","ThixLite HT (SK) ","","169","ThixLite HT (SK) ","88","ThixLite HT (SK) ","1","242","ThixLite HT (SK)","0","","","2.807582723","","1.28764343","1500","0","","36","1","0","","2018/9/28 18:10:45.3570000","1","2017/9/28 18:10:45.3570000","9999/12/31 23:59:59.9970000","1","Cementing Blend"
"164","SURFACEmix LW PRO SL","","170","SURFACEmix LW PRO SL","89","SURFACEmix LW PRO SL","1","243","SURFACEmix LW PRO SL","0","","","2.631578947","","1.127","1550","1","","3","1","0","","2018/9/28 18:10:45.3670000","1","2017/9/28 18:10:45.3670000","9999/12/31 23:59:59.9970000","1","Cementing Blend"
"165","LDP-C-0117","","171","LDP-C-0117","90","LDP-C-0117","1","244","LDP-C-0117","0","","","1.383125864","","1.384","1200","0","","TBD","1","0","","2018/9/28 18:10:45.3800000","1","2017/9/28 18:10:45.3800000","9999/12/31 23:59:59.9970000","1","Cementing Blend"
"166","SUPERLITEmix 1160","","172","SUPERLITEmix 1160","91","SUPERLITEmix 1160","1","226","SUPERLITEmix 1160","0","","","1.522020857","","2.143617377","1160","1","","42","1","0","","2018/9/28 18:10:45.4530000","1","2017/9/28 18:10:45.4530000","9999/12/31 23:59:59.9970000","1","Cementing Blend"
"167","0:1:0 'A' + Additives","","263","0:1:0 'A' + Additives","93","0:1:0 'A' + Additives","0","","","0","","","","","","","0","","","1","0","","2018/9/28 18:10:45.4800000","1","2017/9/28 18:10:45.4800000","9999/12/31 23:59:59.9970000","",""
"168","0:1:0 'C' + Additives","","174","0:1:0 'C' + Additives","94","0:1:0 'C' + Additives","0","","","0","","","","","","","0","","","1","0","","2018/9/28 18:10:45.4930000","1","2017/9/28 18:10:45.4930000","9999/12/31 23:59:59.9970000","",""
"169","0:1:0 'G' + Additives","","175","0:1:0 'G' + Additives","95","0:1:0 'G' + Additives","0","","","0","","","","","","","0","","","1","0","","2018/9/28 18:10:45.5000000","1","2017/9/28 18:10:45.5000000","9999/12/31 23:59:59.9970000","",""
"170","0:1:12 'G' + Additives","","176","0:1:12 'G' + Additives","96","0:1:12 'G' + Additives","0","","","0","","","","","","","0","","","1","0","","2018/9/28 18:10:45.5100000","1","2017/9/28 18:10:45.5100000","9999/12/31 23:59:59.9970000","",""
"171","0:1:2 'G' + Additives","","177","0:1:2 'G' + Additives","97","0:1:2 'G' + Additives","0","","","0","","","","","","","0","","","1","0","","2018/9/28 18:10:45.5230000","1","2017/9/28 18:10:45.5230000","9999/12/31 23:59:59.9970000","",""
"172","0:1:4 'G' + Additives","","178","0:1:4 'G' + Additives","98","0:1:4 'G' + Additives","0","","","0","","","","","","","0","","","1","0","","2018/9/28 18:10:45.5330000","1","2017/9/28 18:10:45.5330000","9999/12/31 23:59:59.9970000","",""
"173","0:1:6 'G' + Additives","","179","0:1:6 'G' + Additives","99","0:1:6 'G' + Additives","0","","","0","","","","","","","0","","","1","0","","2018/9/28 18:10:45.5400000","1","2017/9/28 18:10:45.5400000","9999/12/31 23:59:59.9970000","",""
"174","0:1:8 'G' + Additives","","180","0:1:8 'G' + Additives","100","0:1:8 'G' + Additives","0","","","0","","","","","","","0","","","1","0","","2018/9/28 18:10:45.5500000","1","2017/9/28 18:10:45.5500000","9999/12/31 23:59:59.9970000","",""
"175","1:1:0 'G' + Additives","","181","1:1:0 'G' + Additives","101","1:1:0 'G' + Additives","0","","","0","","","","","","","0","","","1","0","","2018/9/28 18:10:45.5600000","1","2017/9/28 18:10:45.5570000","9999/12/31 23:59:59.9970000","",""
"176","1:1:12 'G' + Additives","","182","1:1:12 'G' + Additives","102","1:1:12 'G' + Additives","0","","","0","","","","","","","0","","","1","0","","2018/9/28 18:10:45.5670000","1","2017/9/28 18:10:45.5670000","9999/12/31 23:59:59.9970000","",""
"177","1:1:2 'G' + Additives","","183","1:1:2 'G' + Additives","103","1:1:2 'G' + Additives","0","","","0","","","","","","","0","","","1","0","","2018/9/28 18:10:45.5770000","1","2017/9/28 18:10:45.5770000","9999/12/31 23:59:59.9970000","",""
"178","1:1:4 'G' + Additives","","184","1:1:4 'G' + Additives","104","1:1:4 'G' + Additives","0","","","0","","","","","","","0","","","1","0","","2018/9/28 18:10:45.5870000","1","2017/9/28 18:10:45.5870000","9999/12/31 23:59:59.9970000","",""
"179","1:1:6 'G' + Additives","","185","1:1:6 'G' + Additives","105","1:1:6 'G' + Additives","0","","","0","","","","","","","0","","","1","0","","2018/9/28 18:10:45.5930000","1","2017/9/28 18:10:45.5930000","9999/12/31 23:59:59.9970000","",""
"180","1:1:8 'G' + Additives","","186","1:1:8 'G' + Additives","106","1:1:8 'G' + Additives","0","","","0","","","","","","","0","","","1","0","","2018/9/28 18:10:45.6030000","1","2017/9/28 18:10:45.6030000","9999/12/31 23:59:59.9970000","",""
"181","2:1:0 'G' + Additives","","187","2:1:0 'G' + Additives","107","2:1:0 'G' + Additives","0","","","0","","","","","","","0","","","1","0","","2018/9/28 18:10:45.6130000","1","2017/9/28 18:10:45.6130000","9999/12/31 23:59:59.9970000","",""
"182","2:1:12 'G' + Additives","","188","2:1:12 'G' + Additives","108","2:1:12 'G' + Additives","0","","","0","","","","","","","0","","","1","0","","2018/9/28 18:10:45.6200000","1","2017/9/28 18:10:45.6200000","9999/12/31 23:59:59.9970000","",""
"183","2:1:2 'G' + Additives","","189","2:1:2 'G' + Additives","109","2:1:2 'G' + Additives","0","","","0","","","","","","","0","","","1","0","","2018/9/28 18:10:45.6300000","1","2017/9/28 18:10:45.6300000","9999/12/31 23:59:59.9970000","",""
"184","2:1:4 'G' + Additives","","190","2:1:4 'G' + Additives","110","2:1:4 'G' + Additives","0","","","0","","","","","","","0","","","1","0","","2018/9/28 18:10:45.6430000","1","2017/9/28 18:10:45.6400000","9999/12/31 23:59:59.9970000","",""
"185","2:1:6 'G' + Additives","","191","2:1:6 'G' + Additives","111","2:1:6 'G' + Additives","0","","","0","","","","","","","0","","","1","0","","2018/9/28 18:10:45.6500000","1","2017/9/28 18:10:45.6500000","9999/12/31 23:59:59.9970000","",""
"186","2:1:8 'G' + Additives","","192","2:1:8 'G' + Additives","112","2:1:8 'G' + Additives","0","","","0","","","","","","","0","","","1","0","","2018/9/28 18:10:45.6700000","1","2017/9/28 18:10:45.6700000","9999/12/31 23:59:59.9970000","",""
"187","1:1:0 'G' (Sask) + Additives","","193","1:1:0 'G' (Sask) + Additives","113","1:1:0 'G' (Sask) + Additives","0","","","0","","","","","","","0","","","1","0","","2018/9/28 18:10:45.6870000","1","2017/9/28 18:10:45.6870000","9999/12/31 23:59:59.9970000","",""
"189","1:1:12 'G' (Sask) + Additives","","194","1:1:12 'G' (Sask) + Additives","114","1:1:12 'G' (Sask) + Additives","0","","","0","","","","","","","0","","","1","0","","2018/9/28 18:10:45.7330000","1","2017/9/28 18:10:45.7330000","9999/12/31 23:59:59.9970000","",""
"190","1:1:2 'G' (Sask) + Additives","","195","1:1:2 'G' (Sask) + Additives","115","1:1:2 'G' (Sask) + Additives","0","","","0","","","","","","","0","","","1","0","","2018/9/28 18:10:45.7630000","1","2017/9/28 18:10:45.7630000","9999/12/31 23:59:59.9970000","",""
"191","1:1:4 'G' (Sask) + Additives","","196","1:1:4 'G' (Sask) + Additives","116","1:1:4 'G' (Sask) + Additives","0","","","0","","","","","","","0","","","1","0","","2018/9/28 18:10:45.8000000","1","2017/9/28 18:10:45.8000000","9999/12/31 23:59:59.9970000","",""
"192","1:1:6 'G' (Sask) + Additives","","197","1:1:6 'G' (Sask) + Additives","117","1:1:6 'G' (Sask) + Additives","0","","","0","","","","","","","0","","","1","0","","2018/9/28 18:10:45.8400000","1","2017/9/28 18:10:45.8400000","9999/12/31 23:59:59.9970000","",""
"193","1:1:8 'G' (Sask) + Additives","","198","1:1:8 'G' (Sask) + Additives","118","1:1:8 'G' (Sask) + Additives","0","","","0","","","","","","","0","","","1","0","","2018/9/28 18:10:45.8500000","1","2017/9/28 18:10:45.8500000","9999/12/31 23:59:59.9970000","",""
"194","2:1:0 'G' (Sask) + Additives","","199","2:1:0 'G' (Sask) + Additives","119","2:1:0 'G' (Sask) + Additives","0","","","0","","","","","","","0","","","1","0","","2018/9/28 18:10:45.8600000","1","2017/9/28 18:10:45.8600000","9999/12/31 23:59:59.9970000","",""
"195","2:1:12 'G' (Sask) + Additives","","200","2:1:12 'G' (Sask) + Additives","120","2:1:12 'G' (Sask) + Additives","0","","","0","","","","","","","0","","","1","0","","2018/9/28 18:10:45.8670000","1","2017/9/28 18:10:45.8670000","9999/12/31 23:59:59.9970000","",""
"196","2:1:2 'G' (Sask) + Additives","","201","2:1:2 'G' (Sask) + Additives","121","2:1:2 'G' (Sask) + Additives","0","","","0","","","","","","","0","","","1","0","","2018/9/28 18:10:45.8770000","1","2017/9/28 18:10:45.8770000","9999/12/31 23:59:59.9970000","",""
"197","2:1:4 'G' (Sask) + Additives","","202","2:1:4 'G' (Sask) + Additives","122","2:1:4 'G' (Sask) + Additives","0","","","0","","","","","","","0","","","1","0","","2018/9/28 18:10:46.1430000","1","2017/9/28 18:10:46.1400000","9999/12/31 23:59:59.9970000","",""
"198","2:1:6 'G' (Sask) + Additives","","203","2:1:6 'G' (Sask) + Additives","123","2:1:6 'G' (Sask) + Additives","0","","","0","","","","","","","0","","","1","0","","2018/9/28 18:10:46.1500000","1","2017/9/28 18:10:46.1500000","9999/12/31 23:59:59.9970000","",""
"199","2:1:8 'G' (Sask) + Additives","","204","2:1:8 'G' (Sask) + Additives","124","2:1:8 'G' (Sask) + Additives","0","","","0","","","","","","","0","","","1","0","","2018/9/28 18:10:46.1600000","1","2017/9/28 18:10:46.1600000","9999/12/31 23:59:59.9970000","",""
"200","Expandomix + Additives","","205","Expandomix + Additives","125","Expandomix + Additives","0","","","0","","","","","","","0","","","1","0","","2018/9/28 18:10:46.1670000","1","2017/9/28 18:10:46.1670000","9999/12/31 23:59:59.9970000","",""
"201","EXPANDOmix PRO HT + Additives","","206","EXPANDOmix PRO HT + Additives","126","EXPANDOmix PRO HT + Additives","0","","","0","","","","","","","0","","","1","0","","2018/9/28 18:10:46.1830000","1","2017/9/28 18:10:46.1830000","9999/12/31 23:59:59.9970000","",""
"202","EXPANDOmix PRO LT + Additives","","207","EXPANDOmix PRO LT + Additives","127","EXPANDOmix PRO LT + Additives","0","","","0","","","","","","","0","","","1","0","","2018/9/28 18:10:46.2100000","1","2017/9/28 18:10:46.2100000","9999/12/31 23:59:59.9970000","",""
"203","Expandomix HT + Additives","","208","Expandomix HT + Additives","128","Expandomix HT + Additives","0","","","0","","","","","","","0","","","1","0","","2018/9/28 18:10:46.2400000","1","2017/9/28 18:10:46.2400000","9999/12/31 23:59:59.9970000","",""
"204","Expandomix LWL + Additives","","209","Expandomix LWL + Additives","129","Expandomix LWL + Additives","0","","","0","","","","","","","0","","","1","0","","2018/9/28 18:10:46.2700000","1","2017/9/28 18:10:46.2700000","9999/12/31 23:59:59.9970000","",""
"205","EXPANDOmix PRO HT (Sask) + Additives","","210","EXPANDOmix PRO HT (Sask) + Additives","130","EXPANDOmix PRO HT (Sask) + Additives","0","","","0","","","","","","","0","","","1","0","","2018/9/28 18:10:46.2830000","1","2017/9/28 18:10:46.2830000","9999/12/31 23:59:59.9970000","",""
"206","EXPANDOmix PRO LT (Sask) + Additives","","211","EXPANDOmix PRO LT (Sask) + Additives","131","EXPANDOmix PRO LT (Sask) + Additives","0","","","0","","","","","","","0","","","1","0","","2018/9/28 18:10:46.3000000","1","2017/9/28 18:10:46.3000000","9999/12/31 23:59:59.9970000","",""
"207","Expandomix HT (SK) + Additives","","212","Expandomix HT (SK) + Additives","132","Expandomix HT (SK) + Additives","0","","","0","","","","","","","0","","","1","0","","2018/9/28 18:10:46.3100000","1","2017/9/28 18:10:46.3100000","9999/12/31 23:59:59.9970000","",""
"208","Glacial Mix + Additives","","213","Glacial Mix + Additives","133","Glacial Mix + Additives","0","","","0","","","","","","","0","","","1","0","","2018/9/28 18:10:46.3200000","1","2017/9/28 18:10:46.3200000","9999/12/31 23:59:59.9970000","",""
"209","iBond + Additives","","214","iBond + Additives","134","iBond + Additives","0","","","0","","","","","","","0","","","1","0","","2018/9/28 18:10:46.4000000","1","2017/9/28 18:10:46.4000000","9999/12/31 23:59:59.9970000","",""
"210","ASC IV + Additives","","215","ASC IV + Additives","135","ASC IV + Additives","0","","","0","","","","","","","0","","","1","0","","2018/9/28 18:10:46.4400000","1","2017/9/28 18:10:46.4400000","9999/12/31 23:59:59.9970000","",""
"211","iGain (SK) + Additives","","216","iGain (SK) + Additives","136","iGain (SK) + Additives","0","","","0","","","","","","","0","","","1","0","","2018/9/28 18:10:46.4530000","1","2017/9/28 18:10:46.4530000","9999/12/31 23:59:59.9970000","",""
"212","iGain(AB) + Additives","","217","iGain (AB) + Additives","137","iGain (AB) + Additives","0","","","0","","","","","","","0","","","1","0","","2018/9/28 18:10:46.4630000","1","2017/9/28 18:10:46.4630000","9999/12/31 23:59:59.9970000","",""
"213","iPrime (AB) + Additives","","218","iPrime (AB) + Additives","138","iPrime (AB) + Additives","0","","","0","","","","","","","0","","","1","0","","2018/9/28 18:10:46.4730000","1","2017/9/28 18:10:46.4730000","9999/12/31 23:59:59.9970000","",""
"215","iPrime (SK) + Additives","","219","iPrime (SK) + Additives","139","iPrime (SK) + Additives","0","","","0","","","","","","","0","","","1","0","","2018/9/28 18:10:46.4830000","1","2017/9/28 18:10:46.4830000","9999/12/31 23:59:59.9970000","",""
"216","LCS 1600 + Additives","","220","LCS 1600 + Additives","140","LCS 1600 + Additives","0","","","0","","","","","","","0","","","1","0","","2018/9/28 18:10:46.4930000","1","2017/9/28 18:10:46.4930000","9999/12/31 23:59:59.9970000","",""
"217","LCS 1820 + Additives","","221","LCS 1820 + Additives","141","LCS 1820 + Additives","0","","","0","","","","","","","0","","","1","0","","2018/9/28 18:10:46.5070000","1","2017/9/28 18:10:46.5070000","9999/12/31 23:59:59.9970000","",""
"218","LITEmix 1325 (AB) + Additives","","222","LITEmix 1325 (AB) + Additives","142","LITEmix 1325 (AB) + Additives","0","","","0","","","","","","","0","","","1","0","","2018/9/28 18:10:46.5170000","1","2017/9/28 18:10:46.5170000","9999/12/31 23:59:59.9970000","",""
"219","LITEmix 1325 (SK) + Additives","","223","LITEmix 1325 (SK) + Additives","143","LITEmix 1325 (SK) + Additives","0","","","0","","","","","","","0","","","1","0","","2018/9/28 18:10:46.5270000","1","2017/9/28 18:10:46.5270000","9999/12/31 23:59:59.9970000","",""
"220","LITEmix 1400 (AB) + Additives","","224","LITEmix 1400 (AB) + Additives","144","LITEmix 1400 (AB) + Additives","0","","","0","","","","","","","0","","","1","0","","2018/9/28 18:10:46.5370000","1","2017/9/28 18:10:46.5370000","9999/12/31 23:59:59.9970000","",""
"221","LITEmix 1400 (SK) + Additives","","225","LITEmix 1400 (SK) + Additives","145","LITEmix 1400 (SK) + Additives","0","","","0","","","","","","","0","","","1","0","","2018/9/28 18:10:46.5430000","1","2017/9/28 18:10:46.5430000","9999/12/31 23:59:59.9970000","",""
"222","LITEmix EC + Additives","","226","LITEmix EC + Additives","146","LITEmix EC + Additives","0","","","0","","","","","","","0","","","1","0","","2018/9/28 18:10:46.5530000","1","2017/9/28 18:10:46.5530000","9999/12/31 23:59:59.9970000","",""
"223","PRODUCTIONmix 1500 PRO + Additives","","227","PRODUCTIONmix 1500 PRO + Additives","147","PRODUCTIONmix 1500 PRO + Additives","0","","","0","","","","","","","0","","","1","0","","2018/9/28 18:10:46.5630000","1","2017/9/28 18:10:46.5630000","9999/12/31 23:59:59.9970000","",""
"224","PRODUCTIONmix 1600 + Additives","","228","PRODUCTIONmix 1600 + Additives","148","PRODUCTIONmix 1600 + Additives","0","","","0","","","","","","","0","","","1","0","","2018/9/28 18:10:46.6030000","1","2017/9/28 18:10:46.6030000","9999/12/31 23:59:59.9970000","",""
"225","PRODUCTIONmix 1600 (SK) + Additives","","229","PRODUCTIONmix 1600 (SK) + Additives","149","PRODUCTIONmix 1600 (SK) + Additives","0","","","0","","","","","","","0","","","1","0","","2018/9/28 18:10:46.6130000","1","2017/9/28 18:10:46.6130000","9999/12/31 23:59:59.9970000","",""
"226","PRODUCTIONmix 1725 + Additives","","230","PRODUCTIONmix 1725 + Additives","150","PRODUCTIONmix 1725 + Additives","0","","","0","","","","","","","0","","","1","0","","2018/9/28 18:10:46.6300000","1","2017/9/28 18:10:46.6300000","9999/12/31 23:59:59.9970000","",""
"227","Proteus Pro + Additives","","231","Proteus Pro + Additives","158","Proteus Pro + Additives","0","","","0","","","","","","","0","","","1","0","","2018/9/28 18:10:46.6400000","1","2017/9/28 18:10:46.6400000","9999/12/31 23:59:59.9970000","",""
"228","PRODUCTIONmix EC + Additives","","232","PRODUCTIONmix LW + Additives","151","PRODUCTIONmix EC + Additives","0","","","0","","","","","","","0","","","1","0","","2018/9/28 18:10:46.6500000","1","2017/9/28 18:10:46.6500000","9999/12/31 23:59:59.9970000","",""
"229","PRODUCTIONmix EC (Sask) + Additives","","233","PRODUCTIONmix EC (Sask) + Additives","152","PRODUCTIONmix EC (Sask) + Additives","0","","","0","","","","","","","0","","","1","0","","2018/9/28 18:10:46.6600000","1","2017/9/28 18:10:46.6600000","9999/12/31 23:59:59.9970000","",""
"230","PRODUCTIONmix LW + Additives","","234","PRODUCTIONmix LW + Additives","153","PRODUCTIONmix LW + Additives","0","","","0","","","","","","","0","","","1","0","","2018/9/28 18:10:46.6670000","1","2017/9/28 18:10:46.6670000","9999/12/31 23:59:59.9970000","",""
"231","PRODUCTIONmix LW (Sask) + Additives","","235","PRODUCTIONmix LW (Sask) + Additives","154","PRODUCTIONmix LW (Sask) + Additives","0","","","0","","","","","","","0","","","1","0","","2018/9/28 18:10:46.6770000","1","2017/9/28 18:10:46.6770000","9999/12/31 23:59:59.9970000","",""
"232","Proteus LCS + Additives","","237","Proteus LCS + Additives","157","Proteus LCS + Additives","0","","","0","","","","","","","0","","","1","0","","2018/9/28 18:10:46.6930000","1","2017/9/28 18:10:46.6930000","9999/12/31 23:59:59.9970000","",""
"233","Proteus Core + Additives","","238","Proteus Core + Additives","156","Proteus Core + Additives","0","","","0","","","","","","","0","","","1","0","","2018/9/28 18:10:46.7170000","1","2017/9/28 18:10:46.7170000","9999/12/31 23:59:59.9970000","",""
"234","SanSeal + Additives","","240","SanSeal + Additives","160","SanSeal + Additives","0","","","0","","","","","","","0","","","1","0","","2018/9/28 18:10:46.7870000","1","2017/9/28 18:10:46.7870000","9999/12/31 23:59:59.9970000","",""
"235","SanSeal HT + Additives","","241","SanSeal HT + Additives","161","SanSeal HT + Additives","0","","","0","","","","","","","0","","","1","0","","2018/9/28 18:10:46.8070000","1","2017/9/28 18:10:46.8070000","9999/12/31 23:59:59.9970000","",""
"236","SSi + Additives","","242","SSi + Additives","162","SSi + Additives","0","","","0","","","","","","","0","","","1","0","","2018/9/28 18:10:46.8170000","1","2017/9/28 18:10:46.8170000","9999/12/31 23:59:59.9970000","",""
"237","Superlite 13 + Additives","","243","Superlite 13 + Additives","163","Superlite 13 + Additives","0","","","0","","","","","","","0","","","1","0","","2018/9/28 18:10:46.8300000","1","2017/9/28 18:10:46.8270000","9999/12/31 23:59:59.9970000","",""
"238","Superlite 13 (CDM-5) + Additives","","244","Superlite 13 (CDM-5) + Additives","164","Superlite 13 (CDM-5) + Additives","0","","","0","","","","","","","0","","","1","0","","2018/9/28 18:10:46.8370000","1","2017/9/28 18:10:46.8370000","9999/12/31 23:59:59.9970000","",""
"239","SUPERLITEmix PRO HT + Additives","","245","SUPERLITEmix PRO HT + Additives","165","SUPERLITEmix PRO HT + Additives","0","","","0","","","","","","","0","","","1","0","","2018/9/28 18:10:46.8500000","1","2017/9/28 18:10:46.8500000","9999/12/31 23:59:59.9970000","",""
"240","SUPERLITEmix PRO + Additives","","246","SUPERLITEmix PRO + Additives","166","SUPERLITEmix PRO + Additives","0","","","0","","","","","","","0","","","1","0","","2018/9/28 18:10:46.8630000","1","2017/9/28 18:10:46.8630000","9999/12/31 23:59:59.9970000","",""
"241","SURFACEmix LW (SK) + Additives","","247","SURFACEmix LW (SK) + Additives","167","SURFACEmix LW (SK) + Additives","0","","","0","","","","","","","0","","","1","0","","2018/9/28 18:10:46.8730000","1","2017/9/28 18:10:46.8730000","9999/12/31 23:59:59.9970000","",""
"242","SURFACEmix LW PRO (SK) + Additives","","248","SURFACEmix LW PRO (SK) + Additives","168","SURFACEmix LW PRO (SK) + Additives","0","","","0","","","","","","","0","","","1","0","","2018/9/28 18:10:46.8830000","1","2017/9/28 18:10:46.8830000","9999/12/31 23:59:59.9970000","",""
"243","SURFACEmix PRO + Additives","","249","SURFACEmix PRO + Additives","169","SURFACEmix PRO + Additives","0","","","0","","","","","","","0","","","1","0","","2018/9/28 18:10:46.8900000","1","2017/9/28 18:10:46.8900000","9999/12/31 23:59:59.9970000","",""
"244","SURFACEmix PRO SL + Additives","","250","SURFACEmix PRO SL + Additives","170","SURFACEmix PRO SL + Additives","0","","","0","","","","","","","0","","","1","0","","2018/9/28 18:10:46.9030000","1","2017/9/28 18:10:46.9030000","9999/12/31 23:59:59.9970000","",""
"245","SURFACEmix SLW + Additives","","251","SURFACEmix SLW + Additives","171","SURFACEmix SLW + Additives","0","","","0","","","","","","","0","","","1","0","","2018/9/28 18:10:46.9130000","1","2017/9/28 18:10:46.9130000","9999/12/31 23:59:59.9970000","",""
"246","SurfLite (SK) + Additives","","252","SurfLite (SK) + Additives","172","SurfLite (SK) + Additives","0","","","0","","","","","","","0","","","1","0","","2018/9/28 18:10:46.9230000","1","2017/9/28 18:10:46.9230000","9999/12/31 23:59:59.9970000","",""
"247","Thermal 40 + Additives","","253","Thermal 40 + Additives","173","Thermal 40 + Additives","0","","","0","","","","","","","0","","","1","0","","2018/9/28 18:10:46.9300000","1","2017/9/28 18:10:46.9300000","9999/12/31 23:59:59.9970000","",""
"248","Thermal 40 EXP + Additives","","254","Thermal 40 EXP + Additives","174","Thermal 40 EXP + Additives","0","","","0","","","","","","","0","","","1","0","","2018/9/28 18:10:46.9400000","1","2017/9/28 18:10:46.9400000","9999/12/31 23:59:59.9970000","",""
"249","THERMAmix EC + Additives","","255","THERMAmix EC + Additives","175","THERMAmix EC + Additives","0","","","0","","","","","","","0","","","1","0","","2018/9/28 18:10:46.9500000","1","2017/9/28 18:10:46.9470000","9999/12/31 23:59:59.9970000","",""
"250","THERMAmix LT + Additives","","256","THERMAmix LT + Additives","176","THERMAmix LT + Additives","0","","","0","","","","","","","0","","","1","0","","2018/9/28 18:10:46.9570000","1","2017/9/28 18:10:46.9570000","9999/12/31 23:59:59.9970000","",""
"252","ThixLite HT (AB) + Additives","","258","ThixLite HT (AB) + Additives","178","ThixLite HT (AB) + Additives","0","","","0","","","","","","","0","","","1","0","","2018/9/28 18:10:46.9670000","1","2017/9/28 18:10:46.9670000","9999/12/31 23:59:59.9970000","",""
"253","ThixLite HT (SK) + Additives","","259","ThixLite HT (SK) + Additives","179","ThixLite HT (SK) + Additives","0","","","0","","","","","","","0","","","1","0","","2018/9/28 18:10:46.9770000","1","2017/9/28 18:10:46.9770000","9999/12/31 23:59:59.9970000","",""
"254","SURFACEmix LW PRO SL + Additives","","260","SURFACEmix LW PRO SL + Additives","180","SURFACEmix LW PRO SL + Additives","0","","","0","","","","","","","0","","","1","0","","2018/9/28 18:10:46.9870000","1","2017/9/28 18:10:46.9870000","9999/12/31 23:59:59.9970000","",""
"255","LDP-C-0117 + Additives","","261","LDP-C-0117 + Additives","181","LDP-C-0117 + Additives","0","","","0","","","","","","","0","","","1","0","","2018/9/28 18:10:46.9970000","1","2017/9/28 18:10:46.9970000","9999/12/31 23:59:59.9970000","",""
"256","SUPERLITEmix 1160 + Additives","","262","SUPERLITEmix 1160 + Additives","182","SUPERLITEmix 1160 + Additives","0","","","0","","","","","","","0","","","1","0","","2018/9/28 18:10:47.0030000","1","2017/9/28 18:10:47.0030000","9999/12/31 23:59:59.9970000","",""
"257","0:1:0 'A'","","82","0:1:0 'A'","1","0:1:0 'A'","1","2","0:1:0 'A'","0","","","3.152","","0.775842178","1880","0","","01","1","0","","2018/9/28 18:10:43.9970000","1","2017/9/28 18:10:43.9970000","9999/12/31 23:59:59.9970000","1","Cementing Blend"
"258","PRODUCTIONmix THX + Additives","","236","PRODUCTIONmix THX + Additives","155","PRODUCTIONmix THX + Additives","0","","","0","","","","","","","0","","","1","0","","2018/9/28 18:10:46.6870000","1","2017/9/28 18:10:46.6830000","9999/12/31 23:59:59.9970000","",""
"259","RAS II + Additives","","239","RAS II + Additives","159","RAS II + Additives","0","","","0","","","","","","","0","","","1","0","","2018/9/28 18:10:46.7500000","1","2017/9/28 18:10:46.7500000","9999/12/31 23:59:59.9970000","",""
"260","Sil 1","","264","Sil 1","","","0","","","0","","","","","","","0","","","1","0","","2018/9/28 18:10:43.9470000","1","2017/9/28 18:10:43.9470000","9999/12/31 23:59:59.9970000","",""
"261","Sil 4","","265","Sil 4","","","0","","","0","","","","","","","0","","","1","0","","2018/9/28 18:10:43.9870000","1","2017/9/28 18:10:43.9870000","9999/12/31 23:59:59.9970000","",""
"262","SUPERLITEmix 1160x","","266","SUPERLITEmix 1160x","184","SUPERLITEmix 1160x","1","265","SUPERLITEmix 1160x","0","","","1.522020857","","2.143617377","1160","1","","42","1","0","","2018/9/28 18:10:47.0130000","1","2017/9/28 18:10:47.0130000","9999/12/31 23:59:59.9970000","1","Cementing Blend"
"263","SUPERLITEmix 1160x + Additives","","267","SUPERLITEmix 1160x + Additives","185","SUPERLITEmix 1160x + Additives","0","","","0","","","","","","","0","","","1","0","","2018/9/28 18:10:47.0200000","1","2017/9/28 18:10:47.0200000","9999/12/31 23:59:59.9970000","",""
"264","SUPERLITEmix 1100x","","268","SUPERLITEmix 1100x","186","SUPERLITEmix 1100x","1","258","SUPERLITEmix 1100X","0","","","1.522020857","","2.143617377","1160","1","","42","1","0","","2018/9/28 18:10:47.0300000","1","2017/9/28 18:10:47.0300000","9999/12/31 23:59:59.9970000","1","Cementing Blend"
"265","SUPERLITEmix 1100x + Additives","","269","SUPERLITEmix 1100x + Additives","187","SUPERLITEmix 1100x + Additives","0","","","0","","","","","","","0","","","1","0","","2018/9/28 18:10:47.0400000","1","2017/9/28 18:10:47.0370000","9999/12/31 23:59:59.9970000","",""
"266","LDP-C-0517","","270","LDP-C-0517","188","LDP-C-0517","1","266","LDP-C-0517","0","","","1.722","","1.198","1350","1","","30","1","0","","2018/9/28 18:10:47.0470000","1","2017/9/28 18:10:47.0470000","9999/12/31 23:59:59.9970000","1","Cementing Blend"
"267","LDP-C-0517 + Additives","","271","LDP-C-0517 + Additives","189","LDP-C-0517 + Additives","0","","","0","","","","","","","0","","","1","0","","2018/9/28 18:10:47.0570000","1","2017/9/28 18:10:47.0570000","9999/12/31 23:59:59.9970000","",""
"268","THERMAmix SLW","","272","THERMAmix SLW","190","THERMAmix SLW","1","267","THERMAmix SLW","0","","","1.779","","1.251","1350","1","","30","1","0","","2018/9/28 18:10:47.0670000","1","2017/9/28 18:10:47.0630000","9999/12/31 23:59:59.9970000","1","Cementing Blend"
"269","THERMAmix SLW + Additives","","273","THERMAmix SLW + Additives","191","THERMAmix SLW + Additives","0","","","0","","","","","","","0","","","1","0","","2018/9/28 18:10:47.0730000","1","2017/9/28 18:10:47.0730000","9999/12/31 23:59:59.9970000","",""
"270","THERMAmix PRO","","274","THERMAmix PRO","192","THERMAmix PRO","1","268","THERMAmix PRO","0","","","2.795","","0.918","1700","1","","30","1","0","","2018/9/28 18:10:47.0830000","1","2017/9/28 18:10:47.0830000","9999/12/31 23:59:59.9970000","1","Cementing Blend"
"271","THERMAmix PRO + Additives","","275","THERMAmix PRO  + Additives","193","THERMAmix PRO + Additives","0","","","0","","","","","","","0","","","1","0","","2018/9/28 18:10:47.0900000","1","2017/9/28 18:10:47.0900000","9999/12/31 23:59:59.9970000","",""
"272","MCR-9L","","276","MCR-9L","","","0","","","1","253","MCR-9L","1.067","","","","0","","","1","0","","2018/9/28 18:10:47.1030000","1","2017/9/28 18:10:47.1030000","9999/12/31 23:59:59.9970000","",""
"273","ECOmix","","277","ECOmix","","","0","","","1","","","1","","","","0","","","1","0","","2018/9/28 18:10:47.1100000","1","2017/9/28 18:10:47.1100000","9999/12/31 23:59:59.9970000","",""
"274","SURFACEmix LW PRO SL (SK)","","278","SURFACEmix LW PRO SL (SK)","194","SURFACEmix LW PRO SL (SK)","1","269","SURFACEmix LW PRO SL (SK)","0","","","2.895","","1.19","1550","1","","3","1","0","","2018/9/28 18:10:47.1270000","1","2017/9/28 18:10:47.1270000","9999/12/31 23:59:59.9970000","1","Cementing Blend"
"275","SURFACEmix LW PRO SL (SK) + Additives","","279","SURFACEmix LW PRO SL (SK) + Additives","195","SURFACEmix LW PRO SL (SK) + Additives","0","","","0","","","","","","","0","","","1","0","","2018/9/28 18:10:47.1400000","1","2017/9/28 18:10:47.1400000","9999/12/31 23:59:59.9970000","",""
"276","THERMAmix THX","","280","THERMAmix THX","196","THERMAmix THX","1","257","THERMAmix THX","0","","","2.895","","0.779","1840","1","","3","1","0","","2018/9/28 18:10:47.1670000","1","2017/9/28 18:10:47.1670000","9999/12/31 23:59:59.9970000","1","Cementing Blend"
"277","THERMAmix THX + Additives","","281","THERMAmix THX + Additives","197","THERMAmix THX + Additives","0","","","0","","","","","","","0","","","1","0","","2018/9/28 18:10:47.1800000","1","2017/9/28 18:10:47.1800000","9999/12/31 23:59:59.9970000","",""
"278","SURFACEmix THX","","282","SURFACEmix THX","198","SURFACEmix THX","1","270","SURFACEmix THX","0","","","3.14175871","","0.940285432","1725","0","","31","1","0","","2018/9/28 18:10:47.1900000","1","2017/9/28 18:10:47.1900000","9999/12/31 23:59:59.9970000","1","Cementing Blend"
"279","SURFACEmix THX + Additives","","283","SURFACEmix THX + Additives","199","SURFACEmix THX + Additives","0","","","0","","","","","","","0","","","1","0","","2018/9/28 18:10:47.2000000","1","2017/9/28 18:10:47.2000000","9999/12/31 23:59:59.9970000","",""
"280","Silica Flour - 200 Mesh","","284","Silica Flour - 325 Mesh","","","0","","","1","212","Silica Flour - 325 Mesh","2.63","","","","0","","","1","0","","2018/9/28 18:10:42.5600000","1","2017/9/28 18:10:42.5600000","9999/12/31 23:59:59.9970000","",""
"281","SUPERLITEmix PRO X","","285","SUPERLITEmix PRO X","200","SUPERLITEmix PRO X","1","271","SUPERLITEmix PRO X","0","","","1.4634","","1.509","1200","0","","42","1","0","","2018/9/28 18:10:47.2100000","1","2017/9/28 18:10:47.2100000","9999/12/31 23:59:59.9970000","1","Cementing Blend"
"282","SUPERLITEmix PRO X + Additives","","286","SUPERLITEmix PRO X + Additives","201","SUPERLITEmix PRO X + Additives","0","","","0","","","","","","","0","","","1","0","","2018/9/28 18:10:47.2170000","1","2017/9/28 18:10:47.2170000","9999/12/31 23:59:59.9970000","",""
"284","Visweep","","287","Visweep","216","Visweep","1","53","Visweep","0","","","1.06","","","","0","","","1","0","","2018/9/28 18:10:47.2470000","1","2017/9/28 18:10:47.2470000","9999/12/31 23:59:59.9970000","2","Preflush/Spacer/Displacement"
"285","Water Wet Max","","288","Water Wet Max","217","Water Wet Max","1","252","Water Wet Max","0","","","1.06","","","","0","","","1","0","","2018/9/28 18:10:47.2930000","1","2017/9/28 18:10:47.2900000","9999/12/31 23:59:59.9970000","2","Preflush/Spacer/Displacement"
"286","Invert Spacer","","289","Invert Spacer","218","Invert Spacer","1","55","Invert Spacer","0","","","1.06","","","","0","","","1","0","","2018/9/28 18:10:47.3430000","1","2017/9/28 18:10:47.3430000","9999/12/31 23:59:59.9970000","2","Preflush/Spacer/Displacement"
"287","Mud Flush","","290","Mud Flush","219","Mud Flush","1","249","Mud Flush","0","","","1.06","","","","0","","","1","0","","2018/9/28 18:10:47.3530000","1","2017/9/28 18:10:47.3500000","9999/12/31 23:59:59.9970000","2","Preflush/Spacer/Displacement"
"288","Indicator Dye","","291","Indicator Dye","","","1","248","Indicator Dye","0","68","Indicator Dye","1.06","","","","0","","","1","0","","2018/9/28 18:10:47.3630000","1","2017/9/28 18:10:47.3630000","9999/12/31 23:59:59.9970000","2","Preflush/Spacer/Displacement"
"289","Wellseal G","","292","Wellseal G","","","1","272","Wellseal G","0","","","1.06","","","","0","","","1","0","","2018/9/28 18:10:47.3870000","1","2017/9/28 18:10:47.3870000","9999/12/31 23:59:59.9970000","2","Preflush/Spacer/Displacement"
"290","Wellseal","","293","Wellseal","220","Wellseal","1","52","Wellseal","0","","","1.06","","","","0","","","1","0","","2018/9/28 18:10:47.4100000","1","2017/9/28 18:10:47.4100000","9999/12/31 23:59:59.9970000","2","Preflush/Spacer/Displacement"
"291","RP-20","","294","RP-20 Cement Preflush","221","RP-20","1","251","RP-20","0","","","1.06","","","","0","","","1","0","","2018/9/28 18:10:47.4230000","1","2017/9/28 18:10:47.4230000","9999/12/31 23:59:59.9970000","2","Preflush/Spacer/Displacement"
"292","One Part Spacer","","295","One Part Spacer","","","1","250","One Part Spacer","0","","","1.06","","","","0","","","1","0","","2018/9/28 18:10:47.4370000","1","2017/9/28 18:10:47.4370000","9999/12/31 23:59:59.9970000","2","Preflush/Spacer/Displacement"
"293","BORAjel","","296","BORAjel","","","1","273","BORAjel","0","","","1.06","","","","0","","","1","0","","2018/9/28 18:10:47.4500000","1","2017/9/28 18:10:47.4500000","9999/12/31 23:59:59.9970000","2","Preflush/Spacer/Displacement"
"294","WELLBLOCK 'T'","","297","WELLBLOCK 'T'","","","1","274","WELLBLOCK 'T'","0","","","1.06","","","","0","","","1","0","","2018/9/28 18:10:47.4600000","1","2017/9/28 18:10:47.4600000","9999/12/31 23:59:59.9970000","2","Preflush/Spacer/Displacement"
"295","Fresh Water","","299","Fresh Water","","","1","246","Fresh Water","0","","","1.06","","","","0","","","1","0","","2018/9/28 18:10:47.4830000","1","2017/9/28 18:10:47.4830000","9999/12/31 23:59:59.9970000","3","Client Provide"
"296","Base Oil","","300","Base Oil","","","1","59","Base Oil","0","","","1.06","","","","0","","","1","0","","2018/9/28 18:10:47.4970000","1","2017/9/28 18:10:47.4970000","9999/12/31 23:59:59.9970000","3","Client Provide"
"297","SAPP","","298","SAPP","","","0","","","1","102","SAPP","1.06","","","","0","","","1","0","","2018/9/28 18:10:47.4730000","1","2017/9/28 18:10:47.4730000","9999/12/31 23:59:59.9970000","",""
"298","12/20 Round Sand","","369","12/20 Round Sand","","","0","","","1","255","12/20 Round Sand","1.06","","","","0","","","1","0","","2018/9/28 18:10:47.5130000","1","2017/9/28 18:10:47.5130000","9999/12/31 23:59:59.9970000","",""
"299","AI-4","","370","AI-4","","","0","","","1","136","AI-4","1.06","","","","0","","","1","0","","2018/9/28 18:10:47.5270000","1","2017/9/28 18:10:47.5270000","9999/12/31 23:59:59.9970000","",""
"300","AI-7","","371","AI-7","","","0","","","1","137","AI-7","1.06","","","","0","","","1","0","","2018/9/28 18:10:47.5330000","1","2017/9/28 18:10:47.5330000","9999/12/31 23:59:59.9970000","",""
"301","AI-8","","301","AI-8","","","0","","","1","138","AI-8","1.06","","","","0","","","1","0","","2018/9/28 18:10:47.5430000","1","2017/9/28 18:10:47.5430000","9999/12/31 23:59:59.9970000","",""
"302","Aqueous Ammonia","","302","Aqueous Ammonia","","","0","","","1","21","Aqueous Ammonia","1.06","","","","0","","","1","0","","2018/9/28 18:10:47.5530000","1","2017/9/28 18:10:47.5500000","9999/12/31 23:59:59.9970000","",""
"303","ASA-3W","","303","ASA-3W","","","0","","","1","256","ASA-3W","1.06","","","","0","","","1","0","","2018/9/28 18:10:47.5630000","1","2017/9/28 18:10:47.5630000","9999/12/31 23:59:59.9970000","",""
"304","ASM-4","","304","ASM-4","","","0","","","1","26","ASM-4","1.06","","","","0","","","1","0","","2018/9/28 18:10:47.5730000","1","2017/9/28 18:10:47.5730000","9999/12/31 23:59:59.9970000","",""
"305","ASM-6","","305","ASM-6","","","0","","","1","216","ASM-6","1.06","","","","0","","","1","0","","2018/9/28 18:10:47.5900000","1","2017/9/28 18:10:47.5900000","9999/12/31 23:59:59.9970000","",""
"306","B-1008","","306","B-1008","","","0","","","1","226","B-1008","1.06","","","","0","","","1","0","","2018/9/28 18:10:47.6000000","1","2017/9/28 18:10:47.5970000","9999/12/31 23:59:59.9970000","",""
"307","BE-1","","307","BE-1","","","0","","","1","28","BE-1","1.06","","","","0","","","1","0","","2018/9/28 18:10:47.6070000","1","2017/9/28 18:10:47.6070000","9999/12/31 23:59:59.9970000","",""
"308","Bio-Clear 2000","","308","Bio-Clear 2000","","","0","","","1","257","Bio-Clear 2000","1.06","","","","0","","","1","0","","2018/9/28 18:10:47.6170000","1","2017/9/28 18:10:47.6170000","9999/12/31 23:59:59.9970000","",""
"309","Breaker-F","","309","Breaker-F","","","0","","","1","30","Breaker - F","1.06","","","","0","","","1","0","","2018/9/28 18:10:47.6300000","1","2017/9/28 18:10:47.6300000","9999/12/31 23:59:59.9970000","",""
"310","Breaker-O","","310","Breaker-O","","","0","","","1","139","Breaker - O","1.06","","","","0","","","1","0","","2018/9/28 18:10:47.6430000","1","2017/9/28 18:10:47.6430000","9999/12/31 23:59:59.9970000","",""
"311","Buffer F","","311","Buffer F","","","0","","","1","258","Buffer F","1.06","","","","0","","","1","0","","2018/9/28 18:10:47.6500000","1","2017/9/28 18:10:47.6500000","9999/12/31 23:59:59.9970000","",""
"312","BX-1LB","","312","BX-1LB","","","0","","","1","259","BX-1LB","1.06","","","","0","","","1","0","","2018/9/28 18:10:47.6600000","1","2017/9/28 18:10:47.6600000","9999/12/31 23:59:59.9970000","",""
"313","CaCO3","","313","CaCO3","","","0","","","1","31","CaCO3","1.06","","","","0","","","1","0","","2018/9/28 18:10:47.6700000","1","2017/9/28 18:10:47.6700000","9999/12/31 23:59:59.9970000","",""
"314","CAS-1","","314","CAS-1","","","0","","","1","260","CAS-1","1.06","","","","0","","","1","0","","2018/9/28 18:10:47.6770000","1","2017/9/28 18:10:47.6770000","9999/12/31 23:59:59.9970000","",""
"315","CDF-3L","","315","CDF-3L","","","0","","","1","166","CDF-3L","1.06","","","","0","","","1","0","","2018/9/28 18:10:47.6870000","1","2017/9/28 18:10:47.6870000","9999/12/31 23:59:59.9970000","",""
"316","CDM-10","","316","CDM-10","","","0","","","1","202","CDM-10","1.06","","","","0","","","1","0","","2018/9/28 18:10:47.7030000","1","2017/9/28 18:10:47.7030000","9999/12/31 23:59:59.9970000","",""
"317","CFL-14","","317","CFL-14","","","0","","","1","261","CFL-14","1.06","","","","0","","","1","0","","2018/9/28 18:10:47.7100000","1","2017/9/28 18:10:47.7100000","9999/12/31 23:59:59.9970000","",""
"318","CFL-2","","318","CFL-2","","","0","","","1","36","CFL-2","1.06","","","","0","","","1","0","","2018/9/28 18:10:47.7200000","1","2017/9/28 18:10:47.7170000","9999/12/31 23:59:59.9970000","",""
"319","D-2","","319","D-2","","","0","","","1","43","D-2","1.06","","","","0","","","1","0","","2018/9/28 18:10:47.7270000","1","2017/9/28 18:10:47.7270000","9999/12/31 23:59:59.9970000","",""
"320","D-4","","320","D-4","","","0","","","1","44","D-4","1.06","","","","0","","","1","0","","2018/9/28 18:10:47.7370000","1","2017/9/28 18:10:47.7370000","9999/12/31 23:59:59.9970000","",""
"321","DA-1","","321","DA-1","","","0","","","1","222","DA-1","1.06","","","","0","","","1","0","","2018/9/28 18:10:47.7570000","1","2017/9/28 18:10:47.7570000","9999/12/31 23:59:59.9970000","",""
"322","DF-1","","322","DF-1","","","0","","","1","165","DF-1","1.06","","","","0","","","1","0","","2018/9/28 18:10:47.7800000","1","2017/9/28 18:10:47.7800000","9999/12/31 23:59:59.9970000","",""
"323","DG-1","","323","DG-1","","","0","","","1","221","DG-1","1.06","","","","0","","","1","0","","2018/9/28 18:10:47.7900000","1","2017/9/28 18:10:47.7900000","9999/12/31 23:59:59.9970000","",""
"324","EF-1","","324","EF-1","","","0","","","1","262","EF-1","1.06","","","","0","","","1","0","","2018/9/28 18:10:47.8000000","1","2017/9/28 18:10:47.8000000","9999/12/31 23:59:59.9970000","",""
"325","HSSW-1","","325","HSSW-1","","","0","","","1","263","HSSW-1","1.06","","","","0","","","1","0","","2018/9/28 18:10:47.8070000","1","2017/9/28 18:10:47.8070000","9999/12/31 23:59:59.9970000","",""
"326","HTAI-4","","326","HTAI-4","","","0","","","1","149","HTAI-4","1.06","","","","0","","","1","0","","2018/9/28 18:10:47.8170000","1","2017/9/28 18:10:47.8130000","9999/12/31 23:59:59.9970000","",""
"327","HTAI-6","","327","HTAI-6","","","0","","","1","264","HTAI-6","1.06","","","","0","","","1","0","","2018/9/28 18:10:47.8230000","1","2017/9/28 18:10:47.8230000","9999/12/31 23:59:59.9970000","",""
"328","HTAI-8","","328","HTAI-8","","","0","","","1","265","HTAI-8","1.06","","","","0","","","1","0","","2018/9/28 18:10:47.8330000","1","2017/9/28 18:10:47.8330000","9999/12/31 23:59:59.9970000","",""
"329","ICA-7","","329","ICA-7","","","0","","","1","66","ICA-7","1.06","","","","0","","","1","0","","2018/9/28 18:10:47.8400000","1","2017/9/28 18:10:47.8400000","9999/12/31 23:59:59.9970000","",""
"330","ICA-8","","330","ICA-8","","","0","","","1","133","ICA-8","1.06","","","","0","","","1","0","","2018/9/28 18:10:47.8500000","1","2017/9/28 18:10:47.8500000","9999/12/31 23:59:59.9970000","",""
"331","ICA-8C","","331","ICA-8C","","","0","","","1","134","ICA-8C","1.06","","","","0","","","1","0","","2018/9/28 18:10:47.8600000","1","2017/9/28 18:10:47.8600000","9999/12/31 23:59:59.9970000","",""
"332","IPG-4","","332","IPG-4","","","0","","","1","129","IPG-4","1.06","","","","0","","","1","0","","2018/9/28 18:10:47.8700000","1","2017/9/28 18:10:47.8670000","9999/12/31 23:59:59.9970000","",""
"333","ISA-1","","333","ISA-1","","","0","","","1","71","ISA-1","1.06","","","","0","","","1","0","","2018/9/28 18:10:47.8770000","1","2017/9/28 18:10:47.8770000","9999/12/31 23:59:59.9970000","",""
"334","LCF-6","","334","LCF-6","","","0","","","1","167","LCF-6","1.06","","","","0","","","1","0","","2018/9/28 18:10:47.8900000","1","2017/9/28 18:10:47.8870000","9999/12/31 23:59:59.9970000","",""
"335","LCG-12","","335","LCG-12","","","0","","","1","210","LCG-12","1.06","","","","0","","","1","0","","2018/9/28 18:10:47.8970000","1","2017/9/28 18:10:47.8970000","9999/12/31 23:59:59.9970000","",""
"336","LCG-13","","336","LCG-13","","","0","","","1","266","LCG-13","1.06","","","","0","","","1","0","","2018/9/28 18:10:47.9070000","1","2017/9/28 18:10:47.9070000","9999/12/31 23:59:59.9970000","",""
"337","LCG-8","","337","LCG-8","","","0","","","1","209","LCG-8","1.06","","","","0","","","1","0","","2018/9/28 18:10:47.9170000","1","2017/9/28 18:10:47.9130000","9999/12/31 23:59:59.9970000","",""
"338","LCL-10","","338","LCL-10","","","0","","","1","237","LCL-10","1.06","","","","0","","","1","0","","2018/9/28 18:10:47.9230000","1","2017/9/28 18:10:47.9230000","9999/12/31 23:59:59.9970000","",""
"339","LCL-7","","339","LCL-7","","","0","","","1","179","LCL-7","1.06","","","","0","","","1","0","","2018/9/28 18:10:47.9330000","1","2017/9/28 18:10:47.9330000","9999/12/31 23:59:59.9970000","",""
"340","MCR-4","","340","MCR-4","","","0","","","1","217","MCR-4","1.06","","","","0","","","1","0","","2018/9/28 18:10:47.9430000","1","2017/9/28 18:10:47.9430000","9999/12/31 23:59:59.9970000","",""
"341","MS-1","","341","MS-1","","","0","","","1","82","MS-1","1.06","","","","0","","","1","0","","2018/9/28 18:10:47.9500000","1","2017/9/28 18:10:47.9500000","9999/12/31 23:59:59.9970000","",""
"342","NaCl","","342","NaCl (Rock Salt)","","","0","","","1","95","Rock Salt (NaCl)","1.06","","","","0","","","1","0","","2018/9/28 18:10:47.9600000","1","2017/9/28 18:10:47.9600000","9999/12/31 23:59:59.9970000","",""
"343","Napthalene Flakes","","343","Napthalene Flakes","","","0","","","1","86","Napthalene Flakes","1.06","","","","0","","","1","0","","2018/9/28 18:10:47.9730000","1","2017/9/28 18:10:47.9730000","9999/12/31 23:59:59.9970000","",""
"344","OWDA","","344","OWDA","","","0","","","1","89","OWDA","1.06","","","","0","","","1","0","","2018/9/28 18:10:47.9830000","1","2017/9/28 18:10:47.9830000","9999/12/31 23:59:59.9970000","",""
"345","S-101","","345","S-101","","","0","","","1","97","S-101","1.06","","","","0","","","1","0","","2018/9/28 18:10:47.9930000","1","2017/9/28 18:10:47.9930000","9999/12/31 23:59:59.9970000","",""
"346","SANJET Sand","","346","SANJET Sand","","","0","","","1","240","SANJET Sand","1.06","","","","0","","","1","0","","2018/9/28 18:10:48.0030000","1","2017/9/28 18:10:48.0030000","9999/12/31 23:59:59.9970000","",""
"347","SCC-1L","","347","SCC-1L","","","0","","","1","103","SCC-1L","1.06","","","","0","","","1","0","","2018/9/28 18:10:48.0170000","1","2017/9/28 18:10:48.0170000","9999/12/31 23:59:59.9970000","",""
"348","SCC-2L","","348","SCC-2L","","","0","","","1","241","SCC-2L","1.06","","","","0","","","1","0","","2018/9/28 18:10:48.0230000","1","2017/9/28 18:10:48.0230000","9999/12/31 23:59:59.9970000","",""
"349","SI-14W","","349","SI-14W","","","0","","","1","267","SI-14W","1.06","","","","0","","","1","0","","2018/9/28 18:10:48.0330000","1","2017/9/28 18:10:48.0330000","9999/12/31 23:59:59.9970000","",""
"350","SR-1","","350","SR-1","","","0","","","1","186","SR-1","1.06","","","","0","","","1","0","","2018/9/28 18:10:48.0400000","1","2017/9/28 18:10:48.0400000","9999/12/31 23:59:59.9970000","",""
"351","SSCI","","351","SSCI","","","0","","","1","155","SSCI","1.06","","","","0","","","1","0","","2018/9/28 18:10:48.0500000","1","2017/9/28 18:10:48.0500000","9999/12/31 23:59:59.9970000","",""
"352","SSL-2","","352","SSL -2","","","0","","","1","268","SSL-2","1.06","","","","0","","","1","0","","2018/9/28 18:10:48.0570000","1","2017/9/28 18:10:48.0570000","9999/12/31 23:59:59.9970000","",""
"353","StimSol 200","","353","StimSol 200","","","0","","","1","156","StimSol 200","1.06","","","","0","","","1","0","","2018/9/28 18:10:48.0830000","1","2017/9/28 18:10:48.0830000","9999/12/31 23:59:59.9970000","",""
"354","Stim-Wett Max I","","354","Stim-Wett Max I","","","0","","","1","157","Stim-Wett Max I","1.06","","","","0","","","1","0","","2018/9/28 18:10:48.1100000","1","2017/9/28 18:10:48.1100000","9999/12/31 23:59:59.9970000","",""
"355","Stim-Wett Max II","","355","Stim-Wett Max II","","","0","","","1","158","Stim-Wett Max II","1.06","","","","0","","","1","0","","2018/9/28 18:10:48.1670000","1","2017/9/28 18:10:48.1670000","9999/12/31 23:59:59.9970000","",""
"356","Stim-Wett Max III","","356","Stim-Wett Max III","","","0","","","1","159","Stim-Wett Max III","1.06","","","","0","","","1","0","","2018/9/28 18:10:48.2730000","1","2017/9/28 18:10:48.2730000","9999/12/31 23:59:59.9970000","",""
"357","Sugar","","357","Sugar","","","0","","","1","211","Sugar","1.06","","","","0","","","1","0","","2018/9/28 18:10:48.3000000","1","2017/9/28 18:10:48.3000000","9999/12/31 23:59:59.9970000","",""
"358","Toluene","","358","Toluene","","","0","","","1","115","Toluene","1.06","","","","0","","","1","0","","2018/9/28 18:10:48.3100000","1","2017/9/28 18:10:48.3100000","9999/12/31 23:59:59.9970000","",""
"359","WG-1L","","359","WG-1L","","","0","","","1","121","WG-1L","1.06","","","","0","","","1","0","","2018/9/28 18:10:48.3230000","1","2017/9/28 18:10:48.3230000","9999/12/31 23:59:59.9970000","",""
"360","WG-2BL","","360","WG-2BL","","","0","","","1","248","WG-2BL","1.06","","","","0","","","1","0","","2018/9/28 18:10:48.3330000","1","2017/9/28 18:10:48.3330000","9999/12/31 23:59:59.9970000","",""
"361","WG-3L","","361","WG-3L","","","0","","","1","131","WG-3L","1.06","","","","0","","","1","0","","2018/9/28 18:10:48.3430000","1","2017/9/28 18:10:48.3430000","9999/12/31 23:59:59.9970000","",""
"362","WG-4P","","362","WG-4P","","","0","","","1","191","WG-4P","1.06","","","","0","","","1","0","","2018/9/28 18:10:48.3500000","1","2017/9/28 18:10:48.3500000","9999/12/31 23:59:59.9970000","",""
"363","WG-6P","","363","WG-6P","","","0","","","1","269","WG-6P","1.06","","","","0","","","1","0","","2018/9/28 18:10:48.3600000","1","2017/9/28 18:10:48.3600000","9999/12/31 23:59:59.9970000","",""
"364","WG-6ZL","","364","WG-6ZL","","","0","","","1","270","WG-6ZL","1.06","","","","0","","","1","0","","2018/9/28 18:10:48.3700000","1","2017/9/28 18:10:48.3700000","9999/12/31 23:59:59.9970000","",""
"365","WWS-1L","","365","WWS-1L","","","0","","","1","246","WWS-1L","1.06","","","","0","","","1","0","","2018/9/28 18:10:48.3770000","1","2017/9/28 18:10:48.3770000","9999/12/31 23:59:59.9970000","",""
"366","WWS-2L","","366","WWS-2L","","","0","","","1","177","WWS-2L","1.06","","","","0","","","1","0","","2018/9/28 18:10:48.3870000","1","2017/9/28 18:10:48.3870000","9999/12/31 23:59:59.9970000","",""
"367","WWS-3L","","367","WWS-3L","","","0","","","1","192","WWS-3L","1.06","","","","0","","","1","0","","2018/9/28 18:10:48.3970000","1","2017/9/28 18:10:48.3970000","9999/12/31 23:59:59.9970000","",""
"368","WWS-4L","","368","WWS-4L","","","0","","","1","247","WWS-4L","1.06","","","","0","","","1","0","","2018/9/28 18:10:48.4070000","1","2017/9/28 18:10:48.4070000","9999/12/31 23:59:59.9970000","",""
"369","SURFACEmix PRO ED","","372","SURFACEmix PRO ED","202","SURFACEmix PRO ED","1","275","SURFACEmix PRO ED","0","","","3.077","","0.964","1700","1","","3","1","0","","2018/9/28 18:10:48.4130000","1","2017/9/28 18:10:48.4130000","9999/12/31 23:59:59.9970000","1","Cementing Blend"
"370","SURFACEmix PRO ED + Additives","","373","SURFACEmix PRO ED + Additives","203","SURFACEmix PRO ED + Additives","0","","","0","","","","","","","0","","","1","0","","2018/9/28 18:10:48.4230000","1","2017/9/28 18:10:48.4230000","9999/12/31 23:59:59.9970000","",""
"371","SURFACEmix PRO RD","","374","SURFACEmix PRO RD","204","SURFACEmix PRO RD","1","276","SURFACEmix PRO RD","0","","","3.031","","0.957","1700","1","","3","1","0","","2018/9/28 18:10:48.4370000","1","2017/9/28 18:10:48.4370000","9999/12/31 23:59:59.9970000","1","Cementing Blend"
"372","SURFACEmix PRO RD + Additives","","375","SURFACEmix PRO RD + Additives","205","SURFACEmix PRO RD + Additives","0","","","0","","","","","","","0","","","1","0","","2018/9/28 18:10:48.4470000","1","2017/9/28 18:10:48.4470000","9999/12/31 23:59:59.9970000","",""
"373","SURFACEmix PRO GP","","376","SURFACEmix PRO GP","206","SURFACEmix PRO GP","1","277","SURFACEmix PRO GP","0","","","3.031","","0.957","1700","1","","3","1","0","","2018/9/28 18:10:48.4570000","1","2017/9/28 18:10:48.4530000","9999/12/31 23:59:59.9970000","1","Cementing Blend"
"374","SURFACEmix PRO GP + Additives","","377","SURFACEmix PRO GP + Additives","207","SURFACEmix PRO GP + Additives","0","","","0","","","","","","","0","","","1","0","","2018/9/28 18:10:48.4630000","1","2017/9/28 18:10:48.4630000","9999/12/31 23:59:59.9970000","",""
"375","SURFACEmix PRO FJ","","378","SURFACEmix PRO FJ","208","SURFACEmix PRO FJ","1","278","SURFACEmix PRO FJ","0","","","3.136","","0.973","1700","1","","3","1","0","","2018/9/28 18:10:48.4730000","1","2017/9/28 18:10:48.4730000","9999/12/31 23:59:59.9970000","1","Cementing Blend"
"376","SURFACEmix PRO FJ + Additives","","379","SURFACEmix PRO FJ + Additives","209","SURFACEmix PRO FJ + Additives","0","","","0","","","","","","","0","","","1","0","","2018/9/28 18:10:48.4830000","1","2017/9/28 18:10:48.4800000","9999/12/31 23:59:59.9970000","",""
"377","SURFACEmix LW PRO ED","","380","SURFACEmix LW PRO ED","210","SURFACEmix LW PRO ED","1","279","SURFACEmix LW PRO ED","0","","","2.785","","1.165","1550","1","","3","1","0","","2018/9/28 18:10:48.4900000","1","2017/9/28 18:10:48.4900000","9999/12/31 23:59:59.9970000","1","Cementing Blend"
"378","SURFACEmix LW PRO ED + Additives","","381","SURFACEmix LW PRO ED + Additives","211","SURFACEmix LW PRO ED + Additives","0","","","0","","","","","","","0","","","1","0","","2018/9/28 18:10:48.5000000","1","2017/9/28 18:10:48.5000000","9999/12/31 23:59:59.9970000","",""
"379","SURFACEmix LW PRO GP","","382","SURFACEmix LW PRO GP","212","SURFACEmix LW PRO GP","1","280","SURFACEmix LW PRO GP","0","","","2.79","","1.166","1550","1","","3","1","0","","2018/9/28 18:10:48.5100000","1","2017/9/28 18:10:48.5100000","9999/12/31 23:59:59.9970000","1","Cementing Blend"
"380","SURFACEmix LW PRO GP + Additives","","383","SURFACEmix LW PRO GP + Additives","213","SURFACEmix LW PRO GP + Additives","0","","","0","","","","","","","0","","","1","0","","2018/9/28 18:10:48.5200000","1","2017/9/28 18:10:48.5200000","9999/12/31 23:59:59.9970000","",""
"381","SURFACEmix LW PRO RD","","384","SURFACEmix LW PRO RD","214","SURFACEmix LW PRO RD","1","281","SURFACEmix LW PRO RD","0","","","2.785","","1.165","1550","1","","3","1","0","","2018/9/28 18:10:48.5300000","1","2017/9/28 18:10:48.5300000","9999/12/31 23:59:59.9970000","1","Cementing Blend"
"382","SURFACEmix LW PRO RD + Additives","","385","SURFACEmix LW PRO RD + Additives","215","SURFACEmix LW PRO RD + Additives","0","","","0","","","","","","","0","","","1","0","","2018/9/28 18:10:48.5400000","1","2017/9/28 18:10:48.5400000","9999/12/31 23:59:59.9970000","",""
"383","Fresh Water + Additives","","386","Fresh Water + Additives","222","Fresh Water + Additives","0","","","0","","","","","","","0","","","1","0","","2018/9/28 18:10:48.5500000","1","2017/9/28 18:10:48.5500000","9999/12/31 23:59:59.9970000","",""
"384","Base Oil + Additives","","387","Base Oil + Additives","223","Base Oil + Additives","0","","","0","","","","","","","0","","","1","0","","2018/9/28 18:10:48.5600000","1","2017/9/28 18:10:48.5600000","9999/12/31 23:59:59.9970000","",""
"385","WELLBLOCK 'T' + Additives","","388","WELLBLOCK 'T' + Additives","224","WELLBLOCK 'T' + Additives","0","","","0","","","","","","","0","","","1","0","","2018/9/28 18:10:48.5670000","1","2017/9/28 18:10:48.5670000","9999/12/31 23:59:59.9970000","",""
"386","BORAjel + Additives","","389","BORAjel + Additives","225","BORAjel + Additives","0","","","0","","","","","","","0","","","1","0","","2018/9/28 18:10:48.5770000","1","2017/9/28 18:10:48.5770000","9999/12/31 23:59:59.9970000","",""
"387","One Part Spacer + Additives","","390","One Part Spacer + Additives","226","One Part Spacer + Additives","0","","","0","","","","","","","0","","","1","0","","2018/9/28 18:10:48.5870000","1","2017/9/28 18:10:48.5870000","9999/12/31 23:59:59.9970000","",""
"388","RP-20 + Additives","","391","RP-20 + Additives","227","RP-20 + Additives","0","","","0","","","","","","","0","","","1","0","","2018/9/28 18:10:48.6000000","1","2017/9/28 18:10:48.6000000","9999/12/31 23:59:59.9970000","",""
"389","Wellseal + Additives","","392","Wellseal + Additives","228","Wellseal + Additives","0","","","0","","","","","","","0","","","1","0","","2018/9/28 18:10:48.6100000","1","2017/9/28 18:10:48.6100000","9999/12/31 23:59:59.9970000","",""
"390","Wellseal G + Additives","","393","Wellseal G + Additives","229","Wellseal G + Additives","0","","","0","","","","","","","0","","","1","0","","2018/9/28 18:10:48.6170000","1","2017/9/28 18:10:48.6170000","9999/12/31 23:59:59.9970000","",""
"391","Indicator Dye + Additives","","394","Indicator Dye + Additives","230","Indicator Dye + Additives","0","","","0","","","","","","","0","","","1","0","","2018/9/28 18:10:48.6270000","1","2017/9/28 18:10:48.6270000","9999/12/31 23:59:59.9970000","",""
"392","Mud Flush + Additives","","395","Mud Flush + Additives","231","Mud Flush + Additives","0","","","0","","","","","","","0","","","1","0","","2018/9/28 18:10:48.6330000","1","2017/9/28 18:10:48.6330000","9999/12/31 23:59:59.9970000","",""
"393","Invert Spacer + Additives","","396","Invert Spacer + Additives","232","Invert Spacer + Additives","0","","","0","","","","","","","0","","","1","0","","2018/9/28 18:10:48.6430000","1","2017/9/28 18:10:48.6430000","9999/12/31 23:59:59.9970000","",""
"394","Water Wet Max + Additives","","397","Water Wet Max + Additives","233","Water Wet Max + Additives","0","","","0","","","","","","","0","","","1","0","","2018/9/28 18:10:48.6570000","1","2017/9/28 18:10:48.6570000","9999/12/31 23:59:59.9970000","",""
"395","Visweep + Additives","","398","Visweep + Additives","234","Visweep + Additives","0","","","0","","","","","","","0","","","1","0","","2018/9/28 18:10:48.6630000","1","2017/9/28 18:10:48.6630000","9999/12/31 23:59:59.9970000","",""
"396","Sanjel Blended Acid Systems (S-BAS)","","399","Sanjel Blended Acid Systems (S-BAS)","","","0","","","1","271","Sanjel Blended Acid Systems (S-BAS)","","","","","0","","","1","0","","2018/9/28 18:10:48.6730000","1","2017/9/28 18:10:48.6730000","9999/12/31 23:59:59.9970000","",""
"397","Sanjel Blended Solvent (Bsolv)","","400","Sanjel Blended Solvent (Bsolv)","","","0","","","1","272","Sanjel Blended Solvent (Bsolv)","","","","","0","","","1","0","","2018/9/28 18:10:48.6900000","1","2017/9/28 18:10:48.6900000","9999/12/31 23:59:59.9970000","",""
"398","HCL 15%","","401","HCL 15%","","","1","66","15% HCl","0","","","","","","","0","","","1","0","","2018/9/28 18:10:48.7170000","1","2017/9/28 18:10:48.7170000","9999/12/31 23:59:59.9970000","4","Acid"
"399","HCL 15% + Additives","","401","HCL 15%","235","HCL 15% + Additives","0","","","0","","","","","","","0","","","1","0","","2018/9/28 18:10:48.7570000","1","2017/9/28 18:10:48.7570000","9999/12/31 23:59:59.9970000","",""
"400","SURFACEmix LW PRO LLD","","402","SURFACEmix LW PRO LLD","236","SURFACEmix LW PRO LLD","1","284","SURFACEmix LW PRO LLD","0","","","2.074","","1.146","1550","1","","3","1","0","","2018/9/28 18:10:48.8230000","1","2017/9/28 18:10:48.8230000","9999/12/31 23:59:59.9970000","1","Cementing Blend"
"401","SURFACEmix LW PRO LLD + Additives","","403","SURFACEmix LW PRO LLD + Additives","237","SURFACEmix LW PRO LLD + Additives","0","","","0","","","","","","","0","","","1","0","","2018/9/28 18:10:48.8570000","1","2017/9/28 18:10:48.8570000","9999/12/31 23:59:59.9970000","",""
"402","Scavenger","","404","Scavenger","","","1","247","Scavenger","0","","","1","","","","0","","","1","0","","2018/9/28 18:10:48.8800000","1","2017/9/28 18:10:48.8800000","9999/12/31 23:59:59.9970000","2","Preflush/Spacer/Displacement"
"403","SUPERLITEmix 1160 C","","405","SUPERLITEmix 1160 C","238","SUPERLITEmix 1160 C","1","285","SUPERLITEmix 1160 C","0","","","1.593","","1.862","1160","1","","42","1","0","","2018/9/28 18:10:48.9000000","1","2017/9/28 18:10:48.9000000","9999/12/31 23:59:59.9970000","1","Cementing Blend"
"404","SUPERLITEmix 1160 C + Additives","","406","SUPERLITEmix 1160 C + Additives","239","SUPERLITEmix 1160 C + Additives","0","","","0","","","","","","","0","","","1","0","","2018/9/28 18:10:48.9170000","1","2017/9/28 18:10:48.9130000","9999/12/31 23:59:59.9970000","",""
"405","CDM-4X","","407","CDM-4X","","","0","","","1","274","CDM-4X","1","","","","0","","","1","0","","2018/9/28 18:10:48.9230000","1","2017/9/28 18:10:48.9230000","9999/12/31 23:59:59.9970000","",""
"406","PRODUCTIONmix HZ","","408","PRODUCTIONmix HZ","240","PRODUCTIONmix HZ","1","286","PRODUCTIONmix HZ","0","","","2.47","","1.205","1464","0","","4","1","0","","2018/9/28 18:10:48.9370000","1","2017/9/28 18:10:48.9330000","9999/12/31 23:59:59.9970000","1","Cementing Blend"
"407","PRODUCTIONmix HZ + Additives","","409","PRODUCTIONmix HZ + Additives","241","PRODUCTIONmix HZ + Additives","0","","","0","","","","","","","0","","","1","0","","2018/9/28 18:10:48.9430000","1","2017/9/28 18:10:48.9430000","9999/12/31 23:59:59.9970000","",""
"408","Ciment Fondue EC","","410","Ciment Fondue EC","242","Ciment Fondue EC","1","287","Ciment Fondue EC","0","","","1.593","","1.862","1160","1","","42","1","0","","2018/9/28 18:10:48.9530000","1","2017/9/28 18:10:48.9530000","9999/12/31 23:59:59.9970000","1","Cementing Blend"
"409","Ciment Fondue EC + Additives","","411","Ciment Fondue EC + Additives","243","Ciment Fondue EC + Additives","0","","","0","","","","","","","0","","","1","0","","2018/9/28 18:10:48.9630000","1","2017/9/28 18:10:48.9630000","9999/12/31 23:59:59.9970000","",""
"410","GCA-2","","412","GCA-2","","","0","","","1","275","GCA-2","1","","","","0","","","1","0","","2018/9/28 18:10:48.9730000","1","2017/9/28 18:10:48.9730000","9999/12/31 23:59:59.9970000","",""
"411","LDP-C-0418","","413","LDP-C-0418","","","1","288","LDP-C-0418","0","","","2.19","","4.347","1125","0","","","1","0","","2018/9/28 18:10:48.9800000","1","2017/9/28 18:10:48.9800000","9999/12/31 23:59:59.9970000","2","Preflush/Spacer/Displacement"
"412","LDP-C-0518","","414","LDP-C-0518","","","0","","","1","276","LDP-C-0518","1","","","","0","","","1","0","","2018/9/28 18:10:48.9930000","1","2017/9/28 18:10:48.9930000","9999/12/31 23:59:59.9970000","",""
"413","Silica Density Control Additive","","415","Silica Density Control Additive","","","0","","","1","277","Silica Density Control Additive","1","","","","0","","","1","0","","2018/9/28 18:10:49.0070000","1","2017/9/28 18:10:49.0030000","9999/12/31 23:59:59.9970000","",""
"414","ACW-4","","416","ACW-4","","","0","","","1","12","ACW-4","1","","","","0","","","1","0","","2018/9/28 18:10:49.0170000","1","2017/9/28 18:10:49.0170000","9999/12/31 23:59:59.9970000","",""
"415","LDP-C-0718","","417","LDP-C-0718","","","0","","","1","278","LDP-C-0718","1","","","","0","","","1","0","","2018/9/28 18:10:49.0270000","1","2017/9/28 18:10:49.0270000","9999/12/31 23:59:59.9970000","",""
"416","LDP-C-0618","","418","LDP-C-0618","244","LDP-C-0618","1","289","LDP-C-0618","0","","","2.812","","1.895","1340","0","","42","1","0","","2018/9/28 18:10:49.0430000","1","2017/9/28 18:10:49.0430000","9999/12/31 23:59:59.9970000","1","Cementing Blend"
"417","LDP-C-0618 + Additives","","419","LDP-C-0618 + Additives","245","LDP-C-0618 + Additives","0","","","0","","","","","","","0","","","1","0","","2018/9/28 18:10:49.0530000","1","2017/9/28 18:10:49.0530000","9999/12/31 23:59:59.9970000","",""
"418","LDP-C-0418 + Additives","","420","LDP-C-0418 + Additives","246","LDP-C-0418 + Additives","0","","","0","","","","","","","0","","","1","0","","2018/9/28 18:10:49.0330000","1","2017/9/28 18:10:49.0330000","9999/12/31 23:59:59.9970000","",""
