Id,NAME,RIG_NO,DRILLINGCOMPANY_ID,DRILLINGCOMPANY_NAME,STATUS,IS_SERVICE_RIG,IS_DELETED,IS_TOP_DRIVE,SIZE_TYPE_VALUE,SIZE_TYPE_UNIT,RIG_SIZE_TYPE_ID,RIG_SIZE_TYPE_NAME,THREAD_TYPE_ID,THREAD_TYPE_NAME,VERSION,LAST_MODIFIED_USER_ID,LAST_MODIFIED_USER_NAME,LAST_MODIFIED_DATE_TIME,LAST_OPERATION_TYPE,EFFECTIVE_START_DATE_TIME,EFFECTIVE_END_DATE_TIME
1,Akita 12,12,30076,Akita Drilling Ltd.,0,0,0,1,114.3,,1,,4,XH,2,15112,Awang,11/27/2017,3,11/27/2017,12/31/9999
2,Akita 21,21,30076,Akita Drilling Ltd.,0,0,0,1,114.3,,1,,4,XH,2,15112,Awang,11/27/2017,3,11/27/2017,12/31/9999
3,Akita 25,25,30076,Akita Drilling Ltd.,0,0,0,0,,,1,,,,2,15112,Awang,11/27/2017,3,11/27/2017,12/31/9999
4,Akita 27,27,30076,Akita Drilling Ltd.,0,0,0,0,,,2,Single,,,2,15112,Awang,11/27/2017,3,11/27/2017,12/31/9999
5,Akita 31,31,30076,Akita Drilling Ltd.,0,0,0,0,,,1,,,,2,15112,Awang,11/27/2017,3,11/27/2017,12/31/9999
6,Akita 32E,32E,30076,Akita Drilling Ltd.,0,0,0,0,,,1,,,,2,15112,Awang,11/27/2017,3,11/27/2017,12/31/9999
7,Akita 40,40,30076,Akita Drilling Ltd.,0,0,0,0,,,4,Triple,,,2,15112,Awang,11/27/2017,3,11/27/2017,12/31/9999
8,Akita 6,6,30076,Akita Drilling Ltd.,0,0,0,1,114.3,,1,,4,XH,2,15112,Awang,11/27/2017,3,11/27/2017,12/31/9999
9,Akita 8,8,30076,Akita Drilling Ltd.,0,0,0,1,114.3,,1,,4,XH,2,15112,Awang,11/27/2017,3,11/27/2017,12/31/9999
10,Akita 80,80,30076,Akita Drilling Ltd.,0,0,0,1,114.3,,1,,4,XH,2,15112,Awang,11/27/2017,3,11/27/2017,12/31/9999
11,Akita 90,90,30076,Akita Drilling Ltd.,0,0,0,1,114.3,,4,Triple,4,XH,2,15112,Awang,11/27/2017,3,11/27/2017,12/31/9999
12,Alliance 2,2,30177,Alliance Drilling And Oilfield Service Ltd,0,0,0,1,114.3,,1,,4,XH,2,15112,Awang,11/27/2017,3,11/27/2017,12/31/9999
13,Alliance  8,8,30177,Alliance Drilling And Oilfield Service Ltd,0,0,0,0,,,1,,,,2,15112,Awang,11/27/2017,3,11/27/2017,12/31/9999
14,Beaver 3,3,30081,Beaver Drilling Ltd.,0,0,0,0,,,1,,,,2,15112,Awang,11/27/2017,3,11/27/2017,12/31/9999
15,Beaver 6,6,30081,Beaver Drilling Ltd.,0,0,0,1,114.3,,1,,4,XH,2,15112,Awang,11/27/2017,3,11/27/2017,12/31/9999
16,Betts 1,1,30217,Betts Drilling Ltd.,0,0,0,1,114.3,,1,,4,XH,2,15112,Awang,11/27/2017,3,11/27/2017,12/31/9999
17,Betts 2,2,30217,Betts Drilling Ltd.,0,0,0,1,114.3,,1,,4,XH,2,15112,Awang,11/27/2017,3,11/27/2017,12/31/9999
18,Bonanza10,10,30155,Bonanza Drilling Inc.,0,0,0,1,114.3,,1,,4,XH,2,15112,Awang,11/27/2017,3,11/27/2017,12/31/9999
19,Bonanza2,2,30155,Bonanza Drilling Inc.,0,0,0,1,114.3,,1,,4,XH,2,15112,Awang,11/27/2017,3,11/27/2017,12/31/9999
20,Bonanza4,4,30155,Bonanza Drilling Inc.,0,0,0,1,114.3,,1,,4,XH,2,15112,Awang,11/27/2017,3,11/27/2017,12/31/9999
21,Bonanza5,5,30155,Bonanza Drilling Inc.,0,0,0,1,114.3,,1,,4,XH,2,15112,Awang,11/27/2017,3,11/27/2017,12/31/9999
22,Bonanza6,6,30155,Bonanza Drilling Inc.,0,0,0,1,114.3,,1,,4,XH,2,15112,Awang,11/27/2017,3,11/27/2017,12/31/9999
23,Bonanza7,7,30155,Bonanza Drilling Inc.,0,0,0,1,114.3,,1,,4,XH,2,15112,Awang,11/27/2017,3,11/27/2017,12/31/9999
24,Bonanza8,8,30155,Bonanza Drilling Inc.,0,0,0,1,114.3,,1,,4,XH,2,15112,Awang,11/27/2017,3,11/27/2017,12/31/9999
25,Bonanza9,9,30155,Bonanza Drilling Inc.,0,0,0,0,,,1,,,,2,15112,Awang,11/27/2017,3,11/27/2017,12/31/9999
26,Ironhand 0,0,30215,CWC Ironhand Drilling,0,0,0,0,,,1,,,,2,15112,Awang,11/27/2017,3,11/27/2017,12/31/9999
27,Ironhand 1,1,30215,CWC Ironhand Drilling,0,0,0,0,,,1,,,,2,15112,Awang,11/27/2017,3,11/27/2017,12/31/9999
28,Ironhand 110,110,30215,CWC Ironhand Drilling,0,0,0,0,,,1,,,,2,15112,Awang,11/27/2017,3,11/27/2017,12/31/9999
29,Ironhand 126,126,30215,CWC Ironhand Drilling,0,0,0,0,,,1,,,,2,15112,Awang,11/27/2017,3,11/27/2017,12/31/9999
30,Ironhand 127,127,30215,CWC Ironhand Drilling,0,0,0,0,,,1,,,,2,15112,Awang,11/27/2017,3,11/27/2017,12/31/9999
31,Ironhand 129,129,30215,CWC Ironhand Drilling,0,0,0,0,,,1,,,,2,15112,Awang,11/27/2017,3,11/27/2017,12/31/9999
32,Ironhand 139,139,30215,CWC Ironhand Drilling,0,0,0,0,,,1,,,,2,15112,Awang,11/27/2017,3,11/27/2017,12/31/9999
33,Ironhand 208,208,30215,CWC Ironhand Drilling,0,0,0,0,,,1,,,,2,15112,Awang,11/27/2017,3,11/27/2017,12/31/9999
34,Ironhand 255,255,30215,CWC Ironhand Drilling,0,0,0,1,114.3,,1,,4,XH,2,15112,Awang,11/27/2017,3,11/27/2017,12/31/9999
35,Camaro 1,1,30086,Camaro Drilling Ltd,0,0,0,0,,,1,,,,2,15112,Awang,11/27/2017,3,11/27/2017,12/31/9999
36,Canadian 142,142,30151,Canadian Well Services Corp,0,0,0,0,,,1,,,,2,15112,Awang,11/27/2017,3,11/27/2017,12/31/9999
37,Chinook17,17,30089,Chinook Drilling,0,0,0,1,114.3,,1,,4,XH,2,15112,Awang,11/27/2017,3,11/27/2017,12/31/9999
38,Chinook18,18,30089,Chinook Drilling,0,0,0,1,114.3,,1,,4,XH,2,15112,Awang,11/27/2017,3,11/27/2017,12/31/9999
39,Chinook19,19,30089,Chinook Drilling,0,0,0,1,114.3,,3,Double,4,XH,2,15112,Awang,11/27/2017,3,11/27/2017,12/31/9999
40,Chinook3,3,30089,Chinook Drilling,0,0,0,0,0,,1,,1,,2,15112,Awang,11/27/2017,3,11/27/2017,12/31/9999
41,Citadel 2,2,30216,Citadel Drilling Ltd.,0,0,0,1,114.3,,3,Double,4,XH,2,15112,Awang,11/27/2017,3,11/27/2017,12/31/9999
42,Citadel 1,1,30216,Citadel Drilling Ltd.,0,0,0,0,114.3,,1,,4,XH,2,15112,Awang,11/27/2017,3,11/27/2017,12/31/9999
43,Concord 118,118,30012,Concord Well Servicing,0,0,0,1,114.3,,1,,4,XH,2,15112,Awang,11/27/2017,3,11/27/2017,12/31/9999
44,Concord 119,119,30012,Concord Well Servicing,0,0,0,1,114.3,,1,,4,XH,2,15112,Awang,11/27/2017,3,11/27/2017,12/31/9999
45,Concord 120,120,30012,Concord Well Servicing,0,0,0,1,114.3,,1,,4,XH,2,15112,Awang,11/27/2017,3,11/27/2017,12/31/9999
46,Concord 124,124,30012,Concord Well Servicing,0,0,0,0,,,1,,,,2,15112,Awang,11/27/2017,3,11/27/2017,12/31/9999
47,Concord 135,135,30012,Concord Well Servicing,0,0,0,0,,,1,,,,2,15112,Awang,11/27/2017,3,11/27/2017,12/31/9999
48,Concord 144,144,30012,Concord Well Servicing,0,0,0,0,,,1,,,,2,15112,Awang,11/27/2017,3,11/27/2017,12/31/9999
49,Concord 148,148,30012,Concord Well Servicing,0,0,0,0,,,1,,,,2,15112,Awang,11/27/2017,3,11/27/2017,12/31/9999
50,Concord 149,149,30012,Concord Well Servicing,0,0,0,0,,,1,,,,2,15112,Awang,11/27/2017,3,11/27/2017,12/31/9999
51,Concord 154,154,30012,Concord Well Servicing,0,0,0,1,114.3,,1,,4,XH,2,15112,Awang,11/27/2017,3,11/27/2017,12/31/9999
52,Concord 19,19,30012,Concord Well Servicing,0,0,0,0,,,1,,,,2,15112,Awang,11/27/2017,3,11/27/2017,12/31/9999
53,Concord 23,23,30012,Concord Well Servicing,0,0,0,0,,,1,,,,2,15112,Awang,11/27/2017,3,11/27/2017,12/31/9999
54,Concord 40,40,30012,Concord Well Servicing,0,0,0,0,,,1,,,,2,15112,Awang,11/27/2017,3,11/27/2017,12/31/9999
55,Concord 41,41,30012,Concord Well Servicing,0,0,0,1,114.3,,1,,4,XH,2,15112,Awang,11/27/2017,3,11/27/2017,12/31/9999
56,Concord 49,49,30012,Concord Well Servicing,0,0,0,1,114.3,,1,,4,XH,2,15112,Awang,11/27/2017,3,11/27/2017,12/31/9999
57,Concord 64,64,30012,Concord Well Servicing,0,0,0,0,,,1,,,,2,15112,Awang,11/27/2017,3,11/27/2017,12/31/9999
58,Concord 78,78,30012,Concord Well Servicing,0,0,0,1,114.3,,1,,4,XH,2,15112,Awang,11/27/2017,3,11/27/2017,12/31/9999
59,Crusader 1,1,30183,Crusader Drilling,0,0,0,1,114.3,,1,,4,XH,2,15112,Awang,11/27/2017,3,11/27/2017,12/31/9999
60,Crusader 2,2,30183,Crusader Drilling,0,0,0,0,,,1,,,,2,15112,Awang,11/27/2017,3,11/27/2017,12/31/9999
61,DC 2,2,30188,DC Drilling Inc.,0,0,0,1,114.3,,1,,4,XH,2,15112,Awang,11/27/2017,3,11/27/2017,12/31/9999
62,Diamond  6,6,30014,Diamond Energy Services,0,0,0,0,,,1,,,,2,15112,Awang,11/27/2017,3,11/27/2017,12/31/9999
63,Eagle  45,45,30093,Eagle Drilling Services Ltd.,0,0,0,0,,,1,,,,2,15112,Awang,11/27/2017,3,11/27/2017,12/31/9999
64,Eagle 22,22,30093,Eagle Drilling Services Ltd.,0,0,0,0,,,1,,,,2,15112,Awang,11/27/2017,3,11/27/2017,12/31/9999
65,Ensign 141,141,30095,Ensign Drilling Inc.,0,0,0,1,114.3,,1,,4,XH,2,15112,Awang,11/27/2017,3,11/27/2017,12/31/9999
66,Ensign 143,143,30095,Ensign Drilling Inc.,0,0,0,1,114.3,,1,,4,XH,2,15112,Awang,11/27/2017,3,11/27/2017,12/31/9999
67,Ensign 147,147,30095,Ensign Drilling Inc.,0,0,0,1,114.3,,1,,4,XH,2,15112,Awang,11/27/2017,3,11/27/2017,12/31/9999
68,Ensign 148,148,30095,Ensign Drilling Inc.,0,0,0,1,114.3,,3,Double,4,XH,2,15112,Awang,11/27/2017,3,11/27/2017,12/31/9999
69,Ensign 220,220,30095,Ensign Drilling Inc.,0,0,0,1,114.3,,1,,4,XH,2,15112,Awang,11/27/2017,3,11/27/2017,12/31/9999
70,Ensign 225,225,30095,Ensign Drilling Inc.,0,0,0,1,114.3,,3,Double,4,XH,2,15112,Awang,11/27/2017,3,11/27/2017,12/31/9999
71,Ensign 351,351,30095,Ensign Drilling Inc.,0,0,0,1,114.3,,1,,4,XH,2,15112,Awang,11/27/2017,3,11/27/2017,12/31/9999
72,Ensign 352,352,30095,Ensign Drilling Inc.,0,0,0,1,114.3,,1,,4,XH,2,15112,Awang,11/27/2017,3,11/27/2017,12/31/9999
73,Ensign 361,361,30095,Ensign Drilling Inc.,0,0,0,1,114.3,,1,,4,XH,2,15112,Awang,11/27/2017,3,11/27/2017,12/31/9999
74,Ensign 544,544,30095,Ensign Drilling Inc.,0,0,0,1,101.6,,1,,4,XH,2,15112,Awang,11/27/2017,3,11/27/2017,12/31/9999
75,Ensign 557,557,30095,Ensign Drilling Inc.,0,0,0,0,,,1,,,,2,15112,Awang,11/27/2017,3,11/27/2017,12/31/9999
76,Ensign 651,651,30095,Ensign Drilling Inc.,0,0,0,1,114.3,,1,,4,XH,2,15112,Awang,11/27/2017,3,11/27/2017,12/31/9999
77,Essential  1129,1129,30167,Essential Well Service,0,0,0,0,,,1,,,,2,15112,Awang,11/27/2017,3,11/27/2017,12/31/9999
78,Ex-Cel 2,2,30017,Ex-Cel Well Servicing Ltd.,0,0,0,0,,,1,,,,2,15112,Awang,11/27/2017,3,11/27/2017,12/31/9999
79,Ex-Cel 3,3,30017,Ex-Cel Well Servicing Ltd.,0,0,0,0,,,1,,,,2,15112,Awang,11/27/2017,3,11/27/2017,12/31/9999
80,Excalibur 10,10,30096,Excalibur Drilling Ltd.,0,0,0,1,101.6,,1,,4,XH,2,15112,Awang,11/27/2017,3,11/27/2017,12/31/9999
81,Extreme 3,3,30179,Extreme Drilling Inc,0,0,0,1,114.3,,1,,4,XH,2,15112,Awang,11/27/2017,3,11/27/2017,12/31/9999
82,Fox 1,1,30169,Fox Drilling Inc,0,0,0,0,,,1,,,,2,15112,Awang,11/27/2017,3,11/27/2017,12/31/9999
83,Global 40,40,30020,Global Petroleum Group-Caterpiller,0,0,0,0,,,1,,,,2,15112,Awang,11/27/2017,3,11/27/2017,12/31/9999
84,Grimes 2,2,30022,Grimes Well Servicing Ltd.,0,0,0,0,,,1,,,,2,15112,Awang,11/27/2017,3,11/27/2017,12/31/9999
85,Grimes 5,5,30022,Grimes Well Servicing Ltd.,0,0,0,0,,,1,,,,2,15112,Awang,11/27/2017,3,11/27/2017,12/31/9999
86,Grimes 6,6,30022,Grimes Well Servicing Ltd.,0,0,0,0,,,1,,,,2,15112,Awang,11/27/2017,3,11/27/2017,12/31/9999
87,High Arctic 64,64,30099,High Arctic Energy Services LP,0,0,0,0,,,1,,,,2,15112,Awang,11/27/2017,3,11/27/2017,12/31/9999
88,Horizon 11,11,30100,Horizon Drilling Inc.,0,0,0,1,114.3,,1,,4,XH,2,15112,Awang,11/27/2017,3,11/27/2017,12/31/9999
89,Horizon 14,14,30100,Horizon Drilling Inc.,0,0,0,1,114.3,,1,,4,XH,2,15112,Awang,11/27/2017,3,11/27/2017,12/31/9999
90,Horizon 16,16,30100,Horizon Drilling Inc.,0,0,0,1,114.3,,1,,4,XH,2,15112,Awang,11/27/2017,3,11/27/2017,12/31/9999
91,Horizon 19,19,30100,Horizon Drilling Inc.,0,0,0,1,114.3,,1,,4,XH,2,15112,Awang,11/27/2017,3,11/27/2017,12/31/9999
92,Horizon 2,2,30100,Horizon Drilling Inc.,0,0,0,1,101.6,,1,,4,XH,2,15112,Awang,11/27/2017,3,11/27/2017,12/31/9999
93,Horizon 21,21,30100,Horizon Drilling Inc.,0,0,0,1,101.6,,1,,4,XH,2,15112,Awang,11/27/2017,3,11/27/2017,12/31/9999
94,Horizon 23,23,30100,Horizon Drilling Inc.,0,0,0,1,114.3,,1,,4,XH,2,15112,Awang,11/27/2017,3,11/27/2017,12/31/9999
95,Horizon 3,3,30100,Horizon Drilling Inc.,0,0,0,1,101.6,,1,,4,XH,2,15112,Awang,11/27/2017,3,11/27/2017,12/31/9999
96,Horizon 30,30,30100,Horizon Drilling Inc.,0,0,0,0,,,1,,,,2,15112,Awang,11/27/2017,3,11/27/2017,12/31/9999
97,Horizon 34,34,30100,Horizon Drilling Inc.,0,0,0,0,,,1,,,,2,15112,Awang,11/27/2017,3,11/27/2017,12/31/9999
98,Horizon 37,37,30100,Horizon Drilling Inc.,0,0,0,1,114.3,,1,,4,XH,2,15112,Awang,11/27/2017,3,11/27/2017,12/31/9999
99,Horizon 39 ,39,30100,Horizon Drilling Inc.,0,0,0,1,101.6,,1,,4,XH,2,15112,Awang,11/27/2017,3,11/27/2017,12/31/9999
100,Horizon 4,4,30100,Horizon Drilling Inc.,0,0,0,1,114.3,,1,,4,XH,2,15112,Awang,11/27/2017,3,11/27/2017,12/31/9999
101,Horizon 47,47,30100,Horizon Drilling Inc.,0,0,0,1,114.3,,1,,4,XH,2,15112,Awang,11/27/2017,3,11/27/2017,12/31/9999
102,Horizon 5,5,30100,Horizon Drilling Inc.,0,0,0,1,114.3,,1,,4,XH,2,15112,Awang,11/27/2017,3,11/27/2017,12/31/9999
103,Horizon 52,52,30100,Horizon Drilling Inc.,0,0,0,1,101.6,,1,,4,XH,2,15112,Awang,11/27/2017,3,11/27/2017,12/31/9999
104,Horizon 55,55,30100,Horizon Drilling Inc.,0,0,0,1,101.6,,1,,4,XH,2,15112,Awang,11/27/2017,3,11/27/2017,12/31/9999
105,Horizon 61,61,30100,Horizon Drilling Inc.,0,0,0,1,114.3,,1,,4,XH,2,15112,Awang,11/27/2017,3,11/27/2017,12/31/9999
106,Horizon 7,7,30100,Horizon Drilling Inc.,0,0,0,1,114.3,,1,,4,XH,2,15112,Awang,11/27/2017,3,11/27/2017,12/31/9999
107,Ironhand 5,5,30102,Ironhand Drilling Inc,0,0,0,1,101.6,,1,,4,XH,2,15112,Awang,11/27/2017,3,11/27/2017,12/31/9999
108,Ironhand 6,6,30102,Ironhand Drilling Inc,0,0,0,1,114.3,,1,,4,XH,2,15112,Awang,11/27/2017,3,11/27/2017,12/31/9999
109,Ironhand 9,9,30102,Ironhand Drilling Inc,0,0,0,0,,,1,,,,2,15112,Awang,11/27/2017,3,11/27/2017,12/31/9999
110,Komat 3,3,30158,Komat Drilling,0,0,0,0,,,1,,,,2,15112,Awang,11/27/2017,3,11/27/2017,12/31/9999
111,Lasso 1,1,30106,Lasso Drilling Corporation,0,0,0,1,114.3,,1,,4,XH,2,15112,Awang,11/27/2017,3,11/27/2017,12/31/9999
112,Lockwell 1,1,30035,Lockwell Servicing Ltd.,0,0,0,0,,,1,,,,2,15112,Awang,11/27/2017,3,11/27/2017,12/31/9999
113,Lockwell 4,4,30035,Lockwell Servicing Ltd.,0,0,0,0,,,1,,,,2,15112,Awang,11/27/2017,3,11/27/2017,12/31/9999
114,Lockwell 6,6,30035,Lockwell Servicing Ltd.,0,0,0,0,,,1,,,,2,15112,Awang,11/27/2017,3,11/27/2017,12/31/9999
115,Mustang 17,17,30040,Mustang Well Services Ltd.,0,0,0,0,,,1,,,,2,15112,Awang,11/27/2017,3,11/27/2017,12/31/9999
116,Mustang 6,6,30040,Mustang Well Services Ltd.,0,0,0,0,,,1,,,,2,15112,Awang,11/27/2017,3,11/27/2017,12/31/9999
117,Nabors 15,15,30108,Nabors Drilling,0,0,0,1,114.3,,1,,4,XH,2,15112,Awang,11/27/2017,3,11/27/2017,12/31/9999
118,Nabors 3,3,30108,Nabors Drilling,0,0,0,1,114.3,,1,,4,XH,2,15112,Awang,11/27/2017,3,11/27/2017,12/31/9999
119,Nabors 31,31,30108,Nabors Drilling,0,0,0,1,114.3,,1,,4,XH,2,15112,Awang,11/27/2017,3,11/27/2017,12/31/9999
120,Nabors 5,5,30108,Nabors Drilling,0,0,0,1,114.3,,3,Double,4,XH,2,15112,Awang,11/27/2017,3,11/27/2017,12/31/9999
121,Nabors 58,58,30108,Nabors Drilling,0,0,0,1,114.3,,1,,4,XH,2,15112,Awang,11/27/2017,3,11/27/2017,12/31/9999
122,Nabors 67,67,30108,Nabors Drilling,0,0,0,1,114.3,,3,Double,4,XH,2,15112,Awang,11/27/2017,3,11/27/2017,12/31/9999
123,Nabors 70,70,30108,Nabors Drilling,0,0,0,1,114.3,,1,,4,XH,2,15112,Awang,11/27/2017,3,11/27/2017,12/31/9999
124,Nabors 77,77,30108,Nabors Drilling,0,0,0,1,101.6,,1,,4,XH,2,15112,Awang,11/27/2017,3,11/27/2017,12/31/9999
125,Pantera 147,147,30111,Pantera Drilling Inc.,0,0,0,0,,,2,Single,,,2,15112,Awang,11/27/2017,3,11/27/2017,12/31/9999
126,Pantera 2,2,30111,Pantera Drilling Inc.,0,0,0,1,114.3,,1,,4,XH,2,15112,Awang,11/27/2017,3,11/27/2017,12/31/9999
127,Panther 2,2,30112,Panther Drilling Corp.,0,0,0,1,114.3,,1,,4,XH,2,15112,Awang,11/27/2017,3,11/27/2017,12/31/9999
128,Patterson 15,15,30140,Patterson-UTI Drilling,0,0,0,1,114.3,,1,,4,XH,2,15112,Awang,11/27/2017,3,11/27/2017,12/31/9999
129,Patterson 16,16,30140,Patterson-UTI Drilling,0,0,0,0,,,1,,,,2,15112,Awang,11/27/2017,3,11/27/2017,12/31/9999
130,Patterson 811,811,30140,Patterson-UTI Drilling,0,0,0,1,114.3,,1,,4,XH,2,15112,Awang,11/27/2017,3,11/27/2017,12/31/9999
131,Perform 1,1,30043,Performance Well Servicing Ltd.,0,0,0,0,,,1,,,,2,15112,Awang,11/27/2017,3,11/27/2017,12/31/9999
132,Perform 3,3,30043,Performance Well Servicing Ltd.,0,0,0,0,,,1,,,,2,15112,Awang,11/27/2017,3,11/27/2017,12/31/9999
133,Pimee 1,1,30044,Pimee Well Servicing Ltd.,0,0,0,1,114.3,,1,,4,XH,2,15112,Awang,11/27/2017,3,11/27/2017,12/31/9999
134,Pimee 2,2,30044,Pimee Well Servicing Ltd.,0,0,0,1,114.3,,1,,4,XH,2,15112,Awang,11/27/2017,3,11/27/2017,12/31/9999
135,Pimee 3,3,30044,Pimee Well Servicing Ltd.,0,0,0,1,114.3,,1,,4,XH,2,15112,Awang,11/27/2017,3,11/27/2017,12/31/9999
136,Pimee 4,4,30044,Pimee Well Servicing Ltd.,0,0,0,1,114.3,,1,,4,XH,2,15112,Awang,11/27/2017,3,11/27/2017,12/31/9999
137,Pimee 5,5,30044,Pimee Well Servicing Ltd.,0,0,0,0,,,1,,,,2,15112,Awang,11/27/2017,3,11/27/2017,12/31/9999
138,Pimee 6,6,30044,Pimee Well Servicing Ltd.,0,0,0,1,114.3,,1,,4,XH,2,15112,Awang,11/27/2017,3,11/27/2017,12/31/9999
139,Pimee 7,7,30044,Pimee Well Servicing Ltd.,0,0,0,0,,,1,,,,2,15112,Awang,11/27/2017,3,11/27/2017,12/31/9999
140,Pimee 9,9,30044,Pimee Well Servicing Ltd.,0,0,0,1,114.3,,1,,4,XH,2,15112,Awang,11/27/2017,3,11/27/2017,12/31/9999
141,PD 116,116,10203,Precision Drilling,0,0,0,0,,,1,,,,2,15112,Awang,11/27/2017,3,11/27/2017,12/31/9999
142,PD 131,131,10203,Precision Drilling,0,0,0,1,114.3,,1,,4,XH,2,15112,Awang,11/27/2017,3,11/27/2017,12/31/9999
143,PD 133,133,10203,Precision Drilling,0,0,0,0,,,1,,,,2,15112,Awang,11/27/2017,3,11/27/2017,12/31/9999
144,PD 147,147,10203,Precision Drilling,0,0,0,0,,,2,Single,,,2,15112,Awang,11/27/2017,3,11/27/2017,12/31/9999
145,PD 148,148,10203,Precision Drilling,0,0,0,1,114.3,,1,,4,XH,2,15112,Awang,11/27/2017,3,11/27/2017,12/31/9999
146,PD 149,149,10203,Precision Drilling,0,0,0,1,114.3,,1,,4,XH,2,15112,Awang,11/27/2017,3,11/27/2017,12/31/9999
147,PD 153,153,10203,Precision Drilling,0,0,0,1,114.3,,1,,4,XH,2,15112,Awang,11/27/2017,3,11/27/2017,12/31/9999
148,PD 155,155,10203,Precision Drilling,0,0,0,1,114.3,,1,,4,XH,2,15112,Awang,11/27/2017,3,11/27/2017,12/31/9999
149,PD 156,156,10203,Precision Drilling,0,0,0,1,114.3,,1,,4,XH,2,15112,Awang,11/27/2017,3,11/27/2017,12/31/9999
150,PD 157,157,10203,Precision Drilling,0,0,0,1,114.3,,1,,4,XH,2,15112,Awang,11/27/2017,3,11/27/2017,12/31/9999
151,PD 171,171,10203,Precision Drilling,0,0,0,1,114.3,,1,,4,XH,2,15112,Awang,11/27/2017,3,11/27/2017,12/31/9999
152,PD 183,183,10203,Precision Drilling,0,0,0,1,114.3,,1,,4,XH,2,15112,Awang,11/27/2017,3,11/27/2017,12/31/9999
153,PD 184,184,10203,Precision Drilling,0,0,0,1,114.3,,1,,4,XH,2,15112,Awang,11/27/2017,3,11/27/2017,12/31/9999
154,PD 185,185,10203,Precision Drilling,0,0,0,1,114.3,,1,,4,XH,2,15112,Awang,11/27/2017,3,11/27/2017,12/31/9999
155,PD 189,189,10203,Precision Drilling,0,0,0,0,,,2,Single,,,2,15112,Awang,11/27/2017,3,11/27/2017,12/31/9999
156,PD 19,19,10203,Precision Drilling,0,0,0,0,,,1,,,,2,15112,Awang,11/27/2017,3,11/27/2017,12/31/9999
157,PD 190,190,10203,Precision Drilling,0,0,0,1,114.3,,1,,4,XH,2,15112,Awang,11/27/2017,3,11/27/2017,12/31/9999
158,PD 192,192,10203,Precision Drilling,0,0,0,0,,,2,Single,,,2,15112,Awang,11/27/2017,3,11/27/2017,12/31/9999
159,PD 196,196,10203,Precision Drilling,0,0,0,1,114.3,,1,,4,XH,2,15112,Awang,11/27/2017,3,11/27/2017,12/31/9999
160,PD 197,197,10203,Precision Drilling,0,0,0,0,,,1,,,,2,15112,Awang,11/27/2017,3,11/27/2017,12/31/9999
161,PD 198,198,10203,Precision Drilling,0,0,0,0,,,1,,,,2,15112,Awang,11/27/2017,3,11/27/2017,12/31/9999
162,PD 199,199,10203,Precision Drilling,0,0,0,1,114.3,,1,,2,IF,2,15112,Awang,11/27/2017,3,11/27/2017,12/31/9999
163,PD 204,204,10203,Precision Drilling,0,0,0,1,114.3,,1,,4,XH,2,15112,Awang,11/27/2017,3,11/27/2017,12/31/9999
164,PD 205,205,10203,Precision Drilling,0,0,0,1,114.3,,1,,4,XH,2,15112,Awang,11/27/2017,3,11/27/2017,12/31/9999
165,PD 226,226,10203,Precision Drilling,0,0,0,1,114.3,,1,,4,XH,2,15112,Awang,11/27/2017,3,11/27/2017,12/31/9999
166,PD 241,241,10203,Precision Drilling,0,0,0,1,114.3,,1,,4,XH,2,15112,Awang,11/27/2017,3,11/27/2017,12/31/9999
167,PD 255,255,10203,Precision Drilling,0,0,0,1,114.3,,1,,4,XH,2,15112,Awang,11/27/2017,3,11/27/2017,12/31/9999
168,PD 275,275,10203,Precision Drilling,0,0,0,0,,,1,,,,2,15112,Awang,11/27/2017,3,11/27/2017,12/31/9999
169,PD 293,293,10203,Precision Drilling,0,0,0,1,114.3,,1,,4,XH,2,15112,Awang,11/27/2017,3,11/27/2017,12/31/9999
170,PD 294,294,10203,Precision Drilling,0,0,0,1,114.3,,1,,4,XH,2,15112,Awang,11/27/2017,3,11/27/2017,12/31/9999
171,PD 309,309,10203,Precision Drilling,0,0,0,1,114.3,,1,,4,XH,2,15112,Awang,11/27/2017,3,11/27/2017,12/31/9999
172,PD 340,340,10203,Precision Drilling,0,0,0,0,,,1,,,,2,15112,Awang,11/27/2017,3,11/27/2017,12/31/9999
173,PD 379,379,10203,Precision Drilling,0,0,0,1,114.3,,3,Double,4,XH,2,15112,Awang,11/27/2017,3,11/27/2017,12/31/9999
174,PD 382,382,10203,Precision Drilling,0,0,0,1,114.3,,1,,4,XH,2,15112,Awang,11/27/2017,3,11/27/2017,12/31/9999
175,PD 403,403,10203,Precision Drilling,0,0,0,1,114.3,,1,,4,XH,2,15112,Awang,11/27/2017,3,11/27/2017,12/31/9999
176,PD 407,407,10203,Precision Drilling,0,0,0,1,114.3,,1,,4,XH,2,15112,Awang,11/27/2017,3,11/27/2017,12/31/9999
177,PD 409,409,10203,Precision Drilling,0,0,0,1,114.3,,1,,,,2,15112,Awang,11/27/2017,3,11/27/2017,12/31/9999
178,PD 419,419,10203,Precision Drilling,0,0,0,0,,,1,,,,2,15112,Awang,11/27/2017,3,11/27/2017,12/31/9999
179,PD 526,526,10203,Precision Drilling,0,0,0,0,0,,1,,1,,2,15112,Awang,11/27/2017,3,11/27/2017,12/31/9999
180,PD 529,529,10203,Precision Drilling,0,0,0,1,114.3,,1,,4,XH,2,15112,Awang,11/27/2017,3,11/27/2017,12/31/9999
181,PD 530,530,10203,Precision Drilling,0,0,0,1,114.3,,1,,4,XH,2,15112,Awang,11/27/2017,3,11/27/2017,12/31/9999
182,PD 533,533,10203,Precision Drilling,0,0,0,1,114.3,,1,,4,XH,2,15112,Awang,11/27/2017,3,11/27/2017,12/31/9999
183,PD 538,538,10203,Precision Drilling,0,0,0,1,114.3,,1,,4,XH,2,15112,Awang,11/27/2017,3,11/27/2017,12/31/9999
184,PD 574,574,10203,Precision Drilling,0,0,0,0,,,1,,,,2,15112,Awang,11/27/2017,3,11/27/2017,12/31/9999
185,PD 59,59,10203,Precision Drilling,0,0,0,0,,,1,,,,2,15112,Awang,11/27/2017,3,11/27/2017,12/31/9999
186,PD 725,725,10203,Precision Drilling,0,0,0,0,,,1,,,,2,15112,Awang,11/27/2017,3,11/27/2017,12/31/9999
187,PD 831,831,10203,Precision Drilling,0,0,0,0,,,1,,,,2,15112,Awang,11/27/2017,3,11/27/2017,12/31/9999
188,PWS411,411,30046,Precision Well Servicing,0,0,0,0,,,1,,,,2,15112,Awang,11/27/2017,3,11/27/2017,12/31/9999
189,Predator 14,14,30148,Predator Drilling Inc.,0,0,0,0,,,1,,,,2,15112,Awang,11/27/2017,3,11/27/2017,12/31/9999
190,Predator 27,27,30148,Predator Drilling Inc.,0,0,0,0,,,1,,,,2,15112,Awang,11/27/2017,3,11/27/2017,12/31/9999
191,Predator 574,574,30148,Predator Drilling Inc.,0,0,0,1,101.6,,1,,4,XH,2,15112,Awang,11/27/2017,3,11/27/2017,12/31/9999
192,Red Dog 4,4,30116,Red Dog Drilling Inc.,0,0,0,1,114.3,,1,,4,XH,2,15112,Awang,11/27/2017,3,11/27/2017,12/31/9999
193,Red Hawk 4,4,30052,Red Hawk Well Servicing Inc.,0,0,0,0,,,1,,,,2,15112,Awang,11/27/2017,3,11/27/2017,12/31/9999
194,Sandy Ross 10,10,30059,Sandy Ross Well Servicing Ltd.,0,0,0,0,,,1,,,,2,15112,Awang,11/27/2017,3,11/27/2017,12/31/9999
195,Savanna 118,118,30147,Savanna Drilling,0,0,0,0,,,1,,,,2,15112,Awang,11/27/2017,3,11/27/2017,12/31/9999
196,Savanna 122,122,30147,Savanna Drilling,0,0,0,0,,,1,,,,2,15112,Awang,11/27/2017,3,11/27/2017,12/31/9999
197,Savanna 419,419,30147,Savanna Drilling,0,0,0,1,114.3,,1,,4,XH,2,15112,Awang,11/27/2017,3,11/27/2017,12/31/9999
198,Savanna 420,420,30147,Savanna Drilling,0,0,0,0,,,2,Single,,,2,15112,Awang,11/27/2017,3,11/27/2017,12/31/9999
199,Savanna 422,422,30147,Savanna Drilling,0,0,0,0,,,1,,,,2,15112,Awang,11/27/2017,3,11/27/2017,12/31/9999
200,Savanna 425,425,30147,Savanna Drilling,0,0,0,1,114.3,,1,,4,XH,2,15112,Awang,11/27/2017,3,11/27/2017,12/31/9999
201,Savanna 426,426,30147,Savanna Drilling,0,0,0,1,114.3,,1,,4,XH,2,15112,Awang,11/27/2017,3,11/27/2017,12/31/9999
202,Savanna 428,428,30147,Savanna Drilling,0,0,0,1,114.3,,1,,4,XH,2,15112,Awang,11/27/2017,3,11/27/2017,12/31/9999
203,Savanna 436,436,30147,Savanna Drilling,0,0,0,1,114.3,,1,,4,XH,2,15112,Awang,11/27/2017,3,11/27/2017,12/31/9999
204,Savanna 440,440,30147,Savanna Drilling,0,0,0,0,,,1,,,,2,15112,Awang,11/27/2017,3,11/27/2017,12/31/9999
205,Savanna 603,603,30147,Savanna Drilling,0,0,0,1,114.3,,1,,4,XH,2,15112,Awang,11/27/2017,3,11/27/2017,12/31/9999
206,Savanna 616,616,30147,Savanna Drilling,0,0,0,1,114.3,,1,,4,XH,2,15112,Awang,11/27/2017,3,11/27/2017,12/31/9999
207,Savanna 623,623,30147,Savanna Drilling,0,0,0,1,114.3,,1,,4,XH,2,15112,Awang,11/27/2017,3,11/27/2017,12/31/9999
208,Savanna 629,629,30147,Savanna Drilling,0,0,0,1,114.3,,1,,4,XH,2,15112,Awang,11/27/2017,3,11/27/2017,12/31/9999
209,Savanna 631,631,30147,Savanna Drilling,0,0,0,1,114.3,,1,,4,XH,2,15112,Awang,11/27/2017,3,11/27/2017,12/31/9999
210,Savanna 634,634,30147,Savanna Drilling,0,0,0,1,114.3,,1,,4,XH,2,15112,Awang,11/27/2017,3,11/27/2017,12/31/9999
211,Savanna 636,636,30147,Savanna Drilling,0,0,0,0,,,1,,,,2,15112,Awang,11/27/2017,3,11/27/2017,12/31/9999
212,Savanna 638,638,30147,Savanna Drilling,0,0,0,1,114.3,,1,,4,XH,2,15112,Awang,11/27/2017,3,11/27/2017,12/31/9999
213,Savanna 651,651,30147,Savanna Drilling,0,0,0,1,114.3,,1,,4,XH,2,15112,Awang,11/27/2017,3,11/27/2017,12/31/9999
214,Savanna 652,652,30147,Savanna Drilling,0,0,0,0,0,,1,,1,,2,15112,Awang,11/27/2017,3,11/27/2017,12/31/9999
215,Savanna 656,656,30147,Savanna Drilling,0,0,0,1,114.3,,1,,4,XH,2,15112,Awang,11/27/2017,3,11/27/2017,12/31/9999
216,Savanna 680,680,30147,Savanna Drilling,0,0,0,1,114.3,,1,,4,XH,2,15112,Awang,11/27/2017,3,11/27/2017,12/31/9999
217,Savanna 687,687,30147,Savanna Drilling,0,0,0,1,114.3,,1,,4,XH,2,15112,Awang,11/27/2017,3,11/27/2017,12/31/9999
218,Savanna  51,51,30201,Savanna Well Servicing,0,0,0,0,,,1,,,,2,15112,Awang,11/27/2017,3,11/27/2017,12/31/9999
219,Southern Range 4,4,30061,Southern Range Well Servicing Ltd.,0,0,0,0,,,1,,,,2,15112,Awang,11/27/2017,3,11/27/2017,12/31/9999
220,Stampede 1,1,30184,Stampede Drilling Ltd,0,0,0,1,114.3,,1,,4,XH,2,15112,Awang,11/27/2017,3,11/27/2017,12/31/9999
221,Stampede 3,3,30184,Stampede Drilling Ltd,0,0,0,1,114.3,,1,,4,XH,2,15112,Awang,11/27/2017,3,11/27/2017,12/31/9999
222,Star Valley 202,202,30212,Star Valley Drilling Ltd.,0,0,0,1,114.3,,1,,4,XH,2,15112,Awang,11/27/2017,3,11/27/2017,12/31/9999
223,Tempco 1,1,30123,Tempco Drilling Company Inc.,0,0,0,0,,,1,,,,2,15112,Awang,11/27/2017,3,11/27/2017,12/31/9999
224,Tempco 5,5,30123,Tempco Drilling Company Inc.,0,0,0,1,114.3,,1,,4,XH,2,15112,Awang,11/27/2017,3,11/27/2017,12/31/9999
225,Tempco 7,7,30123,Tempco Drilling Company Inc.,0,0,0,1,114.3,,1,,4,XH,2,15112,Awang,11/27/2017,3,11/27/2017,12/31/9999
226,Tempco 8,8,30123,Tempco Drilling Company Inc.,0,0,0,1,114.3,,1,,4,XH,2,15112,Awang,11/27/2017,3,11/27/2017,12/31/9999
227,Trailblazer 631,631,30126,Trailblazer Drilling Corp.,0,0,0,0,,,1,,,,2,15112,Awang,11/27/2017,3,11/27/2017,12/31/9999
228,Treeline 7,7,30066,Treeline Well Services Inc.,0,0,0,0,,,1,,,,2,15112,Awang,11/27/2017,3,11/27/2017,12/31/9999
229,Trinidad 14,14,10463,Trinidad Drilling Ltd.,0,0,0,1,114.3,,1,,4,XH,2,15112,Awang,11/27/2017,3,11/27/2017,12/31/9999
230,Trinidad 22,22,10463,Trinidad Drilling Ltd.,0,0,0,1,114.3,,1,,4,XH,2,15112,Awang,11/27/2017,3,11/27/2017,12/31/9999
231,Trinidad 31,31,10463,Trinidad Drilling Ltd.,0,0,0,0,,,1,,,,2,15112,Awang,11/27/2017,3,11/27/2017,12/31/9999
232,Trinidad 40,40,10463,Trinidad Drilling Ltd.,0,0,0,1,114.3,,3,Double,4,XH,2,15112,Awang,11/27/2017,3,11/27/2017,12/31/9999
233,Trinidad 401,401,10463,Trinidad Drilling Ltd.,0,0,0,1,114.3,,1,,4,XH,2,15112,Awang,11/27/2017,3,11/27/2017,12/31/9999
234,Trinidad 419,419,10463,Trinidad Drilling Ltd.,0,0,0,1,101.6,,1,,4,XH,2,15112,Awang,11/27/2017,3,11/27/2017,12/31/9999
235,Trinidad 42,42,10463,Trinidad Drilling Ltd.,0,0,0,1,114.3,,1,,4,XH,2,15112,Awang,11/27/2017,3,11/27/2017,12/31/9999
236,Trinidad 432,432,10463,Trinidad Drilling Ltd.,0,0,0,1,114.3,,1,,4,XH,2,15112,Awang,11/27/2017,3,11/27/2017,12/31/9999
237,Trinidad 434,434,10463,Trinidad Drilling Ltd.,0,0,0,1,114.3,,1,,4,XH,2,15112,Awang,11/27/2017,3,11/27/2017,12/31/9999
238,Trinidad 437,437,10463,Trinidad Drilling Ltd.,0,0,0,1,114.3,,1,,4,XH,2,15112,Awang,11/27/2017,3,11/27/2017,12/31/9999
239,Trinidad 438,438,10463,Trinidad Drilling Ltd.,0,0,0,1,114.3,,1,,4,XH,2,15112,Awang,11/27/2017,3,11/27/2017,12/31/9999
240,Trinidad 44,44,10463,Trinidad Drilling Ltd.,0,0,0,0,,,1,,,,2,15112,Awang,11/27/2017,3,11/27/2017,12/31/9999
241,Trinidad 50,50,10463,Trinidad Drilling Ltd.,0,0,0,1,101.6,,1,,4,XH,2,15112,Awang,11/27/2017,3,11/27/2017,12/31/9999
242,Trinidad 51,51,10463,Trinidad Drilling Ltd.,0,0,0,0,,,1,,,,2,15112,Awang,11/27/2017,3,11/27/2017,12/31/9999
243,Trinidad 53 ,53,10463,Trinidad Drilling Ltd.,0,0,0,1,114.3,,1,,4,XH,2,15112,Awang,11/27/2017,3,11/27/2017,12/31/9999
244,Trinidad 55,55,10463,Trinidad Drilling Ltd.,0,0,0,1,114.3,,1,,4,XH,2,15112,Awang,11/27/2017,3,11/27/2017,12/31/9999
245,Trinidad 59,59,10463,Trinidad Drilling Ltd.,0,0,0,1,114.3,,1,,4,XH,2,15112,Awang,11/27/2017,3,11/27/2017,12/31/9999
246,Trinidad 7,7,10463,Trinidad Drilling Ltd.,0,0,0,0,,,1,,,,2,15112,Awang,11/27/2017,3,11/27/2017,12/31/9999
247,Trinidad 9,9,10463,Trinidad Drilling Ltd.,0,0,0,1,114.3,,1,,4,XH,2,15112,Awang,11/27/2017,3,11/27/2017,12/31/9999
248,Twilight 1,1,30214,Twilight Drilling Ltd.,0,0,0,0,,,1,,,,2,15112,Awang,11/27/2017,3,11/27/2017,12/31/9999
249,Twilight 3,3,30214,Twilight Drilling Ltd.,0,0,0,1,114.3,,1,,4,XH,2,15112,Awang,11/27/2017,3,11/27/2017,12/31/9999
250,Vortex 2,2,30218,Vortex Drilling Ltd.,0,0,0,1,114.3,,1,,4,XH,2,15112,Awang,11/27/2017,3,11/27/2017,12/31/9999
