Category,Sub-Category,Document,Comments,
,Folder,AzureMigration,,
,Folder,Database Backup,,
,Folder,Database Script,,
,Folder,Databse Deployment,,
eProgram,Deprecated ,eProgram_Open_Issue.txt,,
eServiceOnline,Deprecated ,eService Online Development Log.md,,
eServiceOnline,Deprecated ,eService Online Development Log_Evan.md,,
,Moved,eservice suite status.md,,https://github.com/Sanjel-Energy-Services/eSErviceMDM/wiki/Application-Status
eServiceExpress,Deprecated ,eServiceExpress_Open_issue.txt,,
eServiceOnline,Deprecated ,eServiceOnline_Open_issue.txt,,
eService,Deprecated ,eService_Open_issues.txt,,
,Folder,Evolutionary development process,,
,Deprecated ,Fix group line item mismatch.sql,,
,Folder,Historical Files,,
,Deprecated ,LocalData Model Maintain History.md,,
,Deprecated ,May 31 - Whitecap - Ensign 423.sql,,
,Folder,Phase 1,,
,Folder,Phase 10 - eService Express,,
,Folder,Phase 11 - eService MDM,,
,Folder,Phase 12 - RigBoard Phase 3,,
,Folder,Phase 13 - RigBoard Phase 4,,
,Folder,Phase 14 - eService Express Enhancement,,
,Folder,Phase 16 - Lab file import,,
,Folder,Phase 17 - Excess Calculator,,
,Folder,Phase 18 - Guideline Documentation,,
,Folder,Phase 19 - Import program revision,,
,Folder,Phase 2,,
,Folder,Phase 20 - Support waterbased blend & Visweep,,
,Folder,Phase 21 - Update Bin,,
,Folder,Phase 22 - BulkPlant Api,,
,Folder,Phase 23 - Pressure Test Data Sending,,
,Folder,Phase 24 - Cost API,,
,Folder,Phase 25 - Post Job Report,,
,Folder,Phase 26 - Variable Pay Automation,,
,Folder,Phase 27 - Government Grant Application Tracking,,
,Folder,Phase 28 - Cement Quaratine,,
,Folder,Phase 29 - Client Contacts,,
,Folder,Phase 3,,
,Folder,Phase 30 - LCC-9 Fix,,
,Folder,Phase 31 - Blend Rename for Lab,,
,Folder,Phase 32 - Update Job Type,,
,Folder,Phase 33 - Price book Update,,
,Folder,Phase 34 - BPAVS data psot back,,
,Folder,Phase 35  - Movement Journal Integration,,
,Folder,Phase 36 - Program Import,,
,Folder,Phase 37 - Workforce Readiness,,
,Folder,Phase 38 - Material Order,,
,Folder,Phase 39 - Program reference in call sheet and service ticket,,
,Folder,Phase 4,,
,Folder,Phase 40 - Blend Master Data,,
,Folder,Phase 41 - eService Change 2022 Q1,,
,Folder,Phase 42 - Lab Test Database,,
,Folder,Phase 43 - Job Design Template,,
,Folder,Phase 44 - eService change 2022 Q3,,
,Folder,Phase 45 - Product Haul v2,,
,Folder,Phase 46 - Digital Resource Board,,
,Folder,Phase 47 - MMC upgrade,,
,Folder,Phase 49 - Management of Change,,
,Folder,Phase 5 - Blend Calculator,,
,Folder,Phase 50 - Lab Test Database - V2,,
,Folder,Phase 51 - Storage Capacity Clean Up,,
,Folder,Phase 52 - eServiceExpress framework upgrade,,
,Folder,Phase 54 - MTS,,
,Folder,Phase 56 - eProgram Change Q2 2023,,
,Folder,Phase 57 - Additive Functions,,
,Folder,Phase 6 - RigBoard,,
,Folder,Phase 60 - Migration Upgrade,,
,Folder,Phase 61 - 2023 Q3 Sustainment Project,,
,Folder,Phase 62 - eServiceExpress ChangeRequest,,
,Folder,Phase 63 - Product Haul clean up,,
,Folder,Phase 64 - DRB Q3 2023,,
,Folder,Phase 65 -  Mar 2024,,
,Folder,Phase 66 - Product Haul V3,,
,Folder,Phase 67 - Apr 2024,,
,Folder,Phase 68 - May 2024,,
,Folder,Phase 69 - June 2024,,
,Folder,Phase 7 - Rig Board Phase 2,,
,Folder,Phase 70 - July 2024 - eServiceExpress Upgrade,,
,Folder,Phase 71 - Security Management,,
,Folder,Phase 8 - Upcoming Jobs,,
,Folder,Phase 9,,
,Folder,Reference Document,,
,Folder,Report Guideline,,
,Folder,Requirement - 疑问,,
,Folder,Sanjel Process Document,,
,Folder,SanjelData Model Maintain History.md,,
,Folder,SanjelModelDatabaseChange,,
,Merging,业务词汇解释.md,与wiki中的进行合并,https://github.com/Sanjel-Energy-Services/eService_WorkItems/wiki/%E4%B8%93%E6%9C%89%E5%90%8D%E8%AF%8D%E8%A7%A3%E9%87%8A
,Moved,问题与解答.md,,https://github.com/Sanjel-Energy-Services/eService_WorkItems/wiki/Question-Answer_1
,To be investigated,AzureMigration\eService_As_Origin.sql,,
,To be investigated,AzureMigration\master_create_login.sql,,
,To be investigated,AzureMigration\SanjelData_As_Remote.sql,,
Database Backup,To be moved,Database Backup\Database Restore Procedure.md,,
Database Backup,To be moved,Database Backup\eService6_Create_Synonym.sql,恢复开发环境的数据库脚本,
Database Backup,To be moved,Database Backup\eService6_Create_Views.sql,,
Database Backup,To be moved,Database Backup\Insert_fake_jobs_for_bulk_plants.sql,,
Database Backup,To be moved,Database Backup\Product_Haul_Data_Cleanup.sql,,
Database Backup,To be moved,Database Backup\SanjelData_Create_Synonym.sql,,
Database Backup,To be moved,Database Backup\SanjelData_Create_Views.sql,,
Database Script,Deprecated ,Database Script\Build_Test_Data_For_Metashare.sql,,
Database Script,Deprecated ,Database Script\CleanupOSRList_Deployed.sql,,
Database Script,Deprecated ,Database Script\Cleanup_ReferenceData.sql,,
Database Script,Deprecated ,Database Script\Compare_SanjelData_and_NewSanjelData.sql,,
Database Script,Deprecated ,Database Script\Database_changes.sql,,
Database Script,Deprecated ,Database Script\Fix_Database_Collation_MMC_bug.sql,,
Database Script,Deprecated ,Database Script\Fix_Database_Tables_Collation_MMC_bug.sql,,
Database Script,Deprecated ,Database Script\Investigation_Cleanup_ReferenceData.sql,,
Database Script,Deprecated ,Database Script\Modify_Program_Cascading.sql,,
Database Script,Deprecated ,Database Script\Product_Haul_Status_Verification.sql,,
Database Script,Deprecated ,Database Script\Trim_eService_DB_Size_For_Metashare.sql,,
Database Script,Deprecated ,Database Script\Views RigJobSanjelCrewSectionList  ActiveCrewList.sql,,
,Deprecated ,Databse Deployment\database_update_with_MDM.sql,,
,Deprecated ,Databse Deployment\Q3_2022_Deployment.sql,,
,Deprecated ,Databse Deployment\Type_vaule_view.sql,,
,Deprecated ,Databse Deployment\Upgradation_WellLibrary.sql,,
,Deprecated ,Evolutionary development process\BinRequirement.txt.txt,,
,Deprecated ,Evolutionary development process\Bin的需求,,
,Deprecated ,Evolutionary development process\演进式开发管理系统分析,,
,Deprecated ,Evolutionary development process\演进式开发过程管理系统.txt,,
,Deprecated ,Evolutionary development process\Bin的需求\BinRequirement-2019.06.26.txt.txt,,
,Deprecated ,Evolutionary development process\Bin的需求\BinRequirement-2019.06.27.txt.txt,,
,Deprecated ,Evolutionary development process\Bin的需求\BinRequirement.txt.txt,,
,Deprecated ,Evolutionary development process\演进式开发管理系统分析\演进式开发过程管理系统.txt,,
,Folder,Historical Files\Accounts Receivable Tool,,
,,Historical Files\Import Data Format.xlsm,,
,,Historical Files\Import Data V5.xlsx,,
,,Historical Files\Import Data.xlsm,,
,,Historical Files\Information Pack - Reference only,,
,,Historical Files\Merge Content Record.xlsx,,
,,Historical Files\Program ??.docx,,
,,Historical Files\Question.docx,,
,,Historical Files\Refactoring to Multiclient architect.docx,,
,Folder,Historical Files\UI Mock,,
,,Historical Files\Accounts Receivable Tool\AccountsReceivable Requirements.vsd,,
,,Historical Files\Accounts Receivable Tool\Question.docx,,
,,Historical Files\Accounts Receivable Tool\SOW of EService Accounts Recievable Tool.docx,,
,,Historical Files\Accounts Receivable Tool\UI Mockup.vsd,,
,,Historical Files\Information Pack - Reference only\eService Information Package Design Documentation.docx,,
,,Historical Files\Information Pack - Reference only\eService Multiple Day Job Domain Model.vsd,,
,,Historical Files\Information Pack - Reference only\eService Multiple Day Job High Level Design.docx,,
,,Historical Files\UI Mock\Program from Server.png,,
,,Historical Files\UI Mock\Step 1.png,,
,,Historical Files\UI Mock\Step 2.png,,
,,Historical Files\UI Mock\Step 2B.png,,
,,Historical Files\UI Mock\Step 3.png,,
,,Historical Files\UI Mock\Step 4.png,,
,,Historical Files\UI Mock\UI Mockup.vsd,,
,Folder,Phase 1\MasterData,,
,,Phase 1\Program Import Template Discussion.docx,,
,,Phase 1\Program Tool Package Dec 2016.docx,,
,,Phase 1\ScreenShot,,
,,Phase 1\Table.png,,
,,Phase 1\Test Data,,
,,Phase 1\??????161222.docx,,
,,Phase 1\MasterData\InsertNewAdditiveList.sql,,
,,Phase 1\MasterData\InsertNewAdditiveList_Final.sql,,
,,Phase 1\MasterData\UpdateExistingAdditiveList.sql,,
,,Phase 1\MasterData\UpdateExistingBaseBlendList.sql,,
,,Phase 1\ScreenShot\Test1_PricingPage_113031Bundle.pdf,,
,,Phase 1\ScreenShot\Test1_PricingPage_116033Bundle.pdf,,
,,Phase 1\ScreenShot\Test1_PricingPage_All.pdf,,
,,Phase 1\ScreenShot\Test1_PricingPage_HandlingBundle.pdf,,
,,Phase 1\ScreenShot\Test1_PricingPage_MaterialBundle.pdf,,
,,Phase 1\ScreenShot\Test1_PricingPage_ServiceBundle.pdf,,
,,Phase 1\Test Data\companies.csv,,
,,Phase 1\Test Data\JOB_TYPES.csv,,
,,Phase 1\Test Data\pbk_books.csv,,
,,Phase 1\Test Data\pbk_headers.csv,,
,,Phase 1\Test Data\PBK_PRICING_ITEMS.csv,,
,,Phase 1\Test Data\PBK_SERVICE_CATEGORIES.csv,,
,,Phase 1\Test Data\PBK_SERVICE_CAT_SERVICE_LINES.csv,,
,,Phase 1\Test Data\sanjel_districts.csv,,
,,Phase 1\Test Data\SERVICE_POINTS.csv,,
,,Phase 10 - eService Express\446251,CEMT_INT_P1.doc,
,,Phase 10 - eService Express\create_tdms_table.sql,,
,,Phase 10 - eService Express\eService Express Data Dictionary.docx,,
,,Phase 10 - eService Express\eService Express Time Zone scenarios.xlsx,,
,,Phase 10 - eService Express\eServiceExpressUIMock.vsdx,,
,,Phase 10 - eService Express\FDAC_Archtecture_Prototype_Requirement.docx,,
,,Phase 10 - eService Express\FDAS_Diagrams.vsdx,,
,,Phase 10 - eService Express\FDAS_Functions.docx,,
,,Phase 10 - eService Express\FW FDAS Replacement  eService  WITS.msg,,
,,Phase 10 - eService Express\PLC - Data Collector - Specification.xlsx,,
,,Phase 10 - eService Express\Sanjel Internal Collaboration,,
,,Phase 10 - eService Express\TestCase_Message Refactory.xlsx,,
,,Phase 10 - eService Express\Sanjel Internal Collaboration\Sanjel Field Data Acquisition System Requirement.docx,,
,,Phase 10 - eService Express\Sanjel Internal Collaboration\Sanjel Field Data Acquisition System Specification.docx,,
,,Phase 10 - eService Express\Sanjel Internal Collaboration\TDMS-DB Generator Dictionary 1.13.xlsx,,
,,Phase 11 - eService MDM\Express Requirements.docx,,
,,Phase 11 - eService MDM\Master Data Management Requirements.docx,,
,,Phase 11 - eService MDM\MDDRequirements.docx,,
,,Phase 11 - eService MDM\Sanjel Master Data Management High Level Requirement.docx,,
,,Phase 12 - RigBoard Phase 3\Crew Board Feedback Apr 18.xlsx,,
,,Phase 12 - RigBoard Phase 3\Crew Board Feedback Feb 12.docx,,
,,Phase 12 - RigBoard Phase 3\Crew Board Feedback Feb 6.docx,,
,,Phase 12 - RigBoard Phase 3\Crew Board Feedback May 4.docx,,
,,Phase 12 - RigBoard Phase 3\Phase3DesignModel.vsdx,,
,,Phase 12 - RigBoard Phase 3\Reclarify Product Haul Requirement.docx,,
,,Phase 12 - RigBoard Phase 3\RigBoard Phase 3 Requirement.docx,,
,,Phase 13 - RigBoard Phase 4\2019-Cementing-Brochure-R.pdf,,
,,Phase 13 - RigBoard Phase 4\Compliant Head Tracking Sheet.xlsx,,
,,Phase 13 - RigBoard Phase 4\Database_changes.sql,,
,,Phase 13 - RigBoard Phase 4\Equipment Master Data Template.xlsx,,
,,Phase 13 - RigBoard Phase 4\resource_Board_Mock.png,,
,,Phase 13 - RigBoard Phase 4\RigBoard Phase 4 Requirement.docx,,
,,Phase 14 - eService Express Enhancement\Database_changes.sql,,
,,Phase 14 - eService Express Enhancement\eService Express Bugs & Enhancement Development plan.xlsx,,
,,Phase 14 - eService Express Enhancement\Timezone decision request.docx,,
,,Phase 16 - Lab file import\Excel Import Analysis.txt,,
,,Phase 16 - Lab file import\Lab DB Files,,
,,Phase 16 - Lab file import\Lab DB Files\1-1-0 'G' (AB).xls,,
,,Phase 16 - Lab file import\Lab DB Files\EXPANDOmix PRO HT.xls,,
,,Phase 16 - Lab file import\Lab DB Files\Expandomix.xls,,
,,Phase 16 - Lab file import\Lab DB Files\iGain(AB).xls,,
,,Phase 16 - Lab file import\Lab DB Files\iGain(Sask).xls,,
,,Phase 16 - Lab file import\Lab DB Files\PRODUCTIONmix HZ (2-1-6 'G' (AB)).xls,,
,,Phase 16 - Lab file import\Lab DB Files\Thermal 40.xls,,
,,Phase 16 - Lab file import\Lab DB Files\THERMAmix PRO.xls,,
,,Phase 17 - Excess Calculator\Cement Excess Calculations_1.docx,,
,,Phase 17 - Excess Calculator\ETL_Data_To_WellDB.sql,,
,,Phase 17 - Excess Calculator\Excess Cement Calculation_2.docx,,
,,Phase 17 - Excess Calculator\Fix_database_collation.sql,,
,,Phase 17 - Excess Calculator\FW Excess Determination.msg,,
,,Phase 17 - Excess Calculator\SampleDataExport.sql,,
,,Phase 17 - Excess Calculator\WellBore.png,,
,,Phase 17 - Excess Calculator\~$ment Excess Calculations_1.docx,,
,,Phase 18 - Guideline Documentation\2020-01-13 trace.drawio,,
,,Phase 18 - Guideline Documentation\AnalysisAndDesignExample,,
,,Phase 18 - Guideline Documentation\ApplicationDesignPrinciplesAndImplementationGuidelines.md,,
,,Phase 18 - Guideline Documentation\Database script,,
,,Phase 18 - Guideline Documentation\Development Document Guideline.md,,
,,Phase 18 - Guideline Documentation\Domain_Model_Test,,
,,Phase 18 - Guideline Documentation\Domain_Model_Test.xml,,
,,Phase 18 - Guideline Documentation\eProgram modifications.md,,
,,Phase 18 - Guideline Documentation\Eservice Express Installation file build Instruction.md,,
,,Phase 18 - Guideline Documentation\eService Online Deployment Guide.md,,
,,Phase 18 - Guideline Documentation\eServiceExpress_Ticket_649.md,,
,,Phase 18 - Guideline Documentation\GitHub Brief Instruction.md,,
,,Phase 18 - Guideline Documentation\MCC 2.0 .Net C# Code issue.md,,
,,Phase 18 - Guideline Documentation\ProgramImport_Ticket_650_1.md,,
,,Phase 18 - Guideline Documentation\ProgramImport_Ticket_650_2.md,,
,,Phase 18 - Guideline Documentation\ProgramImport_Ticket_650_3.md,,
,,Phase 18 - Guideline Documentation\ProgramImport_Ticket_651.md,,
,,Phase 18 - Guideline Documentation\ProgramImport_Ticket_652.md,,
,,Phase 18 - Guideline Documentation\ProgramRevision_Ticket_653.md,,
,,Phase 18 - Guideline Documentation\Program_CallSheet_DomainModel.xml,,
,,Phase 18 - Guideline Documentation\Requirements - Shortcut.lnk,,
,,Phase 18 - Guideline Documentation\Sample Data,,
,,Phase 18 - Guideline Documentation\Sanjel eService ClickOnce Deployment Guide.md,,
,,Phase 18 - Guideline Documentation\Database script\Update Table PROGRAMS-20200107.sql,,
,,Phase 18 - Guideline Documentation\Sample Data\CallSheet_RiskMatrix_UI_Mock.png,,
,,Phase 18 - Guideline Documentation\Sample Data\Current_Job_Design_Exported_File.csv,,
,,Phase 18 - Guideline Documentation\Sample Data\Current_Job_Design_Template.xlsm,,
,,Phase 18 - Guideline Documentation\Sample Data\Future_Job_Design_Exported_File.csv,,
,,Phase 18 - Guideline Documentation\Sample Data\Future_Job_Design_Template.xlsm,,
,,Phase 18 - Guideline Documentation\Sample Data\ProgramHeader_UI_Mock.png,,
,,Phase 18 - Guideline Documentation\Sample Data\ProgramRiskMatrix_UI_Mock.png,,
,,Phase 18 - Guideline Documentation\Sample Data\RigBoard_RiskMatrix_UI_Mock.png,,
,,Phase 19 - Import program revision\2020-01???#653????.drawio,,
,,Phase 19 - Import program revision\Authentication Azure AD flow.drawio,,
,,Phase 19 - Import program revision\Database script,,
,,Phase 19 - Import program revision\eService-CreateProductHaul.drawio,,
,,Phase 19 - Import program revision\ProgramRevisionUpdate_1.png,,
,,Phase 19 - Import program revision\ProgramRevisionUpdate_2.png,,
,,Phase 19 - Import program revision\ProgramRevisionUpdate_3.png,,
,,Phase 19 - Import program revision\ProgramRevisionUpdate_4.png,,
,,Phase 19 - Import program revision\ProgramRevision_Ticket_653.md,,
,,Phase 19 - Import program revision\RevisionUpdate_RigBoard.png,,
,,Phase 19 - Import program revision\RigBoardBlend_Ticket_690.md,,
,,Phase 19 - Import program revision\RigBoardRefactoring.png,,
,,Phase 19 - Import program revision\RigBoard_ProgramRevision_Ticket_702.md,,
,,Phase 19 - Import program revision\RigBoard_ProgramRevision_Ticket_721.md,,
,,Phase 19 - Import program revision\Database script\Add Blend Import Paramters.sql,,
,,Phase 19 - Import program revision\Database script\Add Revision.sql,,
,,Phase 2\Copy of Sufface and Production V3.0_170112.xlsm,,
,,Phase 2\Pricing Information Element Definition.docx,,
,,Phase 2\Program Tool Package Jan 2017.docx,,
,,Phase 20 - Support waterbased blend & Visweep\Add price for fake iin items.sql,,
,,Phase 20 - Support waterbased blend & Visweep\AdditiveList.csv,,
,,Phase 20 - Support waterbased blend & Visweep\BaseBlendList.csv,,
,,Phase 20 - Support waterbased blend & Visweep\ChangeBaseSectionUnitInRecipe.sql,,
,,Phase 20 - Support waterbased blend & Visweep\Copy of MASTER BULK PLANT CALCULATOR_Volume.xlsm,,
,,Phase 20 - Support waterbased blend & Visweep\Excess bad data example.txt,,
,,Phase 20 - Support waterbased blend & Visweep\IDHA-QHSE-016 - Blend Train Operation (Blair and Breanna comments).docx,,
,,Phase 20 - Support waterbased blend & Visweep\ReleaseDataPreparation.sql,,
,,Phase 20 - Support waterbased blend & Visweep\Sanjel Bulk Plant Training Manual.pdf,,
,,Phase 20 - Support waterbased blend & Visweep\Update Additives Bulk Density.sql,,
,,Phase 20 - Support waterbased blend & Visweep\Update Blend Bulk Density.sql,,
,,Phase 21 - Update Bin\Bin Management.md,,
,,Phase 21 - Update Bin\BinAndUsage.sql,,
,,Phase 21 - Update Bin\Database script.sql,,
,,Phase 22 - BulkPlant Api\Blend Verification Requirement.md,,
,,Phase 22 - BulkPlant Api\BPAVS_Integration.md,,
,,Phase 22 - BulkPlant Api\Bulk Capacities.xlsm,,
,,Phase 22 - BulkPlant Api\Bulk Equipment Master Data Enhancement.md,,
,,Phase 22 - BulkPlant Api\Bulk Plant API.md,,
,,Phase 22 - BulkPlant Api\BulkPlantAppEstimate.xlsx,,
,,Phase 22 - BulkPlant Api\Discussion - Nov 5.md,,
,,Phase 22 - BulkPlant Api\Discussion - Nov 5.pdf,,
,,Phase 22 - BulkPlant Api\eServiceOnline Queries V0.1.xlsx,,
,,Phase 22 - BulkPlant Api\eServiceOnline Queries V0.6.xlsx,,
,,Phase 22 - BulkPlant Api\eServiceOnline Queries V0.7.xlsx,,
,,Phase 22 - BulkPlant Api\~$eServiceOnline Queries V0.1.xlsx,,
,,Phase 23 - Pressure Test Data Sending\Create_PLC_PACK_Table.sql,,
,,Phase 23 - Pressure Test Data Sending\Create_PLC_UPLOCAT_DOCUMENT_SCTNS_Table.sql,,
,,Phase 23 - Pressure Test Data Sending\Create_SEQ_PLC_PACK.sql,,
,,Phase 23 - Pressure Test Data Sending\Create_SEQ_PLC_UPLOCAT_DOCUMENT_SCTNS.sql,,
,,Phase 24 - Cost API\CostApiPoc.xlsm,,
,,Phase 24 - Cost API\DO NOT USE - Product Costing 6.5 (WAC Pricing Update).xlsm,,
,,Phase 24 - Cost API\PRG2101265.csv,,
,,Phase 24 - Cost API\PRG2300644.csv,,
,,Phase 24 - Cost API\PRG2300648.csv,,
,,Phase 24 - Cost API\PRG2300697.csv,,
,,Phase 24 - Cost API\PRG2300987.csv,,
,,Phase 24 - Cost API\PRG2300992.csv,,
,,Phase 24 - Cost API\PRG2300995.csv,,
,,Phase 24 - Cost API\PRG2300997.csv,,
,,Phase 24 - Cost API\PRG2300999.csv,,
,,Phase 24 - Cost API\PRG2301000.csv,,
,,Phase 24 - Cost API\PRG2301001.csv,,
,,Phase 24 - Cost API\PRG2301002.csv,,
,,Phase 24 - Cost API\PRG2301003.csv,,
,,Phase 24 - Cost API\PRG2301004.csv,,
,,Phase 24 - Cost API\PRG2301017.csv,,
,,Phase 24 - Cost API\~$CostApiPoc.xlsm,,
,,Phase 24 - Cost API\~$DO NOT USE - Product Costing 6.5 (WAC Pricing Update).xlsm,,
,,Phase 25 - Post Job Report\Bulk Equipment Master Data Enhancement.md,,
,,Phase 25 - Post Job Report\database merge step.txt,,
,,Phase 25 - Post Job Report\eService Express 1.2.2.6 Deployment instruction.docx,,
,,Phase 25 - Post Job Report\Messaging System Configuration Enhancement.md,,
,,Phase 25 - Post Job Report\new 1.txt,,
,,Phase 25 - Post Job Report\Post Job Communication Requirement.md,,
,,Phase 25 - Post Job Report\Post Job User Story.md,,
,,Phase 25 - Post Job Report\Post Job User Story.pdf,,
,,Phase 25 - Post Job Report\Post-Job Communication V2.1.4.docm,,
,,Phase 25 - Post Job Report\Post-Job Communication(REMEDIAL) V1.1.docm,,
,,Phase 25 - Post Job Report\Post-Job eric.docm,,
,,Phase 25 - Post Job Report\PostJobUIMock.drawio,,
,,Phase 25 - Post Job Report\Post_Job_UI_Mock.png,,
,,Phase 25 - Post Job Report\Project Brief - Post Job-v1.docx,,
,,Phase 25 - Post Job Report\Project Brief - Post Job.docx,,
,,Phase 25 - Post Job Report\RegisterDaos.txt,,
,,Phase 25 - Post Job Report\ServerDatabaseScript.sql,,
,,Phase 25 - Post Job Report\update_config_database.sql,,
,,Phase 26 - Variable Pay Automation\ADP mapping.xlsx,,
,,Phase 26 - Variable Pay Automation\ApprovalEserviceUI.png,,
,,Phase 26 - Variable Pay Automation\BaseVPSchedule.csv,,
,,Phase 26 - Variable Pay Automation\Deployment Scripts,,
,,Phase 26 - Variable Pay Automation\eService Changes.docx,,
,,Phase 26 - Variable Pay Automation\eService Changes.md,,
,,Phase 26 - Variable Pay Automation\eService Entity Re-purpose.md,,
,,Phase 26 - Variable Pay Automation\Field Examples,,
,,Phase 26 - Variable Pay Automation\logo_head.png,,
,,Phase 26 - Variable Pay Automation\PayStatementSample_v1.pdf,,
,,Phase 26 - Variable Pay Automation\RDLC parameter copy,,
,,Phase 26 - Variable Pay Automation\Solution Architecture - Sanjel - OVPP (002) -Adam.docx,,
,,Phase 26 - Variable Pay Automation\Solution Architecture - Sanjel - OVPP - Adam V2.docx,,
,,Phase 26 - Variable Pay Automation\Solution Architecture - Sanjel - OVPP.docx,,
,,Phase 26 - Variable Pay Automation\Update,,
,,Phase 26 - Variable Pay Automation\Use Cases.docx,,
,,Phase 26 - Variable Pay Automation\Use Cases.md,,
,,Phase 26 - Variable Pay Automation\Variable Pay Automation Requirement.md,,
,,Phase 26 - Variable Pay Automation\Variable Pay Automation Solution Instruction.pptx,,
,,Phase 26 - Variable Pay Automation\Variable Pay Automation Solution Instruction_DA_session.pptx,,
,,Phase 26 - Variable Pay Automation\Variable Pay Calculator v2.04.xlsm,,
,,Phase 26 - Variable Pay Automation\Variable Pay Deployment Plan.md,,
,,Phase 26 - Variable Pay Automation\Variable Pay Earning Codes for BI.xlsx,,
,,Phase 26 - Variable Pay Automation\Variable Pay Integration Instruction.md,,
,,Phase 26 - Variable Pay Automation\Variable Pay Plan - PRIMARY   JULY 2020.pdf,,
,,Phase 26 - Variable Pay Automation\Variable Pay Plan - REMEDIAL  JULY 2020.pdf,,
,,Phase 26 - Variable Pay Automation\Variable Pay System Model - Adapted.md,,
,,Phase 26 - Variable Pay Automation\Variable Pay System Model - V2.docx,,
,,Phase 26 - Variable Pay Automation\Variable Pay System Model - V3.docx,,
,,Phase 26 - Variable Pay Automation\Variable Pay System Model.docx,,
,,Phase 26 - Variable Pay Automation\Variable Pay System Model.md,,
,,Phase 26 - Variable Pay Automation\Variable Pay Workflow.pptx,,
,,Phase 26 - Variable Pay Automation\WorkActivityEserviceUIMock.png,,
,,Phase 26 - Variable Pay Automation\Workflow analysis.md,,
,,Phase 26 - Variable Pay Automation\Deployment Scripts\BaseVPPayData.sql,,
,,Phase 26 - Variable Pay Automation\Deployment Scripts\Database Creation.sql,,
,,Phase 26 - Variable Pay Automation\Deployment Scripts\Database Update eService6.sql,,
,,Phase 26 - Variable Pay Automation\Deployment Scripts\DatabaseSchema_2.sql,,
,,Phase 26 - Variable Pay Automation\Deployment Scripts\Final Scripts,,
,,Phase 26 - Variable Pay Automation\Deployment Scripts\PayStatement_Template.html,,
,,Phase 26 - Variable Pay Automation\Deployment Scripts\PaySummary.html,,
,,Phase 26 - Variable Pay Automation\Deployment Scripts\PaySummary_sample.html,,
,,Phase 26 - Variable Pay Automation\Deployment Scripts\PaySummary_sample_more_data.html,,
,,Phase 26 - Variable Pay Automation\Deployment Scripts\ReferenceData.sql,,
,,Phase 26 - Variable Pay Automation\Deployment Scripts\ReferenceData_1.sql,,
,,Phase 26 - Variable Pay Automation\Deployment Scripts\standby_change_1.sql,,
,,Phase 26 - Variable Pay Automation\Deployment Scripts\standby_change_2.sql,,
,,Phase 26 - Variable Pay Automation\Deployment Scripts\Final Scripts\Deployment procedure.txt,,
,,Phase 26 - Variable Pay Automation\Deployment Scripts\Final Scripts\Generate Pay Periods.sql,,
,,Phase 26 - Variable Pay Automation\Deployment Scripts\Final Scripts\LoadReferenceData.sql,,
,,Phase 26 - Variable Pay Automation\Deployment Scripts\Final Scripts\SanjeDataDatabaseCreation.sql,,
,,Phase 26 - Variable Pay Automation\Deployment Scripts\Final Scripts\Update SanjelData.sql,,
,,Phase 26 - Variable Pay Automation\Deployment Scripts\Final Scripts\UpdateEService6.sql,,
,,Phase 26 - Variable Pay Automation\Field Examples\OVPP 514412 re Ticket 464093 - Whitecap MTS211769.pdf,,
,,Phase 26 - Variable Pay Automation\Field Examples\Ticket 464093 - Whitecap - Employee Bonus Summary Sheet.pdf,,
,,Phase 26 - Variable Pay Automation\Field Examples\Ticket 464099 - Whitecap - Employee Bonus Summary Sheet.pdf,,
,,Phase 26 - Variable Pay Automation\RDLC parameter copy\EB_Comments.txt,,
,,Phase 26 - Variable Pay Automation\RDLC parameter copy\EB_UnitPersonnel.rdlc,,
,,Phase 26 - Variable Pay Automation\RDLC parameter copy\EmployeeBonusReport.txt,,
,,Phase 26 - Variable Pay Automation\Update\paymapping.sql,,
,,Phase 27 - Government Grant Application Tracking\Add Program table columns.sql,,
,,Phase 27 - Government Grant Application Tracking\Site Rehabilitation Application Tracking Requirement.md,,
,,Phase 28 - Cement Quaratine\BinInformation Multi-pod Support Refactoring.md,,
,,Phase 28 - Cement Quaratine\Blend Master Data Verification,,
,,Phase 28 - Cement Quaratine\Blend request Scenarios.docx,,
,,Phase 28 - Cement Quaratine\Blend request Scenarios.md,,
,,Phase 28 - Cement Quaratine\Blend request Scenarios.pdf,,
,,Phase 28 - Cement Quaratine\Blend request Scenarios_with_prototype.docx,,
,,Phase 28 - Cement Quaratine\BPAVS_UI.docx,,
,,Phase 28 - Cement Quaratine\Class G to LLB - 715 Allen April 30.xlsx,,
,,Phase 28 - Cement Quaratine\Company Info Scenario.docx,,
,,Phase 28 - Cement Quaratine\CSH_1102403_Cenovus Energy Inc._J03Pad_ECOproteus PRO + Additives_MTS-1102398-31147-C1_2022_05_25_03.05.34.pdf,,
,,Phase 28 - Cement Quaratine\CSH_1102414_Komat Drilling Ltd._Product Sale_ECOset Thermal + Additives_MTS-1102409-31177-C1_2022_05_25_22.29.48.pdf,,
,,Phase 28 - Cement Quaratine\Current - Product Haul Process.md,,
,,Phase 28 - Cement Quaratine\Database,,
,,Phase 28 - Cement Quaratine\Deployement Docs,,
,,Phase 28 - Cement Quaratine\Design,,
,,Phase 28 - Cement Quaratine\Dispatch_Process_Diagram.html,,
,,Phase 28 - Cement Quaratine\Dispatch_Process_Diagram.md,,
,,Phase 28 - Cement Quaratine\Dispatch_Process_Diagram.pdf,,
,,Phase 28 - Cement Quaratine\eService 6.8.2 Release Notes.docx,,
,,Phase 28 - Cement Quaratine\eService 6.8.2 Release Notes.md,,
,,Phase 28 - Cement Quaratine\eService 6.8.2 Release Notes.pdf,,
,,Phase 28 - Cement Quaratine\Haul Blend Scenarios.xlsx,,
,,Phase 28 - Cement Quaratine\How to change legacy RDL report wo old version Visual Studio.md,,
,,Phase 28 - Cement Quaratine\IDHA-QHSE-016 - Blend Train Operation (Blair and Breanna comments).docx,,
,,Phase 28 - Cement Quaratine\Job Workflow.md,,
,,Phase 28 - Cement Quaratine\Master Data Preparation,,
,,Phase 28 - Cement Quaratine\MTS printout sample.pdf,,
,,Phase 28 - Cement Quaratine\Product Haul Enhancement Design Proposal.md,,
,,Phase 28 - Cement Quaratine\Product Haul Enhancement Design Proposal.pdf,,
,,Phase 28 - Cement Quaratine\Product Haul Enhancement.md,,
,,Phase 28 - Cement Quaratine\Product Haul Improvement Plan.md,,
,,Phase 28 - Cement Quaratine\Product Haul UI Flow.docx,,
,,Phase 28 - Cement Quaratine\ProductHaulDomainModel.md,,
,,Phase 28 - Cement Quaratine\ProductHaulDomainModel_v2.md,,
,,Phase 28 - Cement Quaratine\RE Product Haul Enhancement follow up_Colin.msg,,
,,Phase 28 - Cement Quaratine\RE Product haul enhancement questions-Craig.msg,,
,,Phase 28 - Cement Quaratine\Sanjel Bulk Plant Training Manual.pdf,,
,,Phase 28 - Cement Quaratine\scenario break down.xlsx,,
,,Phase 28 - Cement Quaratine\SCOPE.png,,
,,Phase 28 - Cement Quaratine\Screenshots,,
,,Phase 28 - Cement Quaratine\Sub Type Revisions 09-02-2021 JPD.xlsx,,
,,Phase 28 - Cement Quaratine\Task Dependency.md,,
,,Phase 28 - Cement Quaratine\Task Dependency.pdf,,
,,Phase 28 - Cement Quaratine\Task Estimate.xlsx,,
,,Phase 28 - Cement Quaratine\Test,,
,,Phase 28 - Cement Quaratine\UI Mock,,
,,Phase 28 - Cement Quaratine\West Truck Order.xlsx,,
,,Phase 28 - Cement Quaratine\WI- Blend Requests SB.CF.SK.R1.docx,,
,,Phase 28 - Cement Quaratine\Work items,,
,,Phase 28 - Cement Quaratine\Blend Master Data Verification\Additive List_Kushal.xlsx,,
,,Phase 28 - Cement Quaratine\Blend Master Data Verification\Blend Names List_Kushal.xlsx,,
,,Phase 28 - Cement Quaratine\Blend Master Data Verification\BlendAdditives_production_220309.xlsx,,
,,Phase 28 - Cement Quaratine\Blend Master Data Verification\Bulk Capacities (7).xlsm,,
,,Phase 28 - Cement Quaratine\Database\clean up data for product haul testing.sql,,
,,Phase 28 - Cement Quaratine\Database\clean up product haul data.sql,,
,,Phase 28 - Cement Quaratine\Database\debug_sql.sql,,
,,Phase 28 - Cement Quaratine\Database\eservice_update.sql,,
,,Phase 28 - Cement Quaratine\Database\product_haul_enhancement_release.sql,,
,,Phase 28 - Cement Quaratine\Database\sample.json,,
,,Phase 28 - Cement Quaratine\Database\Update.sql,,
,,Phase 28 - Cement Quaratine\Database\Update_Whitecp_Codeco.sql,,
,,Phase 28 - Cement Quaratine\Deployement Docs\eService Online Deployment.md,,
,,Phase 28 - Cement Quaratine\Design\BlendCutDataStructure.txt,,
,,Phase 28 - Cement Quaratine\Master Data Preparation\BinInformation_export_211230.csv,,
,,Phase 28 - Cement Quaratine\Master Data Preparation\Bulk Capacities.xlsm,,
,,Phase 28 - Cement Quaratine\Master Data Preparation\Bulk Density.csv,,
,,Phase 28 - Cement Quaratine\Master Data Preparation\Bulk Plant Layouts All Districts.xlsx,,
,,Phase 28 - Cement Quaratine\Master Data Preparation\Bulk Trailer pod capacities.xlsx,,
,,Phase 28 - Cement Quaratine\Master Data Preparation\Silo Confirmation Sheet.xlsx,,
,,Phase 28 - Cement Quaratine\Master Data Preparation\StorageDetails.xlsx,,
,,Phase 28 - Cement Quaratine\Master Data Preparation\Sub Type Revisions 09-02-2021 JPD.xlsx,,
,,Phase 28 - Cement Quaratine\Master Data Preparation\~$Bulk Plant Layouts All Districts.xlsx,,
,,Phase 28 - Cement Quaratine\Screenshots\Add_Bulk_Plan_Bin_permission.png,,
,,Phase 28 - Cement Quaratine\Screenshots\Add_Bulk_Plan_Bin_permission_assign.png,,
,,Phase 28 - Cement Quaratine\Screenshots\Adjust_Blend_Amount.png,,
,,Phase 28 - Cement Quaratine\Screenshots\eServiceAddPermission.png,,
,,Phase 28 - Cement Quaratine\Screenshots\Haul_Blend.png,,
,,Phase 28 - Cement Quaratine\Screenshots\OnLocation_On_RigBin.png,,
,,Phase 28 - Cement Quaratine\Screenshots\Post_Job_Check_List.png,,
,,Phase 28 - Cement Quaratine\Screenshots\ReSchedule_ProductHaulLoad_From_Blend.png,,
,,Phase 28 - Cement Quaratine\Screenshots\Schedule_Blend_From_BPBin.png,,
,,Phase 28 - Cement Quaratine\Screenshots\Schedule_Blend_From_BulkPlant.png,,
,,Phase 28 - Cement Quaratine\Screenshots\Schedule_Blend_From_RigBin.png,,
,,Phase 28 - Cement Quaratine\Screenshots\Schedule_ProductHaul_From_Blend.png,,
,,Phase 28 - Cement Quaratine\Screenshots\Schedule_ProductHaul_From_Blend_BlendTest.png,,
,,Phase 28 - Cement Quaratine\Screenshots\Schedule_ProductHaul_From_Blend_Not_BlendTest_ExistingHaul.png,,
,,Phase 28 - Cement Quaratine\Screenshots\Schedule_ProductHaul_From_Blend_Not_BlendTest_GoWithCrew.png,,
,,Phase 28 - Cement Quaratine\Screenshots\Schedule_ProductHaul_From_Blend_Not_BlendTest_Not_GoWithCrew.png,,
,,Phase 28 - Cement Quaratine\Screenshots\Schedule_ProductHaul_From_Blend_Not_BlendTest_Not_GoWithCrew_Not_ThirdParty.png,,
,,Phase 28 - Cement Quaratine\Screenshots\Schedule_ProductHaul_From_Blend_Not_BlendTest_Not_GoWithCrew_ThirdParty.png,,
,,Phase 28 - Cement Quaratine\Screenshots\Schedule_ProductHaul_From_Blend_Not_Blend_Test.png,,
,,Phase 28 - Cement Quaratine\Screenshots\Schedule_ProductHaul_From_Blend_Not_Blend_Test_GoWithCrew_ThirdParty.png,,
,,Phase 28 - Cement Quaratine\Screenshots\Schedule_Product_Haul_Not_Use_ExistingHaul.png,,
,,Phase 28 - Cement Quaratine\Screenshots\Transfer Blend.png,,
,,Phase 28 - Cement Quaratine\Screenshots\v2_Haul_Blend_From_BulkPlant_Bin.png,,
,,Phase 28 - Cement Quaratine\Screenshots\v2_Haul_Blend_From_RigBoard_Blend.png,,
,,Phase 28 - Cement Quaratine\Screenshots\v2_Menu_Schedule_BlendRequest_from_Blend.png,,
,,Phase 28 - Cement Quaratine\Screenshots\v2_Menu_Schedule_BlendRequest_From_Bulk_Plant_Bin.png,,
,,Phase 28 - Cement Quaratine\Screenshots\v2_Schedule_Blend_Request_From_Blend.png,,
,,Phase 28 - Cement Quaratine\Screenshots\v2_Schedule_Blend_Request_From_Blend_Blend_Test.png,,
,,Phase 28 - Cement Quaratine\Screenshots\v2_Schedule_Product_Haul_From_Blend.png,,
,,Phase 28 - Cement Quaratine\Test\Product Haul work flow for testing.md,,
,,Phase 28 - Cement Quaratine\Test\Product_Haul_scenarios_for_tester.xlsx,,
,,Phase 28 - Cement Quaratine\Test\Test _case_traverse.png,,
,,Phase 28 - Cement Quaratine\Test\TestCase_BulkPlant.xlsx,,
,,Phase 28 - Cement Quaratine\Test\TestCase_Example.xlsx,,
,,Phase 28 - Cement Quaratine\Test\TestCase_RigBoard.xlsx,,
,,Phase 28 - Cement Quaratine\Test\TestCase_Schedule Product Haul From Rig Job Blend.xlsx,,
,,Phase 28 - Cement Quaratine\Test\TestCase_ScheduleBlend.xlsx,,
,,Phase 28 - Cement Quaratine\Test\Test_Case_early_development.docx,,
,,Phase 28 - Cement Quaratine\UI Mock\Assign_Bin.png,,
,,Phase 28 - Cement Quaratine\UI Mock\LoadRequestBoard.png,,
,,Phase 28 - Cement Quaratine\UI Mock\ScheduleProducHaul-S15.png,,
,,Phase 28 - Cement Quaratine\UI Mock\ScheduleProducHaul-S1_S2.png,,
,,Phase 28 - Cement Quaratine\UI Mock\ScheduleProducHaul-S3.png,,
,,Phase 28 - Cement Quaratine\UI Mock\ScheduleProducHaul-S4-1.png,,
,,Phase 28 - Cement Quaratine\UI Mock\ScheduleProducHaul-S4-2.png,,
,,Phase 28 - Cement Quaratine\UI Mock\ScheduleProducHaul-S7-1.png,,
,,Phase 28 - Cement Quaratine\UI Mock\ScheduleProducHaul-S7-2.png,,
,,Phase 28 - Cement Quaratine\Work items\2021-06-17_13h47_26.png,,
,,Phase 28 - Cement Quaratine\Work items\call_sheet_printout.png,,
,,Phase 28 - Cement Quaratine\Work items\CompanyInfo-1.png,,
,,Phase 28 - Cement Quaratine\Work items\CompanyInfo.png,,
,,Phase 28 - Cement Quaratine\Work items\OpenHole.png,,
,,Phase 28 - Cement Quaratine\Work items\Products_page.png,,
,,Phase 28 - Cement Quaratine\Work items\service_ticket.png,,
,,Phase 28 - Cement Quaratine\Work items\Template Update.png,,
,,Phase 29 - Client Contacts\Client Names.xlsx,,
,,Phase 29 - Client Contacts\Client Names_import.csv,,
,,Phase 29 - Client Contacts\Client Names_import1.txt,,
,,Phase 29 - Client Contacts\Code Customized History.txt,,
,,Phase 29 - Client Contacts\Create Client Contacts table.sql,,
,,Phase 3\Mapping - Casing Type.xlsm,,
,,Phase 3\Program Tool Package Feb 2017.docx,,
,,Phase 3\ProgramProductPageMock.png,,
,,Phase 3\WellHardwareChanges.docx,,
,,Phase 3\WellHardwarePageMock.png,,
,,Phase 3\WellInformationPageMock.png,,
,,Phase 3\WellSpecificsPageMock.png,,
,,Phase 30 - LCC-9 Fix\Database Script.sql,,
,,Phase 31 - Blend Rename for Lab\Copy of Product Introduction Process RACI v3.xlsx,,
,,Phase 31 - Blend Rename for Lab\Product Intro RACSI 2021.xlsx,,
,,Phase 31 - Blend Rename for Lab\Product Intro RACSI 2021_Adam_V1.xlsx,,
,,Phase 31 - Blend Rename for Lab\Product Intro RACSI 2021_Adam_V2.xlsx,,
,,Phase 31 - Blend Rename for Lab\Sanjel Blend Development & Publish process.md,,
,,Phase 31 - Blend Rename for Lab\WWS-7P Setup.xlsm,,
,,Phase 32 - Update Job Type\Original_data.sql,,
,,Phase 32 - Update Job Type\Updated_data.sql,,
,,Phase 33 - Price book Update\PriceBookMassiveUpdate_210521.sql,,
,,Phase 34 - BPAVS data psot back\BlendCutDataStructure.txt,,
,,Phase 34 - BPAVS data psot back\BlendSample dictionary.md,,
,,Phase 34 - BPAVS data psot back\BlendSample.json,,
,,Phase 34 - BPAVS data psot back\create_tables.sql,,
,,Phase 34 - BPAVS data psot back\sample.json,,
,,Phase 35  - Movement Journal Integration\Movement Journal.docx,,
,,Phase 35  - Movement Journal Integration\~$vement Journal.docx,,
,,Phase 36 - Program Import\blend_sctns.sql,,
,,Phase 36 - Program Import\Casing,,
,,Phase 36 - Program Import\service_ticket.sql,,
,,Phase 36 - Program Import\Temp and Depth,,
,,Phase 36 - Program Import\Test Request,,
,,Phase 36 - Program Import\test_request_sctns.sql,,
,,Phase 36 - Program Import\Well Object,,
,,Phase 36 - Program Import\Casing\PRG2200445.csv,,
,,Phase 36 - Program Import\Temp and Depth\PRG2200282.csv,,
,,Phase 36 - Program Import\Temp and Depth\Program Import Requirement.docx,,
,,Phase 36 - Program Import\Test Request\PRG2200445.csv,,
,,Phase 36 - Program Import\Test Request\Test_Request_Screenshot.png,,
,,Phase 36 - Program Import\Well Object\Copy of JobTypeList.csv,,
,,Phase 36 - Program Import\Well Object\PRG2102495.csv,,
,,Phase 36 - Program Import\Well Object\PRG_PUMPING_JOB_SECTIONS.sql,,
,,Phase 36 - Program Import\Well Object\Program Import Requirement.docx,,
,,Phase 36 - Program Import\Well Object\Reference_data_preparation.sql,,
,,Phase 37 - Workforce Readiness\Database Schema.sql,,
,,Phase 37 - Workforce Readiness\DomainModel.md,,
,,Phase 37 - Workforce Readiness\DomainModel.pdf,,
,,Phase 37 - Workforce Readiness\Employee_table_structure_Sample.sql,,
,,Phase 37 - Workforce Readiness\Sanjel Workforce Readiness Application - Process Diagram.pdf,,
,,Phase 37 - Workforce Readiness\Sanjel Workforce Readiness Application - Solution Architecture  Effort Estimate (v2.0).docx,,
,,Phase 38 - Material Order\Domain Model.md,,
,,Phase 38 - Material Order\Sanjel Material Order Application - Solution Architecture & Effort Estimate (v1.1).docx,,
,,Phase 39 - Program reference in call sheet and service ticket\Call_Sheet_PrintOut.png,,
,,Phase 39 - Program reference in call sheet and service ticket\service_reprot_printout.png,,
,,Phase 39 - Program reference in call sheet and service ticket\Service_Ticket_PrintOut.png,,
,,Phase 4\eService Datagrid Usability Project Scope Statement.docx,,
,,Phase 4\Eservice Express Feedback.docx,,
,,Phase 4\Eservice Express Pricing Editing Page UI Mockup.vsdx,,
,,Phase 4\?????????.docx,,
,,Phase 4\????,,
,,Phase 4\????\1074626.xml,,
,,Phase 40 - Blend Master Data\get blend master list.sql,,
,,Phase 41 - eService Change 2022 Q1\Changelogs.md,,
,,Phase 41 - eService Change 2022 Q1\Client Stamp Tracking.pdf,,
,,Phase 41 - eService Change 2022 Q1\Database update.sql,,
,,Phase 41 - eService Change 2022 Q1\Release,,
,,Phase 41 - eService Change 2022 Q1\Solution Proposal -  client stamp tracking.md,,
,,Phase 41 - eService Change 2022 Q1\Solution Proposal - Variable Surcharge Pricing.md,,
,,Phase 41 - eService Change 2022 Q1\UI Mock Field.png,,
,,Phase 41 - eService Change 2022 Q1\UI Mock.png,,
,,Phase 41 - eService Change 2022 Q1\UI Mock_Approval.png,,
,,Phase 41 - eService Change 2022 Q1\Release\clean up product haul data.sql,,
,,Phase 41 - eService Change 2022 Q1\Release\eService6_update.sql,,
,,Phase 41 - eService Change 2022 Q1\Release\SanjelData_Update.txt,,
,,Phase 42 - Lab Test Database\20231030134943459_PRG2301558 - Strathcona Resources Ltd. - Plugs - Blend 2 - Thermal 40.json,,
,,Phase 42 - Lab Test Database\appsettings.json,,
,,Phase 42 - Lab Test Database\arch_diagram.png,,
,,Phase 42 - Lab Test Database\create New VIEW.sql,,
,,Phase 42 - Lab Test Database\Database_Creation.sql,,
,,Phase 42 - Lab Test Database\frontend,,
,,Phase 42 - Lab Test Database\importsql.sql,,
,,Phase 42 - Lab Test Database\Lab Database Technical Memo.md,,
,,Phase 42 - Lab Test Database\Lab Database ?????.md,,
,,Phase 42 - Lab Test Database\Lab Testing?????.md,,
,,Phase 42 - Lab Test Database\LabClassDiagram-adam.md,,
,,Phase 42 - Lab Test Database\LabClassDiagram.md,,
,,Phase 42 - Lab Test Database\LabClassDiagram_Entity.md,,
,,Phase 42 - Lab Test Database\MarkDown??.md,,
,,Phase 42 - Lab Test Database\Method Test,,
,,Phase 42 - Lab Test Database\Release,,
,,Phase 42 - Lab Test Database\Sanjel Lab Database Architecture Upgrade Plan.md,,
,,Phase 42 - Lab Test Database\Test Lab testing project by MMC.md,,
,,Phase 42 - Lab Test Database\Test Request File samples,,
,,Phase 42 - Lab Test Database\????????.md,,
,,Phase 42 - Lab Test Database\frontend\fixbug,,
,,Phase 42 - Lab Test Database\frontend\frontend.zip,,
,,Phase 42 - Lab Test Database\frontend\frontend_prod.zip,,
,,Phase 42 - Lab Test Database\frontend\frontend_Staging.zip,,
,,Phase 42 - Lab Test Database\frontend\upgrade,,
,,Phase 42 - Lab Test Database\frontend\fixbug\frontend_local.zip,,
,,Phase 42 - Lab Test Database\frontend\fixbug\frontend_prod.zip,,
,,Phase 42 - Lab Test Database\frontend\fixbug\frontend_staging.zip,,
,,Phase 42 - Lab Test Database\frontend\fixbug\??.md,,
,,Phase 42 - Lab Test Database\frontend\upgrade\frontend_local.zip,,
,,Phase 42 - Lab Test Database\frontend\upgrade\frontend_prod.zip,,
,,Phase 42 - Lab Test Database\frontend\upgrade\frontend_staging.zip,,
,,Phase 42 - Lab Test Database\Method Test\????.txt,,
,,Phase 42 - Lab Test Database\Release\DatabaseCreation.sql,,
,,Phase 42 - Lab Test Database\Test Request File samples\20220516080733344_PRG2200329 - Paramount Resources Ltd. - 2 Blend Production - Blend 1 - ECOlite 1325.json,,
,,Phase 42 - Lab Test Database\Test Request File samples\20220516080733345_PRG2200329 - Paramount Resources Ltd. - 2 Blend Production - Blend 1 - ECOlite 1325.json,,
,,Phase 42 - Lab Test Database\Test Request File samples\20220516080733346_PRG2200329 - Paramount Resources Ltd. - 2 Blend Production - Blend 1 - ECOlite 1325.json,,
,,Phase 42 - Lab Test Database\Test Request File samples\20220516080733347_PRG2200329 - Paramount Resources Ltd. - 2 Blend Production - Blend 1 - ECOlite 1325.json,,
,,Phase 42 - Lab Test Database\Test Request File samples\20220516080733384_PRG2200329 - Paramount Resources Ltd. - 2 Blend Production - Blend 2 - ASC IV.json,,
,,Phase 42 - Lab Test Database\Test Request File samples\20220516080733385_PRG2200329 - Paramount Resources Ltd. - 2 Blend Production - Blend 2 - ASC IV.json,,
,,Phase 42 - Lab Test Database\Test Request File samples\20220516080733386_PRG2200329 - Paramount Resources Ltd. - 2 Blend Production - Blend 2 - ASC IV.json,,
,,Phase 42 - Lab Test Database\Test Request File samples\20220516080733387_PRG2200329 - Paramount Resources Ltd. - 2 Blend Production - Blend 2 - ASC IV.json,,
,,Phase 42 - Lab Test Database\Test Request File samples\EXPANDOmixPROLT_E1722_271.xlsx,,
,,Phase 42 - Lab Test Database\Test Request File samples\PRG2201032 - Paramount Resources Ltd. - Liner - Blend 1 - ASC IV.json,,
,,Phase 42 - Lab Test Database\Test Request File samples\PRG2201375 - Sinopec Daylight Energy Ltd. - 2 Blend Production - Blend 2 - ECOprime.json,,
,,Phase 42 - Lab Test Database\Test Request File samples\PRG2201436 - Entropy Inc - 2 Blend Production - Blend 1 - THERMAmix PRO.json,,
,,Phase 42 - Lab Test Database\Test Request File samples\PRG2201439 - Birchcliff Energy Ltd. - 2 Blend Production - Blend 2 - ECOprime.json,,
,,Phase 43 - Job Design Template\.$Analysis_Diagram.bkp,,
,,Phase 43 - Job Design Template\Analysis_Diagram,,
,,Phase 43 - Job Design Template\Job Design Conceptual Model.md,,
,,Phase 43 - Job Design Template\Job Design Item List.xlsx,,
,,Phase 43 - Job Design Template\Job Design_JWS_R7.vsdx,,
,,Phase 43 - Job Design Template\Lab Database.docx,,
,,Phase 43 - Job Design Template\MasterDataReview.xlsm,,
,,Phase 43 - Job Design Template\Multiple_Stage_cementing.pdf,,
,,Phase 43 - Job Design Template\Response Comparision.xlsx,,
,,Phase 43 - Job Design Template\Stick Diagrams,,
,,Phase 43 - Job Design Template\Strath CWOP 102_8-20.xlsm,,
,,Phase 43 - Job Design Template\Technical Library Details.docx,,
,,Phase 43 - Job Design Template\TOU PD 533 - Town (a-L8-A) 206_a-40-A_94-B-16 Production Casing Simulation - 2400590.01.CP1,,
,,Phase 43 - Job Design Template\Unit Specs HP Weight Mix_9 Aug 2019_JKG.xlsx,,
,,Phase 43 - Job Design Template\~$$Job Design_JWS_R7.~vsdx,,
,,Phase 43 - Job Design Template\~$Master Template 7.0.3.xlsm,,
,,Phase 43 - Job Design Template\~$New Template.xlsm,,
,,Phase 43 - Job Design Template\~$Unit Specs HP Weight Mix_9 Aug 2019_JKG.xlsx,,
,,Phase 43 - Job Design Template\Stick Diagrams\103_05-01-10-28W1 Middle Daly Stick Diagram Rev 7in Int. Csg.xlsx,,
,,Phase 43 - Job Design Template\Stick Diagrams\9B2 Hayter 9-21-40-1W4 Stick Diagram V4.pdf,,
,,Phase 43 - Job Design Template\Stick Diagrams\Stick Diagram HZ 102_15-29-52-19W5.pdf,,
,,Phase 43 - Job Design Template\Stick Diagrams\~$103_05-01-10-28W1 Middle Daly Stick Diagram Rev 7in Int. Csg.xlsx,,
,,Phase 44 - eService change 2022 Q3\AX_PRODUCT_UNIT.csv,,
,,Phase 44 - eService change 2022 Q3\Database,,
,,Phase 44 - eService change 2022 Q3\Detail Requirements,,
,,Phase 44 - eService change 2022 Q3\eProgram,,
,,Phase 44 - eService change 2022 Q3\eService,,
,,Phase 44 - eService change 2022 Q3\eService Sprint_AW_JWS_220914.docx,,
,,Phase 44 - eService change 2022 Q3\eServiceOnline,,
,,Phase 44 - eService change 2022 Q3\HSE Change,,
,,Phase 44 - eService change 2022 Q3\Local Data,,
,,Phase 44 - eService change 2022 Q3\SIM Card,,
,,Phase 44 - eService change 2022 Q3\Test,,
,,Phase 44 - eService change 2022 Q3\Database\0-orginal-view.sql,,
,,Phase 44 - eService change 2022 Q3\Database\1-ClientStamp-View.sql,,
,,Phase 44 - eService change 2022 Q3\Database\2-PlugLoadingHead-View.sql,,
,,Phase 44 - eService change 2022 Q3\Database\3-View-final.sql,,
,,Phase 44 - eService change 2022 Q3\Database\Deployment Schript,,
,,Phase 44 - eService change 2022 Q3\Database\eService6.PotentialSecurity.sql,,
,,Phase 44 - eService change 2022 Q3\Database\eService6.ProgramExpiry.sql,,
,,Phase 44 - eService change 2022 Q3\Database\eService6.qualityObservations.sql,,
,,Phase 44 - eService change 2022 Q3\Database\eService6.sql,,
,,Phase 44 - eService change 2022 Q3\Database\load up data script.sql,,
,,Phase 44 - eService change 2022 Q3\Database\PlugLoadingHead-EServiceTable-add column.sql,,
,,Phase 44 - eService change 2022 Q3\Database\Q3_22_P3.sql,,
,,Phase 44 - eService change 2022 Q3\Database\Deployment Schript\Q3_2022_Deployment.sql,,
,,Phase 44 - eService change 2022 Q3\Detail Requirements\Detail Requirements.md,,
,,Phase 44 - eService change 2022 Q3\Detail Requirements\????.md,,
,,Phase 44 - eService change 2022 Q3\eProgram\Import Pilot Test,,
,,Phase 44 - eService change 2022 Q3\eProgram\Master Template 9.0.0.4.xlsm,,
,,Phase 44 - eService change 2022 Q3\eProgram\Program Expiry import files,,
,,Phase 44 - eService change 2022 Q3\eProgram\ProgramExpiryChange.png,,
,,Phase 44 - eService change 2022 Q3\eProgram\ProgramStatus.png,,
,,Phase 44 - eService change 2022 Q3\eProgram\Quantity 0 import files,,
,,Phase 44 - eService change 2022 Q3\eProgram\Solution Proposal -  Import 0 quantity Item.md,,
,,Phase 44 - eService change 2022 Q3\eProgram\Solution Proposal -  Import Pilot Test.md,,
,,Phase 44 - eService change 2022 Q3\eProgram\Solution Proposal - Program Expiry.md,,
,,Phase 44 - eService change 2022 Q3\eProgram\Wellbore_Fluids.png,,
,,Phase 44 - eService change 2022 Q3\eProgram\Import Pilot Test\Import_Pilot_Test.png,,
,,Phase 44 - eService change 2022 Q3\eProgram\Import Pilot Test\PRG2201927.csv,,
,,Phase 44 - eService change 2022 Q3\eProgram\Program Expiry import files\PRG2201561.csv,,
,,Phase 44 - eService change 2022 Q3\eProgram\Program Expiry import files\PRG2201562.csv,,
,,Phase 44 - eService change 2022 Q3\eProgram\Quantity 0 import files\Imported_program_Quantity_0.png,,
,,Phase 44 - eService change 2022 Q3\eProgram\Quantity 0 import files\Import_file_Quantity_0.png,,
,,Phase 44 - eService change 2022 Q3\eProgram\Quantity 0 import files\PRG2201830.csv,,
,,Phase 44 - eService change 2022 Q3\eService\ClientStamp_approval_new.png,,
,,Phase 44 - eService change 2022 Q3\eService\ClientStamp_approval_original.png,,
,,Phase 44 - eService change 2022 Q3\eService\ClientStamp_field_new.png,,
,,Phase 44 - eService change 2022 Q3\eService\ClientStamp_field_original.png,,
,,Phase 44 - eService change 2022 Q3\eService\ClientStamp_validation_bug.png,,
,,Phase 44 - eService change 2022 Q3\eService\Heads & Plugs.png,,
,,Phase 44 - eService change 2022 Q3\eService\Solution Proposal -  client stamp tracking_v2.md,,
,,Phase 44 - eService change 2022 Q3\eService\Solution Proposal - Changes Quantity 0 Item.md,,
,,Phase 44 - eService change 2022 Q3\eService\Solution Proposal - Head and plug.md,,
,,Phase 44 - eService change 2022 Q3\eService\Solution Proposal - Template.md,,
,,Phase 44 - eService change 2022 Q3\eServiceOnline\Postpone_job_original.png,,
,,Phase 44 - eService change 2022 Q3\HSE Change\eService Job Performance Changes.xlsx,,
,,Phase 44 - eService change 2022 Q3\HSE Change\Job Performance Change.png,,
,,Phase 44 - eService change 2022 Q3\HSE Change\Validation_bug.png,,
,,Phase 44 - eService change 2022 Q3\Local Data\Local.zip,,
,,Phase 44 - eService change 2022 Q3\SIM Card\Get SIM card identity.md,,
,,Phase 44 - eService change 2022 Q3\SIM Card\Get SIM ICC ID.png,,
,,Phase 44 - eService change 2022 Q3\SIM Card\mobile card info.png,,
,,Phase 44 - eService change 2022 Q3\SIM Card\Two_Steps_To_Get_SIM.png,,
,,Phase 44 - eService change 2022 Q3\Test\TestCase_2022 Q3.xlsx,,
,,Phase 44 - eService change 2022 Q3\Test\TestCase_Extend Base Blend Dropdown List Width.xlsx,,
,,Phase 45 - Product Haul v2\2023 Q4,,
,,Phase 45 - Product Haul v2\BlendMaster_exported.csv,,
,,Phase 45 - Product Haul v2\Current - Product Haul Process.md,,
,,Phase 45 - Product Haul v2\Database,,
,,Phase 45 - Product Haul v2\Deployment,,
,,Phase 45 - Product Haul v2\eServiceOnline issues after DRB.md,,
,,Phase 45 - Product Haul v2\EServiceOnline Rig Board Display CSS.md,,
,,Phase 45 - Product Haul v2\express and api last modified username.xlsx,,
,,Phase 45 - Product Haul v2\Haul Blend.md,,
,,Phase 45 - Product Haul v2\integration_debug.sql,,
,,Phase 45 - Product Haul v2\menu_v2.md,,
,,Phase 45 - Product Haul v2\ModelBinder ???.md,,
,,Phase 45 - Product Haul v2\Pre-Job Blend Testing Process Breakdown.md,,
,,Phase 45 - Product Haul v2\Product Haul feedback.md,,
,,Phase 45 - Product Haul v2\Product Haul Improvement Plan.md,,
,,Phase 45 - Product Haul v2\Product Haul Test Cases.md,,
,,Phase 45 - Product Haul v2\ProductHaulDomainModel_v2.md,,
,,Phase 45 - Product Haul v2\Rescourse Requirements.md,,
,,Phase 45 - Product Haul v2\RigBoard last modified name.xlsx,,
,,Phase 45 - Product Haul v2\RigBoard_Performance_Improve.md,,
,,Phase 45 - Product Haul v2\Schudule Product Haul??.md,,
,,Phase 45 - Product Haul v2\Test,,
,,Phase 45 - Product Haul v2\UI Mock,,
,,Phase 45 - Product Haul v2\Usecase example.md,,
,,Phase 45 - Product Haul v2\2023 Q4\2023Q4 .md,,
,,Phase 45 - Product Haul v2\2023 Q4\last modified username.xlsx,,
,,Phase 45 - Product Haul v2\2023 Q4\TestCase_2023_Q4-1.xlsx,,
,,Phase 45 - Product Haul v2\2023 Q4\TestCase_2023_Q4.xlsx,,
,,Phase 45 - Product Haul v2\2023 Q4\UIMock,,
,,Phase 45 - Product Haul v2\2023 Q4\UIMock\104,,
,,Phase 45 - Product Haul v2\2023 Q4\UIMock\105,,
,,Phase 45 - Product Haul v2\2023 Q4\UIMock\81,,
,,Phase 45 - Product Haul v2\2023 Q4\UIMock\LoadUpBulker,,
,,Phase 45 - Product Haul v2\2023 Q4\UIMock\Transefer Blend,,
,,Phase 45 - Product Haul v2\2023 Q4\UIMock\104\bin order by.png,,
,,Phase 45 - Product Haul v2\2023 Q4\UIMock\104\remove additives.png,,
,,Phase 45 - Product Haul v2\2023 Q4\UIMock\104\?????.png,,
,,Phase 45 - Product Haul v2\2023 Q4\UIMock\105\callsheet number.png,,
,,Phase 45 - Product Haul v2\2023 Q4\UIMock\105\haul all.png,,
,,Phase 45 - Product Haul v2\2023 Q4\UIMock\105\haul all2.png,,
,,Phase 45 - Product Haul v2\2023 Q4\UIMock\105\Rig -bin 1.png,,
,,Phase 45 - Product Haul v2\2023 Q4\UIMock\105\Rig -bin 2.png,,
,,Phase 45 - Product Haul v2\2023 Q4\UIMock\105\Rig -bin 3.png,,
,,Phase 45 - Product Haul v2\2023 Q4\UIMock\81\fifter.png,,
,,Phase 45 - Product Haul v2\2023 Q4\UIMock\81\stys.png,,
,,Phase 45 - Product Haul v2\2023 Q4\UIMock\LoadUpBulker\LoadUpBulker.png,,
,,Phase 45 - Product Haul v2\2023 Q4\UIMock\LoadUpBulker\LoadUpBulker2.png,,
,,Phase 45 - Product Haul v2\2023 Q4\UIMock\Transefer Blend\bin 1.png,,
,,Phase 45 - Product Haul v2\2023 Q4\UIMock\Transefer Blend\bin 2.png,,
,,Phase 45 - Product Haul v2\2023 Q4\UIMock\Transefer Blend\bin 3.png,,
,,Phase 45 - Product Haul v2\2023 Q4\UIMock\Transefer Blend\RigBin1.png,,
,,Phase 45 - Product Haul v2\2023 Q4\UIMock\Transefer Blend\RigBin2.png,,
,,Phase 45 - Product Haul v2\2023 Q4\UIMock\Transefer Blend\RigBin3.png,,
,,Phase 45 - Product Haul v2\Database\EXCESS.sql,,
,,Phase 45 - Product Haul v2\Database\MANAGED_PRESSURE_CEMENTING.sql,,
,,Phase 45 - Product Haul v2\Database\MigrateSecurityDataToSanjelData_for_future.sql,,
,,Phase 45 - Product Haul v2\Database\ThickeningTime.sql,,
,,Phase 45 - Product Haul v2\Database\update.sql,,
,,Phase 45 - Product Haul v2\Deployment\Database clean up procedure.txt,,
,,Phase 45 - Product Haul v2\Test\Product_Haul_scenarios_for_tester.xlsx,,
,,Phase 45 - Product Haul v2\Test\TestCase_RescheduleBlend.xlsx,,
,,Phase 45 - Product Haul v2\Test\TestCase_ScheduleBlend.xlsx,,
,,Phase 45 - Product Haul v2\Test\Ticket_69_Feedback.png,,
,,Phase 45 - Product Haul v2\UI Mock\Create_Third_Party_crew.png,,
,,Phase 45 - Product Haul v2\UI Mock\Menu revise.png,,
,,Phase 45 - Product Haul v2\UI Mock\ReScheduleProductHaulFromRigJobBlend.png,,
,,Phase 45 - Product Haul v2\UI Mock\ReScheduleProductHaulFromRigJobBlend_New.png,,
,,Phase 45 - Product Haul v2\UI Mock\ScheduleProductHaulFromRigJobBlend.png,,
,,Phase 45 - Product Haul v2\UI Mock\ThirdPartyCrewMenu.png,,
,,Phase 46 - Digital Resource Board\Bulker Status Order.xlsx,,
,,Phase 46 - Digital Resource Board\Database,,
,,Phase 46 - Digital Resource Board\Digital Resource Board Requirements .docx,,
,,Phase 46 - Digital Resource Board\District Lat Long.xlsx,,
,,Phase 46 - Digital Resource Board\District Selection mechanism.md,,
,,Phase 46 - Digital Resource Board\DRB Feedback - Phase II - R1.docx,,
,,Phase 46 - Digital Resource Board\DRB Phase II Operations Discussion I.docx,,
,,Phase 46 - Digital Resource Board\HasPermission.txt,,
,,Phase 46 - Digital Resource Board\Job Times.xlsm,,
,,Phase 46 - Digital Resource Board\JobTimeReport.xlsx,,
,,Phase 46 - Digital Resource Board\Key Requirements Phasing - Digital Resource Board Phase 2.docx,,
,,Phase 46 - Digital Resource Board\Key Requirements Phasing - Digital Resource Board Phase 3+ (002).docx,,
,,Phase 46 - Digital Resource Board\Key Requirements Phasing - Digital Resource Board.docx,,
,,Phase 46 - Digital Resource Board\MMC - Sanjel solution upgrade project estimate.xlsx,,
,,Phase 46 - Digital Resource Board\Phase 2,,
,,Phase 46 - Digital Resource Board\PowerApp_DRB_Deploy[SanjelDataUAT].sql,,
,,Phase 46 - Digital Resource Board\PowerApp_DRB_Deploy[SanjelData].sql,,
,,Phase 46 - Digital Resource Board\ProductHaulStatusAlignment.md,,
,,Phase 46 - Digital Resource Board\Purge database for Unit Test.sql,,
,,Phase 46 - Digital Resource Board\Rig Activity Forecast.xlsm,,
,,Phase 46 - Digital Resource Board\Sanjel - Digital Resource Board - Proposal - July 2022.pdf,,
,,Phase 46 - Digital Resource Board\SanjelApplicationStack.pdf,,
,,Phase 46 - Digital Resource Board\Sanjel_Rig_Forecast_Design_Aug26.pdf,,
,,Phase 46 - Digital Resource Board\Schedule Mockup.xlsx,,
,,Phase 46 - Digital Resource Board\Schedule Mockup_AW.xlsx,,
,,Phase 46 - Digital Resource Board\Specialty Products.xlsm,,
,,Phase 46 - Digital Resource Board\SpecialtyProducts_import.csv,,
,,Phase 46 - Digital Resource Board\Truck Board.xlsx,,
,,Phase 46 - Digital Resource Board\Unit Count.xlsx,,
,,Phase 46 - Digital Resource Board\Utilization Calculations R2.docx,,
,,Phase 46 - Digital Resource Board\Utilization.xlsx,,
,,Phase 46 - Digital Resource Board\~$Rig Activity Forecast.xlsm,,
,,Phase 46 - Digital Resource Board\Database\DB_DRB_Deploy[PRD_221021].sql,,
,,Phase 46 - Digital Resource Board\Database\DB_DRB_Deploy[Template].sql,,
,,Phase 46 - Digital Resource Board\Database\DRB_Deployment_Script_Test.sql,,
,,Phase 46 - Digital Resource Board\Phase 2\11.22.22 Sched Example.xlsx,,
,,Phase 46 - Digital Resource Board\Phase 2\Database,,
,,Phase 46 - Digital Resource Board\Phase 2\Learning System Model Abstraction.md,,
,,Phase 46 - Digital Resource Board\Phase 2\Database\CreateSynonymsForAllExternalViewsAndTables.sql,,
,,Phase 46 - Digital Resource Board\Phase 2\Database\database_update.sql,,
,,Phase 46 - Digital Resource Board\Phase 2\Database\database_update_PRD.sql,,
,,Phase 46 - Digital Resource Board\Phase 2\Database\database_update_QA.sql,,
,,Phase 46 - Digital Resource Board\Phase 2\Database\DRB_P2.sql,,
,,Phase 46 - Digital Resource Board\Phase 2\Database\Fix_BlendShippingFacade.sql,,
,,Phase 46 - Digital Resource Board\Phase 2\Database\RecreateSynonyms_Dev.sql,,
,,Phase 46 - Digital Resource Board\Phase 2\Database\RecreateSynonyms_DRB.sql,,
,,Phase 46 - Digital Resource Board\Phase 2\Database\RecreateSynonyms_PRD.sql,,
,,Phase 46 - Digital Resource Board\Phase 2\Database\RecreateSynonyms_QA.sql,,
,,Phase 46 - Digital Resource Board\Phase 2\Database\RecreateSynonyms_Support.sql,,
,,Phase 46 - Digital Resource Board\Phase 2\Database\RecreateSynonyms_UAT.sql,,
,,Phase 46 - Digital Resource Board\Phase 2\Database\RecreateSynonyms_UT.sql,,
,,Phase 46 - Digital Resource Board\Phase 2\Database\RecreateView_eService6.sql,,
,,Phase 46 - Digital Resource Board\Phase 2\Database\RecreateView_SanjelData.sql,,
,,Phase 46 - Digital Resource Board\Phase 2\Database\Release_230322.sql,,
,,Phase 47 - MMC upgrade\Copy of MMC - Sanjel solution upgrade project estimate.xlsx,,
,,Phase 47 - MMC upgrade\join query,,
,,Phase 47 - MMC upgrade\Logging,,
,,Phase 47 - MMC upgrade\PLC_Messaging_Upgrade.md,,
,,Phase 47 - MMC upgrade\Sanjel solution upgrade project estimate and invest.xlsx,,
,,Phase 47 - MMC upgrade\Sanjel solution upgrade project estimate and invest0903.xlsx,,
,,Phase 47 - MMC upgrade\SanjelSecurityModel.md,,
,,Phase 47 - MMC upgrade\~$Sanjel solution upgrade project estimate and invest0903.xlsx,,
,,Phase 47 - MMC upgrade\???-Sanjel?????????3?.xlsx,,
,,Phase 47 - MMC upgrade\???-Sanjel?????????4?.xlsx,,
,,Phase 47 - MMC upgrade\???-Sanjel?????????5?.xlsx,,
,,Phase 47 - MMC upgrade\????.xlsx,,
,,Phase 47 - MMC upgrade\join query\Tasks  20136.pdf,,
,,Phase 47 - MMC upgrade\Logging\Metashare Logging Getting Started.md,,
,,Phase 49 - Management of Change\Change Management UI Mock.png,,
,,Phase 49 - Management of Change\MOC Requirement.md,,
,,Phase 49 - Management of Change\Origial Documents.docx,,
,,Phase 49 - Management of Change\Test,,
,,Phase 49 - Management of Change\Test\TestCase.xlsx,,
,,Phase 5 - Blend Calculator\Bulk Plant Calculator Requirements.docx,,
,,Phase 5 - Blend Calculator\Data Clean Up List.docx,,
,,Phase 5 - Blend Calculator\eService Bulk Plant Calculator R2.docx,,
,,Phase 5 - Blend Calculator\eService Bulk Plant Calculator R3.docx,,
,,Phase 5 - Blend Calculator\eService Development Phase 5 Scope Statement.docx,,
,,Phase 5 - Blend Calculator\Express bug??.docx,,
,,Phase 5 - Blend Calculator\Master Blend Sheet 2.xlsx,,
,,Phase 5 - Blend Calculator\MASTER BULK PLANT CALCULATOR_(Version 2.7).xlsm,,
,,Phase 5 - Blend Calculator\MASTER BULK PLANT CALCULATOR_(Version 2.8.2).xlsm,,
,,Phase 5 - Blend Calculator\print_mockup_1.0.xlsm,,
,,Phase 5 - Blend Calculator\Reporting Standards Manual.docx,,
,,Phase 5 - Blend Calculator\UI Mockup.vsdx,,
,,Phase 5 - Blend Calculator\???????.docx,,
,,Phase 50 - Lab Test Database - V2\Database,,
,,Phase 50 - Lab Test Database - V2\Lab Database Domain Model.md,,
,,Phase 50 - Lab Test Database - V2\Lab Request.md,,
,,Phase 50 - Lab Test Database - V2\Lab Test Database??????,,
,,Phase 50 - Lab Test Database - V2\Test,,
,,Phase 50 - Lab Test Database - V2\WorkFlow.md,,
,,Phase 50 - Lab Test Database - V2\Database\update.sql,,
,,Phase 50 - Lab Test Database - V2\Database\update_LabSample_description.sql,,
,,Phase 50 - Lab Test Database - V2\Database\UPDATE_QualityControl.sql,,
,,Phase 50 - Lab Test Database - V2\Database\UPDATE_TestRequest.sql,,
,,Phase 50 - Lab Test Database - V2\Database\update_WaterAnalysis_description.sql,,
,,Phase 50 - Lab Test Database - V2\Lab Test Database??????\appsettings.json,,
,,Phase 50 - Lab Test Database - V2\Lab Test Database??????\Lab Test????????.docx,,
,,Phase 50 - Lab Test Database - V2\Lab Test Database??????\urlrewrite2.zip,,
,,Phase 50 - Lab Test Database - V2\Test\2022-11-25-Sample TT Request TT10040 YES Hesitation No.json,,
,,Phase 50 - Lab Test Database - V2\Test\20221202093409444_JSON10 switch=yes.json,,
,,Phase 50 - Lab Test Database - V2\Test\20221202093409444_JSON11 UCA=blank.json,,
,,Phase 50 - Lab Test Database - V2\Test\20221202093409444_JSON12 switch=no.json,,
,,Phase 50 - Lab Test Database - V2\Test\Test file 1 for Issue 53 TT No Hesitation YES.json,,
,,Phase 50 - Lab Test Database - V2\Test\Test file 2 for Issue 53 TT100 YES Hesitation blank.json,,
,,Phase 50 - Lab Test Database - V2\Test\Test file 2 for Issue 53 TT100 YES Hesitation No.json,,
,,Phase 50 - Lab Test Database - V2\Test\Test file 2 for Issue 53 TT100 YES Hesitationb YES.json,,
,,Phase 50 - Lab Test Database - V2\Test\Test file for Issue 63 UCA blank.json,,
,,Phase 50 - Lab Test Database - V2\Test\Test file for Issue 63 UCA No.json,,
,,Phase 50 - Lab Test Database - V2\Test\Test file for Issue 63 UCA Yes.json,,
,,Phase 50 - Lab Test Database - V2\Test\Test file for Issue 65 RH No SurfRheo Yes.json,,
,,Phase 50 - Lab Test Database - V2\Test\Test file for Issue 65 RH YES SurfRheo No.json,,
,,Phase 50 - Lab Test Database - V2\Test\Test file for Issue 65 RH YES SurfRheo Yes.json,,
,,Phase 50 - Lab Test Database - V2\Test\TestCase_2022 Q4.xlsx,,
,,Phase 51 - Storage Capacity Clean Up\BinInformation_export_211230.csv,,
,,Phase 51 - Storage Capacity Clean Up\BinInformation_export_221206.csv,,
,,Phase 51 - Storage Capacity Clean Up\Bulk Plant Layouts All Districts.xlsx,,
,,Phase 51 - Storage Capacity Clean Up\Bulk Trailer pod capacities.xlsx,,
,,Phase 52 - eServiceExpress framework upgrade\.$PLC Data upgrade.drawio.bkp,,
,,Phase 52 - eServiceExpress framework upgrade\Cache StorageComponent.drawio,,
,,Phase 52 - eServiceExpress framework upgrade\Gateway.drawio,,
,,Phase 52 - eServiceExpress framework upgrade\messages class.drawio,,
,,Phase 52 - eServiceExpress framework upgrade\MigrationQuestions,,
,,Phase 52 - eServiceExpress framework upgrade\Sanjel eService Framework upgrade Plan.md,,
,,Phase 52 - eServiceExpress framework upgrade\Sanjel eService Framework upgrade Plan.pdf,,
,,Phase 52 - eServiceExpress framework upgrade\Sanjel Migration Upgrade Project PlanV0.4.xlsx,,
,,Phase 52 - eServiceExpress framework upgrade\Sanjel tasks migration.xlsx,,
,,Phase 52 - eServiceExpress framework upgrade\MigrationQuestions\Image,,
,,Phase 52 - eServiceExpress framework upgrade\MigrationQuestions\Questions.md,,
,,Phase 52 - eServiceExpress framework upgrade\MigrationQuestions\Image\1.png,,
,,Phase 52 - eServiceExpress framework upgrade\MigrationQuestions\Image\2.png,,
,,Phase 52 - eServiceExpress framework upgrade\MigrationQuestions\Image\3.png,,
,,Phase 52 - eServiceExpress framework upgrade\MigrationQuestions\Image\4.png,,
,,Phase 52 - eServiceExpress framework upgrade\MigrationQuestions\Image\5.png,,
,,Phase 52 - eServiceExpress framework upgrade\MigrationQuestions\Image\6.png,,
,,Phase 54 - MTS\Arc Resources Ltd._Surface (13-10)_Visweep DM + Additives_MTS-1107407-42918-C1_2023_03_09_14.41.40.pdf,,
,,Phase 54 - MTS\BPAV S.docx,,
,,Phase 54 - MTS\BPAVS Training V1.pdf,,
,,Phase 54 - MTS\BPAVS_Feedback_1.png,,
,,Phase 54 - MTS\BPAVS_Feedback_2.png,,
,,Phase 54 - MTS\BPAVS_Feedback_3.png,,
,,Phase 54 - MTS\BPAVS_Feedback_4.png,,
,,Phase 54 - MTS\BPAVS_Feedback_5.png,,
,,Phase 54 - MTS\BPAVS_UI.docx,,
,,Phase 54 - MTS\CSH_1107410_Whitecap Resources Inc._Surface ( 2-6 )_ECOprime + Additives_MTS-1107405-42533-C1_2023_02_27_19.38.33.pdf,,
,,Phase 54 - MTS\MTS Requirements.md,,
,,Phase 54 - MTS\MTS_JSON_SAMPLE.json,,
,,Phase 54 - MTS\MTS_Printout_Sample.md,,
,,Phase 54 - MTS\MTS_Printout_Sample_2.md,,
,,Phase 54 - MTS\MTS_Sample1.pdf,,
,,Phase 54 - MTS\MTS_Sample2.pdf,,
,,Phase 54 - MTS\MTS_Sample3.pdf,,
,,Phase 54 - MTS\ProductHaulDetail_Sample.json,,
,,Phase 54 - MTS\ProductHaulList_Sample.json,,
,,Phase 54 - MTS\V3.15 BPAVS MTS Generation.mp4,,
,,Phase 56 - eProgram Change Q2 2023\ADD TYPE_VALUES_ConvertedToView.sql,,
,,Phase 56 - eProgram Change Q2 2023\Alter Table.sql,,
,,Phase 56 - eProgram Change Q2 2023\bug,,
,,Phase 56 - eProgram Change Q2 2023\CreateSynonymsForAllExternalViewsAndTables.sql,,
,,Phase 56 - eProgram Change Q2 2023\create_synonyms.sql,,
,,Phase 56 - eProgram Change Q2 2023\Database,,
,,Phase 56 - eProgram Change Q2 2023\eService Update - Sept 2023.docx,,
,,Phase 56 - eProgram Change Q2 2023\Process of execute a program.docx,,
,,Phase 56 - eProgram Change Q2 2023\Release,,
,,Phase 56 - eProgram Change Q2 2023\Requirement 1,,
,,Phase 56 - eProgram Change Q2 2023\Requirement 2,,
,,Phase 56 - eProgram Change Q2 2023\Requirement 3,,
,,Phase 56 - eProgram Change Q2 2023\Requirement 5,,
,,Phase 56 - eProgram Change Q2 2023\Test File,,
,,Phase 56 - eProgram Change Q2 2023\Type_Values.sql,,
,,Phase 56 - eProgram Change Q2 2023\?? Microsoft Word ??.docx,,
,,Phase 56 - eProgram Change Q2 2023\bug\1.png,,
,,Phase 56 - eProgram Change Q2 2023\Database\AssociationData.sql,,
,,Phase 56 - eProgram Change Q2 2023\Database\Copy of eService Job Performance Changes - 2023_mapping_JWS (Revised Schroh).xlsx,,
,,Phase 56 - eProgram Change Q2 2023\Database\Database_Update.sql,,
,,Phase 56 - eProgram Change Q2 2023\Database\eService Job Performance Changes - 2023_mapping.xlsx,,
,,Phase 56 - eProgram Change Q2 2023\Database\PerformanceMasterData.sql,,
,,Phase 56 - eProgram Change Q2 2023\Release\Database_Update.sql,,
,,Phase 56 - eProgram Change Q2 2023\Release\eService Update - Sept 2023_AW.docx,,
,,Phase 56 - eProgram Change Q2 2023\Release\Release_test-log.md,,
,,Phase 56 - eProgram Change Q2 2023\Requirement 1\Master Template 9.0.0.28 - Example For Adam.xlsm,,
,,Phase 56 - eProgram Change Q2 2023\Requirement 1\PRG2300592.csv,,
,,Phase 56 - eProgram Change Q2 2023\Requirement 1\PRG2300618.csv,,
,,Phase 56 - eProgram Change Q2 2023\Requirement 1\Requirement,,
,,Phase 56 - eProgram Change Q2 2023\Requirement 1\Test cases,,
,,Phase 56 - eProgram Change Q2 2023\Requirement 1\UI-mock,,
,,Phase 56 - eProgram Change Q2 2023\Requirement 1\Use cases,,
,,Phase 56 - eProgram Change Q2 2023\Requirement 1\Requirement\General Requirement Idea.md,,
,,Phase 56 - eProgram Change Q2 2023\Requirement 1\Requirement\Requirement.md,,
,,Phase 56 - eProgram Change Q2 2023\Requirement 1\Test cases\Please fix the bug defected in the E-program system.eml,,
,,Phase 56 - eProgram Change Q2 2023\Requirement 1\Test cases\PRG2300592.csv,,
,,Phase 56 - eProgram Change Q2 2023\Requirement 1\Test cases\PRG2300618.csv,,
,,Phase 56 - eProgram Change Q2 2023\Requirement 1\Test cases\Test  Cases.md,,
,,Phase 56 - eProgram Change Q2 2023\Requirement 1\Test cases\TestCase_2022 Q4.xlsx,,
,,Phase 56 - eProgram Change Q2 2023\Requirement 1\Test cases\????,,
,,Phase 56 - eProgram Change Q2 2023\Requirement 1\Test cases\????\PRG2300592.csv,,
,,Phase 56 - eProgram Change Q2 2023\Requirement 1\Test cases\????\PRG2300618 - ??.csv,,
,,Phase 56 - eProgram Change Q2 2023\Requirement 1\Test cases\????\Test  Cases.md,,
,,Phase 56 - eProgram Change Q2 2023\Requirement 1\Test cases\????\Test case 1--PRG9100591.csv,,
,,Phase 56 - eProgram Change Q2 2023\Requirement 1\Test cases\????\Test case 2 --PRG7100592.csv,,
,,Phase 56 - eProgram Change Q2 2023\Requirement 1\Test cases\????\Test case 3 --PRG7100596.csv,,
,,Phase 56 - eProgram Change Q2 2023\Requirement 1\Test cases\????\Test case 4-- PRG9100592.csv,,
,,Phase 56 - eProgram Change Q2 2023\Requirement 1\Test cases\????\Test case 5-- PRG9100596.csv,,
,,Phase 56 - eProgram Change Q2 2023\Requirement 1\Test cases\????\Test case 6-- PRG9100597.csv,,
,,Phase 56 - eProgram Change Q2 2023\Requirement 1\Test cases\????\Test case 7-- PRG9100697-1.csv,,
,,Phase 56 - eProgram Change Q2 2023\Requirement 1\UI-mock\Sales Forcast Panel.rp,,
,,Phase 56 - eProgram Change Q2 2023\Requirement 1\Use cases\Use Cases.md,,
,,Phase 56 - eProgram Change Q2 2023\Requirement 2\Requirement,,
,,Phase 56 - eProgram Change Q2 2023\Requirement 2\Surface Casing -- Well Objective_May 6th.rp,,
,,Phase 56 - eProgram Change Q2 2023\Requirement 2\Test Cases,,
,,Phase 56 - eProgram Change Q2 2023\Requirement 2\UI-Mockup,,
,,Phase 56 - eProgram Change Q2 2023\Requirement 2\Use Cases,,
,,Phase 56 - eProgram Change Q2 2023\Requirement 2\Use Cases--Import Well Type, Well Objective, Remedial Objective to E-program.md
,,Phase 56 - eProgram Change Q2 2023\Requirement 2\Well Type, Well Objective, Remedial Objective_May 6th.rp
,,Phase 56 - eProgram Change Q2 2023\Requirement 2\Requirement\Feedback - May 5.md,,
,,Phase 56 - eProgram Change Q2 2023\Requirement 2\Requirement\FW_ eprogram - import another item.eml,,
,,Phase 56 - eProgram Change Q2 2023\Requirement 2\Requirement\PRG2300618.csv,,
,,Phase 56 - eProgram Change Q2 2023\Requirement 2\Requirement\Remedial Objective.PNG,,
,,Phase 56 - eProgram Change Q2 2023\Requirement 2\Requirement\Requirement--Add an Element Remedial Objective to Well Informaiton page.md,,
,,Phase 56 - eProgram Change Q2 2023\Requirement 2\Requirement\Well Objective Only Readable on Hole Conditions_ Test Report of Requirement2.eml,,
,,Phase 56 - eProgram Change Q2 2023\Requirement 2\Test Cases\bug 01.docx,,
,,Phase 56 - eProgram Change Q2 2023\Requirement 2\Test Cases\Test case 1--PRG91001111_Pass.csv,,
,,Phase 56 - eProgram Change Q2 2023\Requirement 2\Test Cases\Test case 1--PRG9100666666.csv,,
,,Phase 56 - eProgram Change Q2 2023\Requirement 2\Test Cases\Test case 1--PRG9100777777.csv,,
,,Phase 56 - eProgram Change Q2 2023\Requirement 2\Test Cases\Test case 10--PRG91007777_Pass.csv,,
,,Phase 56 - eProgram Change Q2 2023\Requirement 2\Test Cases\Test case 13--PRG91009912_Fail.csv,,
,,Phase 56 - eProgram Change Q2 2023\Requirement 2\Test Cases\Test case 14--PRG91009914--Exception_Pass.csv,,
,,Phase 56 - eProgram Change Q2 2023\Requirement 2\Test Cases\Test case 15--PRG91009918--Exception-2-Fail.csv,,
,,Phase 56 - eProgram Change Q2 2023\Requirement 2\Test Cases\Test case 15--PRG91009918--Exception.csv,,
,,Phase 56 - eProgram Change Q2 2023\Requirement 2\Test Cases\Test case 16--PRG91001021 .csv,,
,,Phase 56 - eProgram Change Q2 2023\Requirement 2\Test Cases\Test case 2--PRG91002222_Pass.csv,,
,,Phase 56 - eProgram Change Q2 2023\Requirement 2\Test Cases\Test case 3--PRG91003333_Pass.csv,,
,,Phase 56 - eProgram Change Q2 2023\Requirement 2\Test Cases\Test case 4--PRG91001010_Pass.csv,,
,,Phase 56 - eProgram Change Q2 2023\Requirement 2\Test Cases\Test case 4--PRG910999991.csv,,
,,Phase 56 - eProgram Change Q2 2023\Requirement 2\Test Cases\Test case 5--PRG91001011_Pass.csv,,
,,Phase 56 - eProgram Change Q2 2023\Requirement 2\Test Cases\Test case 5--PRG91001016_Pass.csv,,
,,Phase 56 - eProgram Change Q2 2023\Requirement 2\Test Cases\Test case 5--PRG91001017_Pass.csv,,
,,Phase 56 - eProgram Change Q2 2023\Requirement 2\Test Cases\Test case 5--PRG91001019_Pass.csv,,
,,Phase 56 - eProgram Change Q2 2023\Requirement 2\Test Cases\Test case 5--PRG91001025_Pass.csv,,
,,Phase 56 - eProgram Change Q2 2023\Requirement 2\Test Cases\Test case 5--PRG91001026_Pass.csv,,
,,Phase 56 - eProgram Change Q2 2023\Requirement 2\Test Cases\Test case 5--PRG91001027_Pass.csv,,
,,Phase 56 - eProgram Change Q2 2023\Requirement 2\Test Cases\Test case 5--PRG91001029_Fail.csv,,
,,Phase 56 - eProgram Change Q2 2023\Requirement 2\Test Cases\Test case 5--PRG91001042.csv,,
,,Phase 56 - eProgram Change Q2 2023\Requirement 2\Test Cases\Test case 5--PRG91001119_Pass.csv,,
,,Phase 56 - eProgram Change Q2 2023\Requirement 2\Test Cases\Test case 5--PRG91001121_Pass.csv,,
,,Phase 56 - eProgram Change Q2 2023\Requirement 2\Test Cases\Test case 5--PRG91001122_Pass.csv,,
,,Phase 56 - eProgram Change Q2 2023\Requirement 2\Test Cases\Test case 5--PRG91001126_Pass.csv,,
,,Phase 56 - eProgram Change Q2 2023\Requirement 2\Test Cases\Test case 5--PRG91001127_Pass.csv,,
,,Phase 56 - eProgram Change Q2 2023\Requirement 2\Test Cases\Test case 5--PRG91111111_Fail.csv,,
,,Phase 56 - eProgram Change Q2 2023\Requirement 2\Test Cases\Test case 5--PRG91111112_Fail.csv,,
,,Phase 56 - eProgram Change Q2 2023\Requirement 2\Test Cases\Test case 5--PRG91111999990.csv,,
,,Phase 56 - eProgram Change Q2 2023\Requirement 2\Test Cases\Test case 5--PRG91111999991.csv,,
,,Phase 56 - eProgram Change Q2 2023\Requirement 2\Test Cases\Test case 5--PRG91111999992.csv,,
,,Phase 56 - eProgram Change Q2 2023\Requirement 2\Test Cases\Test case 5--PRG91111999993.csv,,
,,Phase 56 - eProgram Change Q2 2023\Requirement 2\Test Cases\Test case 5--PRG91111999994.csv,,
,,Phase 56 - eProgram Change Q2 2023\Requirement 2\Test Cases\Test case 5--PRG91111999995.csv,,
,,Phase 56 - eProgram Change Q2 2023\Requirement 2\Test Cases\Test case 5--PRG91111999999.csv,,
,,Phase 56 - eProgram Change Q2 2023\Requirement 2\Test Cases\Test case 6--PRG91001012_Fail.csv,,
,,Phase 56 - eProgram Change Q2 2023\Requirement 2\Test Cases\Test case 7--PRG91004444_Fail.csv,,
,,Phase 56 - eProgram Change Q2 2023\Requirement 2\Test Cases\Test case 9--PRG91005555_Pass.csv,,
,,Phase 56 - eProgram Change Q2 2023\Requirement 2\Test Cases\Test case 9--PRG9166666666.csv,,
,,Phase 56 - eProgram Change Q2 2023\Requirement 2\Test Cases\Test data & result.xlsx,,
,,Phase 56 - eProgram Change Q2 2023\Requirement 2\Test Cases\TestCase_2023 Q2.xlsx,,
,,Phase 56 - eProgram Change Q2 2023\Requirement 2\UI-Mockup\eProgram_WellObject_Mock.png,,
,,Phase 56 - eProgram Change Q2 2023\Requirement 2\UI-Mockup\eProgram_WellType.png,,
,,Phase 56 - eProgram Change Q2 2023\Requirement 2\UI-Mockup\eProgram_WellType_NewLook.png,,
,,Phase 56 - eProgram Change Q2 2023\Requirement 2\UI-Mockup\Remedial Objective.PNG,,
,,Phase 56 - eProgram Change Q2 2023\Requirement 2\UI-Mockup\Remedial Objective.rp,,
,,Phase 56 - eProgram Change Q2 2023\Requirement 2\UI-Mockup\Surface Casing -- Well Objective_May 6th.rp,,
,,Phase 56 - eProgram Change Q2 2023\Requirement 2\UI-Mockup\Well Type, Well Objective, Remedial Objective_May 6th.rp
,,Phase 56 - eProgram Change Q2 2023\Requirement 2\UI-Mockup\Well Type, Well Objective, Remedial Objective_Revised_May 8th_Latest version.rp
,,Phase 56 - eProgram Change Q2 2023\Requirement 2\Use Cases\eProgram_WellObject_Mock.png,,
,,Phase 56 - eProgram Change Q2 2023\Requirement 2\Use Cases\eProgram_WellType.png,,
,,Phase 56 - eProgram Change Q2 2023\Requirement 2\Use Cases\eProgram_WellType_NewLook.png,,
,,Phase 56 - eProgram Change Q2 2023\Requirement 2\Use Cases\Remedial Objective.PNG,,
,,Phase 56 - eProgram Change Q2 2023\Requirement 2\Use Cases\Remedial Objective.rp,,
,,Phase 56 - eProgram Change Q2 2023\Requirement 2\Use Cases\Remedial Objective_1.rp,,
,,Phase 56 - eProgram Change Q2 2023\Requirement 2\Use Cases\Use Cases--Import Well Type, Well Objective, Remedial Objective to E-program.md
,,Phase 56 - eProgram Change Q2 2023\Requirement 2\Use Cases\Use Cases.md,,
,,Phase 56 - eProgram Change Q2 2023\Requirement 3\E-Service Online??.md,,
,,Phase 56 - eProgram Change Q2 2023\Requirement 3\Product Haul integration with DRB use cases.md,,
,,Phase 56 - eProgram Change Q2 2023\Requirement 3\Product Haul integration with DRB ??.md,,
,,Phase 56 - eProgram Change Q2 2023\Requirement 3\UI-Mock.rp,,
,,Phase 56 - eProgram Change Q2 2023\Requirement 3\Use Cases,,
,,Phase 56 - eProgram Change Q2 2023\Requirement 3\Use Cases\Product Haul integration with DRB ??.md,,
,,Phase 56 - eProgram Change Q2 2023\Requirement 3\Use Cases\Use Cases--Requirement 62.md,,
,,Phase 56 - eProgram Change Q2 2023\Requirement 3\Use Cases\Use Cases--Requirement63.md,,
,,Phase 56 - eProgram Change Q2 2023\Requirement 5\eService Job Performance Changes - 2023.xlsx,,
,,Phase 56 - eProgram Change Q2 2023\Requirement 5\Performance Change.png,,
,,Phase 56 - eProgram Change Q2 2023\Test File\PRG2301243.csv,,
,,Phase 56 - eProgram Change Q2 2023\Test File\PRG2301309.01.csv,,
,,Phase 56 - eProgram Change Q2 2023\Test File\PRG2301309.csv,,
,,Phase 56 - eProgram Change Q2 2023\Test File\PRG2301318.00.csv,,
,,Phase 56 - eProgram Change Q2 2023\Test File\PRG2301318.01.csv,,
,,Phase 56 - eProgram Change Q2 2023\Test File\PRG2301318.02.csv,,
,,Phase 56 - eProgram Change Q2 2023\Test File\PRG2301318.03.csv,,
,,Phase 56 - eProgram Change Q2 2023\Test File\PRG2301318.08.csv,,
,,Phase 56 - eProgram Change Q2 2023\Test File\PRG23013180.06.csv,,
,,Phase 56 - eProgram Change Q2 2023\Test File\PRG23013180.07.csv,,
,,Phase 56 - eProgram Change Q2 2023\Test File\PRG2301320.csv,,
,,Phase 57 - Additive Functions\Additive Function.xlsx,,
,,Phase 57 - Additive Functions\BPAVS Risk Summary Table.xlsx,,
,,Phase 57 - Additive Functions\tolerance.csv,,
,,Phase 6 - RigBoard\Analysis Document.vsdx,,
,,Phase 6 - RigBoard\Business Requirement Document.docx,,
,,Phase 6 - RigBoard\Data Clean Up,,
,,Phase 6 - RigBoard\Database Script,,
,,Phase 6 - RigBoard\Dispatch Software Requirements.docx,,
,,Phase 6 - RigBoard\Dispatch Software Scope Statement - Phase 1.docx,,
,,Phase 6 - RigBoard\Dispatch Software Scope Statement.docx,,
,,Phase 6 - RigBoard\eService new feature requirement.docx,,
,,Phase 6 - RigBoard\Job Date Menu.xlsm,,
,,Phase 6 - RigBoard\Master Data,,
,,Phase 6 - RigBoard\Old Process Document,,
,,Phase 6 - RigBoard\Production Database Data,,
,,Phase 6 - RigBoard\Requirement discussion with Colin.docx,,
,,Phase 6 - RigBoard\Rig board  Specification.docx,,
,,Phase 6 - RigBoard\Rig Board Feedback_1123.docx,,
,,Phase 6 - RigBoard\Rig Board Feedback_1128.docx,,
,,Phase 6 - RigBoard\Rig Board Feedback_1129.docx,,
,,Phase 6 - RigBoard\Rig Board Feedback_1130.docx,,
,,Phase 6 - RigBoard\Rig Board Feedback_1201.docx,,
,,Phase 6 - RigBoard\Rig Board Feedback_1204.docx,,
,,Phase 6 - RigBoard\Rig Board UI Mockup.xlsm,,
,,Phase 6 - RigBoard\Rig Board?? - Copy.xlsx,,
,,Phase 6 - RigBoard\Rig Board??.xlsx,,
,,Phase 6 - RigBoard\????.xlsx,,
,,Phase 6 - RigBoard\???????.docx,,
,,Phase 6 - RigBoard\Data Clean Up\add_new_bin_types.sql,,
,,Phase 6 - RigBoard\Data Clean Up\bins_import_list.csv,,
,,Phase 6 - RigBoard\Data Clean Up\companies_update_shortname.sql,,
,,Phase 6 - RigBoard\Data Clean Up\customers.csv,,
,,Phase 6 - RigBoard\Data Clean Up\Disable_old_bins.sql,,
,,Phase 6 - RigBoard\Data Clean Up\job_types.csv,,
,,Phase 6 - RigBoard\Data Clean Up\rig_list_md.csv,,
,,Phase 6 - RigBoard\Database Script\client_consultants.sql,,
,,Phase 6 - RigBoard\Database Script\COMPANIES.csv,,
,,Phase 6 - RigBoard\Database Script\COMPANIES.xls,,
,,Phase 6 - RigBoard\Database Script\data_conversion_add_rig_id_to_callsheet.sql,,
,,Phase 6 - RigBoard\Database Script\JOB_TYPES.csv,,
,,Phase 6 - RigBoard\Database Script\rigjob.sql,,
,,Phase 6 - RigBoard\Database Script\rigs.sql,,
,,Phase 6 - RigBoard\Database Script\rig_list.csv,,
,,Phase 6 - RigBoard\Database Script\Set_Rig_Job_Sequence_to_start.sql,,
,,Phase 6 - RigBoard\Database Script\Test_generate_rig_jobs_from_production_data.sql,,
,,Phase 6 - RigBoard\Database Script\update_blendsection.sql,,
,,Phase 6 - RigBoard\Database Script\update_callsheet.sql,,
,,Phase 6 - RigBoard\Database Script\update_callsheet_rig_company_id.sql,,
,,Phase 6 - RigBoard\Database Script\update_callsheet_rig_id.sql,,
,,Phase 6 - RigBoard\Database Script\update_companies.sql,,
,,Phase 6 - RigBoard\Database Script\update_job_types.sql,,
,,Phase 6 - RigBoard\Database Script\update_producthaul.sql,,
,,Phase 6 - RigBoard\Database Script\update_rigs.sql,,
,,Phase 6 - RigBoard\Database Script\update_unit_section.sql,,
,,Phase 6 - RigBoard\Master Data\sanjel_districts.sql,,
,,Phase 6 - RigBoard\Master Data\service_points.sql,,
,,Phase 6 - RigBoard\Master Data\value_types.sql,,
,,Phase 6 - RigBoard\Old Process Document\Dispatch Process Flow.docx,,
,,Phase 6 - RigBoard\Old Process Document\East Rig Board.xlsm,,
,,Phase 6 - RigBoard\Old Process Document\East Switchout Notes October 11 PM.docx,,
,,Phase 6 - RigBoard\Old Process Document\East Truck Order.xlsx,,
,,Phase 6 - RigBoard\Old Process Document\Handwritting Note 2.pdf,,
,,Phase 6 - RigBoard\Old Process Document\Handwritting Note.pdf,,
,,Phase 6 - RigBoard\Old Process Document\Primary Call Taking Sheet.pdf,,
,,Phase 6 - RigBoard\Old Process Document\Remedial Call Taking Sheet.pdf,,
,,Phase 6 - RigBoard\Old Process Document\SESI_Building a Callsheet Instruction Document.pdf,,
,,Phase 6 - RigBoard\Old Process Document\SESI_Crew Callouts Instruction Document.pdf,,
,,Phase 6 - RigBoard\Old Process Document\SESI_Dispatch Incident Reporting - HSE Instruction Document.pdf,,
,,Phase 6 - RigBoard\Old Process Document\SESI_Taking A Client Call - First Notice Instruction Document.pdf,,
,,Phase 6 - RigBoard\Old Process Document\West Rig Board.xlsm,,
,,Phase 6 - RigBoard\Old Process Document\West Truck Order.xlsx,,
,,Phase 6 - RigBoard\Old Process Document\WI- Blend Requests SB.CF.SK.R1.docx,,
,,Phase 6 - RigBoard\Old Process Document\WI- Incident Reporting - HSE SB.CF.SK.R2.docx,,
,,Phase 6 - RigBoard\Old Process Document\WI- Incident Reporting - Quality SB.CF.SK.R0.docx,,
,,Phase 6 - RigBoard\Old Process Document\WI- Organizing a HP Call SB.CF.SK.R0.docx,,
,,Phase 6 - RigBoard\Old Process Document\WI- Requesting a PO SB.CF.SK.R0.docx,,
,,Phase 6 - RigBoard\Production Database Data\companies.csv,,
,,Phase 6 - RigBoard\Production Database Data\employees.sql,,
,,Phase 6 - RigBoard\Production Database Data\job_types.csv,,
,,Phase 60 - Migration Upgrade\Database,,
,,Phase 60 - Migration Upgrade\TestCase_2023 Build Blend Library -- E-Program.xlsx,,
,,Phase 60 - Migration Upgrade\TestCase_2023 Build Blend Library--E-Online.xlsx,,
,,Phase 60 - Migration Upgrade\TestCase_2023 Split Print Library.xlsx,,
,,Phase 60 - Migration Upgrade\Upgrade release tasks.md,,
,,Phase 60 - Migration Upgrade\Database\Database_Update.sql,,
,,Phase 61 - 2023 Q3 Sustainment Project\Database,,
,,Phase 61 - 2023 Q3 Sustainment Project\e-Service Change Status Flow.md,,
,,Phase 61 - 2023 Q3 Sustainment Project\eService Job Performance Changes - 2023.xlsx,,
,,Phase 61 - 2023 Q3 Sustainment Project\eService Job Performance Changes - 2023_mapping.xlsx,,
,,Phase 61 - 2023 Q3 Sustainment Project\Requirement,,
,,Phase 61 - 2023 Q3 Sustainment Project\Test Cases,,
,,Phase 61 - 2023 Q3 Sustainment Project\Database\Database_Update.sql,,
,,Phase 61 - 2023 Q3 Sustainment Project\Database\Insert_process_Script.sql,,
,,Phase 61 - 2023 Q3 Sustainment Project\Requirement\eService.Job.Performance.Changes.-.2023 -1 - Copy.xlsx,,
,,Phase 61 - 2023 Q3 Sustainment Project\Requirement\eService.Job.Performance.Changes.-.2023 -1.xlsx,,
,,Phase 61 - 2023 Q3 Sustainment Project\Test Cases\TestCase_2023_Sanjel e-Service.xlsx,,
,,Phase 62 - eServiceExpress ChangeRequest\Database,,
,,Phase 62 - eServiceExpress ChangeRequest\Database\Database_Update.sql,,
,,Phase 63 - Product Haul clean up\Activity_Guideline.md,,
,,Phase 63 - Product Haul clean up\Analysis & Design,,
,,Phase 63 - Product Haul clean up\Complexity Matrix Analysis.md,,
,,Phase 63 - Product Haul clean up\Database,,
,,Phase 63 - Product Haul clean up\DRB User Manual - Ops Manager.docx,,
,,Phase 63 - Product Haul clean up\Investigation.sql,,
,,Phase 63 - Product Haul clean up\Logistics Discussion.docx,,
,,Phase 63 - Product Haul clean up\Logistics Workflow.pptx,,
,,Phase 63 - Product Haul clean up\Product Haul Clean up.md,,
,,Phase 63 - Product Haul clean up\Test Case,,
,,Phase 63 - Product Haul clean up\UI Mock,,
,,Phase 63 - Product Haul clean up\Use Case,,
,,Phase 63 - Product Haul clean up\Work Flow analysis.md,,
,,Phase 63 - Product Haul clean up\Analysis & Design\Back Haul.md,,
,,Phase 63 - Product Haul clean up\Analysis & Design\Blend request Scenarios_with_prototype.docx,,
,,Phase 63 - Product Haul clean up\Analysis & Design\Blend request Scenarios_with_prototype_review.docx,,
,,Phase 63 - Product Haul clean up\Analysis & Design\Crew assignment not shown on Job Board - DRB display.md,,
,,Phase 63 - Product Haul clean up\Analysis & Design\EDPS,,
,,Phase 63 - Product Haul clean up\Analysis & Design\Haul Blend from Blend Request.md,,
,,Phase 63 - Product Haul clean up\Analysis & Design\Haul Blend_Template.md,,
,,Phase 63 - Product Haul clean up\Analysis & Design\Product Haul Improvement Plan.md,,
,,Phase 63 - Product Haul clean up\Analysis & Design\ProductHaulDomainModel_v2.md,,
,,Phase 63 - Product Haul clean up\Analysis & Design\Task Dependency.md,,
,,Phase 63 - Product Haul clean up\Analysis & Design\~$end request Scenarios_with_prototype.docx,,
,,Phase 63 - Product Haul clean up\Analysis & Design\EDPS\Haul Blend.md,,
,,Phase 63 - Product Haul clean up\Analysis & Design\EDPS\Haul Blend.xlsx,,
,,Phase 63 - Product Haul clean up\Analysis & Design\EDPS\Use Case Sample2021-1-19.xlsx,,
,,Phase 63 - Product Haul clean up\Database\Database_Update.sql,,
,,Phase 63 - Product Haul clean up\Test Case\API Test,,
,,Phase 63 - Product Haul clean up\Test Case\bug,,
,,Phase 63 - Product Haul clean up\Test Case\Cancel Blend,,
,,Phase 63 - Product Haul clean up\Test Case\DRB,,
,,Phase 63 - Product Haul clean up\Test Case\Execution Plan.xlsx,,
,,Phase 63 - Product Haul clean up\Test Case\Haul Blend,,
,,Phase 63 - Product Haul clean up\Test Case\Load Blend to Bin,,
,,Phase 63 - Product Haul clean up\Test Case\Load Blend to Bulker,,
,,Phase 63 - Product Haul clean up\Test Case\Notes,,
,,Phase 63 - Product Haul clean up\Test Case\OnLocation,,
,,Phase 63 - Product Haul clean up\Test Case\Phase 63,,
,,Phase 63 - Product Haul clean up\Test Case\Reschedule Blend,,
,,Phase 63 - Product Haul clean up\Test Case\ReSchedule Product Haul,,
,,Phase 63 - Product Haul clean up\Test Case\Schedule Blend,,
,,Phase 63 - Product Haul clean up\Test Case\Schedule Product Haul,,
,,Phase 63 - Product Haul clean up\Test Case\TestCase_BulkPlant.xlsx,,
,,Phase 63 - Product Haul clean up\Test Case\TestCase_RigBoard.xlsx,,
,,Phase 63 - Product Haul clean up\Test Case\Transfer Blend,,
,,Phase 63 - Product Haul clean up\Test Case\Update BIN Notes of BIN column,,
,,Phase 63 - Product Haul clean up\Test Case\Update Notes column on Rig Board,,
,,Phase 63 - Product Haul clean up\Test Case\API Test\TestCase_API  Test_ Blend Checking Alert in product haul127.xlsx,,
,,Phase 63 - Product Haul clean up\Test Case\bug\Bug108.xlsx,,
,,Phase 63 - Product Haul clean up\Test Case\Cancel Blend\TestCase_CancelBlend.xlsx,,
,,Phase 63 - Product Haul clean up\Test Case\DRB\TestCase_DRB.xlsx,,
,,Phase 63 - Product Haul clean up\Test Case\Haul Blend\TestCase_Bulk Plant.xlsx,,
,,Phase 63 - Product Haul clean up\Test Case\Haul Blend\TestCase_RigBoard.xlsx,,
,,Phase 63 - Product Haul clean up\Test Case\Load Blend to Bin\TestCase_Load Blend to Bin.xlsx,,
,,Phase 63 - Product Haul clean up\Test Case\Load Blend to Bulker\TestCase_Load Blend to Bulker.xlsx,,
,,Phase 63 - Product Haul clean up\Test Case\Notes\Notes.xlsx,,
,,Phase 63 - Product Haul clean up\Test Case\OnLocation\TestCase_OnLocation Product Haul.xlsx,,
,,Phase 63 - Product Haul clean up\Test Case\Phase 63\TestCase_Extend Base Blend Dropdown List Width.xlsx,,
,,Phase 63 - Product Haul clean up\Test Case\Phase 63\TestCase_Mosquitto.xlsx,,
,,Phase 63 - Product Haul clean up\Test Case\Reschedule Blend\TestCase_Reschedule Blend Request.xlsx,,
,,Phase 63 - Product Haul clean up\Test Case\ReSchedule Product Haul\TestCase_Reschedule Product Haul.xlsx,,
,,Phase 63 - Product Haul clean up\Test Case\Schedule Blend\TestCase_Schedule Blend on BIN of Bulk Plant.xlsx,,
,,Phase 63 - Product Haul clean up\Test Case\Schedule Blend\TestCase_Schedule Blend on Blend of Rig Board.xlsx,,
,,Phase 63 - Product Haul clean up\Test Case\Schedule Blend\~$TestCase_Schedule Blend on BIN of Rig Board.xlsx,,
,,Phase 63 - Product Haul clean up\Test Case\Schedule Product Haul\TestCase_Schedule Product Haul.xlsx,,
,,Phase 63 - Product Haul clean up\Test Case\Schedule Product Haul\~$TestCase_Schedule Product Haul.xlsx,,
,,Phase 63 - Product Haul clean up\Test Case\Transfer Blend\TestCase_Transfer Blend.xlsx,,
,,Phase 63 - Product Haul clean up\Test Case\Update BIN Notes of BIN column\Test Case_ Update Bin Notes.xlsx,,
,,Phase 63 - Product Haul clean up\Test Case\Update Notes column on Rig Board\TestCase_Update NOTES informtion on Rig Board.xlsx,,
,,Phase 63 - Product Haul clean up\UI Mock\AddBulkerToBulkPlantBoard.png,,
,,Phase 63 - Product Haul clean up\UI Mock\Adjusting blend amount.png,,
,,Phase 63 - Product Haul clean up\UI Mock\BinInformationDescription_not_correct.png,,
,,Phase 63 - Product Haul clean up\UI Mock\BulkPlantBoard.png,,
,,Phase 63 - Product Haul clean up\UI Mock\BulkPlantBoard1.png,,
,,Phase 63 - Product Haul clean up\UI Mock\HaulBlendFromBulkPlantBIN bug.png,,
,,Phase 63 - Product Haul clean up\UI Mock\Haul_Blend_In_Bin.png,,
,,Phase 63 - Product Haul clean up\UI Mock\Haul_Blend_In_Bin_2.png,,
,,Phase 63 - Product Haul clean up\UI Mock\LoadToBulkerImprovement.png,,
,,Phase 63 - Product Haul clean up\UI Mock\Load_To_Bulker_BP.png,,
,,Phase 63 - Product Haul clean up\UI Mock\MetaShare tasks Oct 7 - Oct 13.md,,
,,Phase 63 - Product Haul clean up\UI Mock\MPC.png,,
,,Phase 63 - Product Haul clean up\UI Mock\Product Haul Clean Up Items.md,,
,,Phase 63 - Product Haul clean up\UI Mock\UpdateBlendingStatus.png,,
,,Phase 63 - Product Haul clean up\Use Case\Back Haul.md,,
,,Phase 63 - Product Haul clean up\Use Case\Load Blend to Bulker.md,,
,,Phase 63 - Product Haul clean up\Use Case\On location.md,,
,,Phase 63 - Product Haul clean up\Use Case\Rescheduled Product Haul.md,,
,,Phase 63 - Product Haul clean up\Use Case\Scheduled Product Haul.md,,
,,Phase 63 - Product Haul clean up\Use Case\Transfer Blend.md,,
,,Phase 64 - DRB Q3 2023\Database Script for DRB deployment.md,,
,,Phase 65 -  Mar 2024\COR4 Rate WITS UI.mp4,,
,,Phase 65 -  Mar 2024\Corilis_Rate.JPG,,
,,Phase 65 -  Mar 2024\Development_ProcessV3-English.md,,
,,Phase 65 -  Mar 2024\DRB - Job Board.md,,
,,Phase 65 -  Mar 2024\Excess_Import.png,,
,,Phase 65 -  Mar 2024\WITS.png,,
,,Phase 66 - Product Haul V3\Bulker_on_Bulk_Plant_Board.md,,
,,Phase 66 - Product Haul V3\Logistics Discussion_Rev3_0718.docx,,
,,Phase 66 - Product Haul V3\Logistics Discussion_Rev3_Adam_240222.docx,,
,,Phase 66 - Product Haul V3\Logistics_techincal_task_breakdown.md,,
,,Phase 66 - Product Haul V3\PM process review.md,,
,,Phase 66 - Product Haul V3\~$gistics Discussion_Rev3_Adam_240222.docx,,
,,Phase 67 - Apr 2024\.$PLC Data upgrade.drawio.bkp,,
,,Phase 67 - Apr 2024\Apr 2024 Tasks.md,,
,,Phase 67 - Apr 2024\PLC Data upgrade.drawio,,
,,Phase 67 - Apr 2024\PLC Data upgrade.png,,
,,Phase 67 - Apr 2024\ProjectManagement,,
,,Phase 67 - Apr 2024\ProjectManagement\ExpressDatabaseSample,,
,,Phase 67 - Apr 2024\ProjectManagement\MetaShare Project Statement April 2024- Plan.xlsx,,
,,Phase 67 - Apr 2024\ProjectManagement\~$MetaShare Project Statement April 2024- Plan.xlsx,,
,,Phase 67 - Apr 2024\ProjectManagement\ExpressDatabaseSample\Config.db,,
,,Phase 67 - Apr 2024\ProjectManagement\ExpressDatabaseSample\PlcData.db,,
,,Phase 68 - May 2024\MetaShare Project Statement May 2024- Plan.xlsx,,
,,Phase 69 - June 2024\MetaShare Project Statement June 2024- Plan.xlsx,,
,,Phase 7 - Rig Board Phase 2\Bin Assignmen Design.docx,,
,,Phase 7 - Rig Board Phase 2\Database Script,,
,,Phase 7 - Rig Board Phase 2\Dispatch Software Scope Statement - Phase 2.docx,,
,,Phase 7 - Rig Board Phase 2\eService Online Security Control Requirement.docx,,
,,Phase 7 - Rig Board Phase 2\Fatal Bug.docx,,
,,Phase 7 - Rig Board Phase 2\Rig Board Feedback-180105.docx,,
,,Phase 7 - Rig Board Phase 2\Rig Job Design.docx,,
,,Phase 7 - Rig Board Phase 2\Test Data,,
,,Phase 7 - Rig Board Phase 2\Upcoming Jobs Mockup.xlsm,,
,,Phase 7 - Rig Board Phase 2\User Feedback 171207.docx,,
,,Phase 7 - Rig Board Phase 2\Database Script\AccessRecord.sql,,
,,Phase 7 - Rig Board Phase 2\Database Script\BinAssignment.sql,,
,,Phase 7 - Rig Board Phase 2\Database Script\ContractorCompany_Data.sql,,
,,Phase 7 - Rig Board Phase 2\Database Script\Create Test Table.sql,,
,,Phase 7 - Rig Board Phase 2\Database Script\createprocedure.sql,,
,,Phase 7 - Rig Board Phase 2\Database Script\Eliminate_multiple_listed_record_for_one_rig.sql,,
,,Phase 7 - Rig Board Phase 2\Database Script\Rig_listed_verification.sql,,
,,Phase 7 - Rig Board Phase 2\Database Script\security_groups.sql,,
,,Phase 7 - Rig Board Phase 2\Database Script\security_group_permissions.sql,,
,,Phase 7 - Rig Board Phase 2\Database Script\security_permissions.sql,,
,,Phase 7 - Rig Board Phase 2\Database Script\Test_archive_stored_procedures.sql,,
,,Phase 7 - Rig Board Phase 2\Database Script\UpdateSql.sql,,
,,Phase 7 - Rig Board Phase 2\Database Script\update_producthaul.sql,,
,,Phase 7 - Rig Board Phase 2\Test Data\CallSheet1077889,,
,,Phase 7 - Rig Board Phase 2\Test Data\CallSheet1077889\1077889.xml,,
,,Phase 70 - July 2024 - eServiceExpress Upgrade\Database Script,,
,,Phase 70 - July 2024 - eServiceExpress Upgrade\MetaShare Project Statement July 2024- Plan.xlsx,,
,,Phase 70 - July 2024 - eServiceExpress Upgrade\Database Script\LocalData.sql,,
,,Phase 70 - July 2024 - eServiceExpress Upgrade\Database Script\PlcDataStaging.sql,,
,,Phase 71 - Security Management\Data mapping.xlsx,,
,,Phase 71 - Security Management\DataImportScript.sql,,
,,Phase 8 - Upcoming Jobs\Upcoming Jobs Mockup.xlsm,,
,,Phase 9\Job Alert,,
,,Phase 9\Product Haul V2,,
,,Phase 9\Rigboard Functionalities developed in 2019.docx,,
,,Phase 9\Job Alert\Create Job Alert.gif,,
,,Phase 9\Job Alert\Create_Job_Alert_Entrance.gif,,
,,Phase 9\Job Alert\Job Alert on Rig Board.gif,,
,,Phase 9\Product Haul V2\Product Conceptual Model - Moved to design - Donnot update.vsdx,,
,,Phase 9\Product Haul V2\reschedule_product_haul_load.gif,,
,,Phase 9\Product Haul V2\reschedule_product_haul_load_2.gif,,
,,Phase 9\Product Haul V2\Schedule Product Haul.gif,,
,,Reference Document\1 ServiceAPI.pdf,,
,,Reference Document\SCS 07A - Cementing_18 Jun 2018.pdf,,
,,Report Guideline\Graphic Standards Manual -Oct. 2016.pdf,,
,,Report Guideline\PB_PridebyPerformance.png,,
,,Report Guideline\Samples,,
,,Report Guideline\Sanjel-ES-logo-CMYK.tif,,
,,Report Guideline\Sanjel-ES-logo-K.tif,,
,,Report Guideline\Samples\bonusheet.pdf,,
,,Report Guideline\Samples\load_sheet_requirement.png,,
,,Report Guideline\Samples\PriceBook_170721.pdf,,
,,Report Guideline\Samples\ServiceTicket.pdf,,
,,Report Guideline\Samples\sevicereport.pdf,,
,,Requirement - ??\Execution  on April 21.docx,,
,,Sanjel Process Document\1 - Supervisor 1_CB_May 2018_R2.pptx,,
,,Sanjel Process Document\Sanjel 101 Overview Presentation.ppt.pptx,,
,,Sanjel Process Document\SCS 07A - Cementing 1.2.pdf,,
,,SanjelModelDatabaseChange\SanjelData.mmcCode,,
