ID,NAME,ADDRESS_STREET,ADDRESS_STREET2,ADDRESS_STREET3,ADDRESS_STREET4,ADDRESS_CITY,ADDRESS_POSTAL_ZIP,ADDRESS_PROV_STATE_ID,BILLING_ADDRESS_STREET,BILLING_ADDRESS_STREET2,BILLING_ADDRESS_STREET3,BILLING_ADDRESS_STREET4,BILLING_ADDRESS_CITY,BILLING_ADDRESS_POSTAL_ZIP,BILLING_ADDRESS_PROV_STATE_ID,RIG_PREFIX,VERSION,LAST_MODIFIED_USER_ID,LAST_MODIFIED_USER_NAME,LAST_MODIFIED_DATE_TIME,LAST_OPERATION_TYPE,EFFECTIVE_START_DATE_TIME,EFFECTIVE_END_DATE_TIME,IS_COD_CUSTOMER,SANJEL_COMPANY_ID,SHORT_NAME
"5,000",Zargon Oil & Gas Ltd.,"700, 333 - 5th Avenue SW",,,,Calgary,T2P 3B6,1,"700, 333 - 5th Avenue SW",,,,Calgary,T2P 3B6,1,,2,0,,6/24/2016 3:46:14.000000000 PM,3,01/01/2001 00:00:00,12/31/1999 00:00:00,0,1,Zargon
"4,908",Yoho Resources Partnership,"500, 521 - 3rd Avenue SW",,,,Calgary,T2P 3T3,1,"500, 521 - 3rd Avenue SW",,,,Calgary,T2P 3T3,1,,6,0,,10/31/2016 2:55:34.000000000 PM,3,01/01/2001 00:00:00,12/31/1999 00:00:00,0,1,Yoho
"4,905",Yangarra Resources Ltd.,"1530, 715 - 5th Avenue SW",,,,Calgary,T2P 2X6,1,"1530, 715 - 5th Avenue SW",,,,Calgary,T2P 2X6,1,1285,7,0,,6/24/2016 3:46:14.000000000 PM,3,01/01/2001 00:00:00,12/31/1999 00:00:00,0,1,Yangarra
"30,134",Xtreme Coil Drilling Corp.,,,,,,,1,,,,,,,1,,1,"29,747",awang,10/26/2016 4:05:12.000000000 PM,3,01/01/2001 00:00:00,12/31/1999 00:00:00,0,1,Xtreme Coil
"10,369",XTO Energy Canada,"Suite 600, 321 6th Avenue SW",,,,Calgary,T2P 3H3,1,"Suite 600, 321 6th Avenue SW",,,,Calgary,T2P 3H3,1,,3,0,,6/24/2016 3:46:14.000000000 PM,3,01/01/2001 00:00:00,12/31/1999 00:00:00,0,1,XTO 
"4,941",Wyatt Oil & Gas Inc.,"1410, 396 - 11th Avenue SW",,,,Calgary,T2R 0C5,1,"1410, 396 - 11th Avenue SW",,,,Calgary,T2R 0C5,1,,3,0,,6/24/2016 3:46:14.000000000 PM,3,01/01/2001 00:00:00,12/31/1999 00:00:00,0,1,Wyatt 
"10,419",WSP Canada Inc.,"5940 Macleod Trail SW, Suite 900",,,,Calgary,T2H 2G4,1,"5940 Macleod Trail SW, Suite 900",,,,Calgary,T2H 2G4,1,,5,0,,6/24/2016 3:46:14.000000000 PM,3,01/01/2001 00:00:00,12/31/1999 00:00:00,0,1,WSP 
"4,895",Wolf Coulee Resources Inc.,"2410, 500 - 4th Avenue SW",,,,Calgary,T2P 2V6,1,"2410, 500 - 4th Avenue SW",,,,Calgary,T2P 2V6,1,,7,0,,6/24/2016 3:46:14.000000000 PM,3,01/01/2001 00:00:00,12/31/1999 00:00:00,1,1,Wold Coulee
"4,939",Whitecap Resources Inc.,"3800, 525 - 8 Ave SW",,,,Calgary,T2P 1G1,1,"3800, 525 - 8 Ave SW",,,,Calgary,T2P 1G1,1,,8,0,,6/24/2016 3:46:14.000000000 PM,3,01/01/2001 00:00:00,12/31/1999 00:00:00,0,1,Whitecap 
"10,387",Western Union Petro (Canada) Technology Co. Ltd.,"Suite 115, BP Centre 240 - 4 Avenue SW",,,,Calgary,T2P 4H4,1,"Suite 115, BP Centre 240 - 4 Avenue SW",,,,Calgary,T2P 4H4,1,,3,0,,6/24/2016 3:46:14.000000000 PM,3,01/01/2001 00:00:00,12/31/1999 00:00:00,0,1,Western Union 
"4,936",Western Star North,15205 - 112 Avenue NW,,,,Edmonton,T5M 2V7,1,15205 - 112 Avenue NW,,,,Edmonton,T5M 2V7,1,,2,0,,6/24/2016 3:46:14.000000000 PM,3,01/01/2001 00:00:00,12/31/1999 00:00:00,1,1,Western Star North
"10,252",Westbrick Energy Ltd.,"2500, 255 - 5th Ave SW",,,,Calgary,T2P 3G6,1,"2500, 255 - 5th Ave SW",,,,Calgary,T2P 3G6,1,,5,0,,10/27/2016 11:12:01.000000000 AM,3,01/01/2001 00:00:00,12/31/1999 00:00:00,0,1,Westbrick
"10,405",WAJAX Power Systems,"4343-114 Avenue SE
",,,,Calgary,T2Z 3M5,1,"4343-114 Avenue SE
",,,,Calgary,T2Z 3M5,1,,4,0,,6/24/2016 3:46:14.000000000 PM,3,01/01/2001 00:00:00,12/31/1999 00:00:00,0,1,WAJAX 
"30,218",Vortex Drilling Ltd.,,,,,,,,,,,,,,,,2,"29,747",awang,10/26/2016 4:31:28.000000000 PM,3,01/01/2001 00:00:00,12/31/1999 00:00:00,0,1,Vortex 
"1,793",Vital Energy Inc.,"Suite 500, 940 - 6th Avenue SW",,,,Calgary,T2P 3T1,1,"Suite 500, 940 - 6th Avenue SW",,,,Calgary,T2P 3T1,1,,3,0,,6/24/2016 3:46:14.000000000 PM,3,01/01/2001 00:00:00,12/31/1999 00:00:00,0,1,Vital
"10,492",Virginia Hills Oil Corp.,"1500, 202 - 6th Ave SW",,,,Calgary,T2P 2R9,1,"1500, 202 - 6th Ave SW",,,,Calgary,T2P 2R9,1,,4,0,,6/24/2016 3:46:14.000000000 PM,3,01/01/2001 00:00:00,12/31/1999 00:00:00,1,1,Virginia Hills 
"4,788",Villanova 4 Oil Corp.,Box 35,,,,Griffin, S0C 1G0,12,Box 35,,,,Griffin, S0C 1G0,12,,6,0,,10/27/2016 10:56:31.000000000 AM,3,01/01/2001 00:00:00,12/31/1999 00:00:00,0,1,Villanova 
"4,700",Vermilion Energy Trust,"Centennial Place
3500, 520 - 3rd Avenue SW",,,,Calgary,T2P 0R3,1,"Centennial Place
3500, 520 - 3rd Avenue SW",,,,Calgary,T2P 0R3,1,,5,0,,6/24/2016 3:46:14.000000000 PM,3,01/01/2001 00:00:00,12/31/1999 00:00:00,0,1,Vermilion
"10,333",Venturion Oil Limited,"#1600, 500-4th Ave SW",,,,Calgary,T2P 2V6,1,"#1600, 500-4th Ave SW",,,,Calgary,T2P 2V6,1,,4,0,,6/24/2016 3:46:14.000000000 PM,3,01/01/2001 00:00:00,12/31/1999 00:00:00,0,1,Venturion 
"30,193",Ventura Resources Inc,"3300, 308 - 4th Avenue SW",,,,Calgary,T2P 0H7,1,"3300, 308 - 4th Avenue SW",,,,Calgary,T2P 0H7,1,,5,"29,747",awang,9/30/2016 6:39:26.000000000 PM,3,01/01/2001 00:00:00,12/31/1999 00:00:00,0,1,Ventura
"10,344",Velvet Energy Ltd.,"Suite 1500, 308 - 4th Ave SW",,,,Calgary,T2P 0H7,1,"Suite 1500, 308 - 4th Ave SW",,,,Calgary,T2P 0H7,1,,5,0,,6/24/2016 3:46:14.000000000 PM,3,01/01/2001 00:00:00,12/31/1999 00:00:00,0,1,Velvet
"4,841",Vale Potash Canada Ltd.,1874 Scarth St,,,,Regina,S4P 4B3,12,1874 Scarth St,,,,Regina,S4P 4B3,12,,8,0,,6/24/2016 3:46:14.000000000 PM,3,01/01/2001 00:00:00,12/31/1999 00:00:00,1,1,Vale PC
"4,665",UGR Blair Creek Ltd.,"700, 736 - 8th Avenue SW",,,,Calgary,T2P 1H4,1,"700, 736 - 8th Avenue SW",,,,Calgary,T2P 1H4,1,1285,5,0,,11/16/2016 3:54:01.000000000 PM,3,01/01/2001 00:00:00,12/31/1999 00:00:00,0,1,UGR 
"4,644",Twin Butte Energy Ltd.,"410, 396 - 11th Avenue SW",,,,Calgary,T2R 0C5,1,"410, 396 - 11th Avenue SW",,,,Calgary,T2R 0C5,1,,3,0,,6/24/2016 3:46:14.000000000 PM,3,01/01/2001 00:00:00,12/31/1999 00:00:00,1,1,#N/A
"30,214",Twilight Drilling Ltd.,,,,,,,,,,,,,,,,2,"29,747",awang,10/26/2016 4:31:46.000000000 PM,3,01/01/2001 00:00:00,12/31/1999 00:00:00,0,1,Twilight 
"4,630",Tuscany Energy Ltd.,"1800, 633 - 6th Avenue SW",,,,Calgary,T2P 2Y5,1,"1800, 633 - 6th Avenue SW",,,,Calgary,T2P 2Y5,1,,4,0,,6/24/2016 3:46:14.000000000 PM,3,01/01/2001 00:00:00,12/31/1999 00:00:00,0,1,Tuscany
"30,223",Turnstone Energy Inc.,,,,,,,,,,,,,,,,2,0,,11/3/2016 2:48:31.000000000 PM,3,01/01/2001 00:00:00,12/31/1999 00:00:00,0,1,Turnstone 
"4,536",Tundra Oil & Gas Partnership,1700 - one Lombard Place,,,,Winnipeg,R3B 0X3,3,1700 - one Lombard Place,,,,Winnipeg,R3B 0X3,3,,4,0,,6/24/2016 3:46:14.000000000 PM,3,01/01/2001 00:00:00,12/31/1999 00:00:00,0,1,Tundra
"4,447",Tristar Resource Management Ltd.,"800, 815 - 8th Avenue SW",,,,Calgary,T2P 3P2,1,"800, 815 - 8th Avenue SW",,,,Calgary,T2P 3P2,1,,4,0,,6/24/2016 3:46:14.000000000 PM,3,01/01/2001 00:00:00,12/31/1999 00:00:00,0,1,Tristar
"10,463",Trinidad Drilling Ltd.,"1000, 585 8th Ave SW",,,,Calgary,T2P 1G1,1,"1000, 585 8th Ave SW",,,,Calgary,T2P 1G1,1,,6,"1,001,376",pdoeleman,9/1/2016 3:36:29.000000000 PM,3,01/01/2001 00:00:00,12/31/1999 00:00:00,1,1,Trinidad 
"4,614",Trilogy Energy LP,"1400, 332 - 6th Avenue SW",,,,Calgary,T2P 0B2,1,"1400, 332 - 6th Avenue SW",,,,Calgary,T2P 0B2,1,,9,0,,6/24/2016 3:46:14.000000000 PM,3,01/01/2001 00:00:00,12/31/1999 00:00:00,0,1,#N/A
"10,373",Triland Energy Inc.,1210-396 11 Avenue SW,,,,Calgary,T2R 0C5,1,1210-396 11 Avenue SW,,,,Calgary,T2R 0C5,1,,4,0,,6/24/2016 3:46:14.000000000 PM,3,01/01/2001 00:00:00,12/31/1999 00:00:00,0,1,Triland
"30,128",Treo Drilling Company LP,,,,,,,12,,,,,,,12,,2,"29,747",awang,10/26/2016 3:59:20.000000000 PM,3,01/01/2001 00:00:00,12/31/1999 00:00:00,0,1,Treo
"10,272",Town of Elrose,400-441 5 Avenue SW,,,,Calgary,T2P 2V1,1,400-441 5 Avenue SW,,,,Calgary,T2P 2V1,1,,4,0,,6/24/2016 3:46:14.000000000 PM,3,01/01/2001 00:00:00,12/31/1999 00:00:00,1,1,Elrose
"4,668",Tourmaline Oil Corp.,"3700, 250 - 6th Avenue SW",,,,Calgary,T2P 3H7,1,"3700, 250 - 6th Avenue SW",,,,Calgary,T2P 3H7,1,,8,0,,12/6/2016 2:23:31.000000000 PM,3,01/01/2001 00:00:00,12/31/1999 00:00:00,0,1,Tourmaline
"10,483",Toro Oil and Gas Ltd.,"2200, 250 5th St SW",,,,Calgary,T2P 0R4,1,"2200, 250 5th St SW",,,,Calgary,T2P 0R4,1,,3,0,,6/24/2016 3:46:14.000000000 PM,3,01/01/2001 00:00:00,12/31/1999 00:00:00,0,1,Toro 
"4,687",TORC Oil & Gas Ltd.,"1800, 525 - 8th Avenue SW",,,,Calgary,T2P 1G1,1,"1800, 525 - 8th Avenue SW",,,,Calgary,T2P 1G1,1,,4,0,,6/24/2016 3:46:14.000000000 PM,3,01/01/2001 00:00:00,12/31/1999 00:00:00,1,1,TORC 
"10,545",Todd Energy Canada Ltd.,"3100, 500 – 4th Ave SW",,,,Calgary,T2P 2V6,1,"3100, 500 – 4th Ave SW",,,,Calgary,T2P 2V6,1,,6,0,,6/24/2016 3:46:14.000000000 PM,3,01/01/2001 00:00:00,12/31/1999 00:00:00,0,1,Todd
"30,233",Tidewater Midstream and Infrastructure Ltd.,"1500, 250-2nd Street SW",,,,Calgary,T2P 0C1,1,"1500, 250-2nd Street SW",,,,Calgary,T2P 0C1,1,,2,0,,12/21/2016 10:18:01.000000000 AM,3,01/01/2001 00:00:00,12/31/1999 00:00:00,0,1,Tidewater 
"4,693",Thru Tubing Solutions,"1210, 540 5th Ave SW",,,,Calgary,T2P 0M2,1,"1210, 540 5th Ave SW",,,,Calgary,T2P 0M2,1,,6,0,,6/24/2016 3:46:14.000000000 PM,3,01/01/2001 00:00:00,12/31/1999 00:00:00,0,1,Thru Tubing
"10,533",The Crossing Company Incorporated,1807 8 Street,,,,Nisku,T9E 7S8,1,1807 8 Street,,,,Nisku,T9E 7S8,1,,3,0,,6/24/2016 3:46:14.000000000 PM,3,01/01/2001 00:00:00,12/31/1999 00:00:00,0,1,Crossing Company
"4,685",Tetonka Resources Inc.,"2600, 144 - 4th Avenue SW",,,,Calgary,T2P 3N4,1,"2600, 144 - 4th Avenue SW",,,,Calgary,T2P 3N4,1,,4,0,,6/24/2016 3:46:14.000000000 PM,3,01/01/2001 00:00:00,12/31/1999 00:00:00,0,1,Tetonka 
"10,447",Term Oil Inc.,2027 Edgar St,,,,Regina,S4N 3K5,12,2027 Edgar St,,,,Regina,S4N 3K5,12,,10,"29,747",awang,7/27/2016 3:50:28.000000000 PM,3,01/01/2001 00:00:00,12/31/1999 00:00:00,1,1,Term Oil 
"30,123",Tempco Drilling Company Inc.,,,,,,,1,,,,,,,1,,1,"29,747",awang,10/26/2016 3:57:55.000000000 PM,3,01/01/2001 00:00:00,12/31/1999 00:00:00,0,1,Tempco
"4,682",Teine Energy Ltd.,"2300, 520 - 3rd Avenue SW",,,,Calgary,T2P 0R3,1,"2300, 520 - 3rd Avenue SW",,,,Calgary,T2P 0R3,1,,6,0,,6/24/2016 3:46:14.000000000 PM,3,01/01/2001 00:00:00,12/31/1999 00:00:00,0,1,Teine
"4,654",TAQA North Ltd.,"2100, 308 - 4th Ave SW",,,,Calgary,T2P 0H7,1,"2100, 308 - 4th Ave SW",,,,Calgary,T2P 0H7,1,,4,0,,6/24/2016 3:46:14.000000000 PM,3,01/01/2001 00:00:00,12/31/1999 00:00:00,0,1,TAQA
"4,499",Tangle Creek Energy Ltd.,"1400, 715 - 5th Avenue SW",,,,Calgary,T2P 2X6,1,"1400, 715 - 5th Avenue SW",,,,Calgary,T2P 2X6,1,,7,0,,11/3/2016 5:50:32.000000000 PM,3,01/01/2001 00:00:00,12/31/1999 00:00:00,0,1,Tangle Creek 
"10,472",Tamarack Valley Energy Ltd.,"3100, 250 - 6th Ave SW",,,,Calgary,T2P 3H7,1,"3100, 250 - 6th Ave SW",,,,Calgary,T2P 3H7,1,,5,0,,6/24/2016 3:46:14.000000000 PM,3,01/01/2001 00:00:00,12/31/1999 00:00:00,0,1,Tamarack 
"10,244",Taku Gas Ltd.,"450, 707 - 7th Avenue SW",,,,Calgary,T2P 3H6,1,"450, 707 - 7th Avenue SW",,,,Calgary,T2P 3H6,1,,4,0,,6/24/2016 3:46:14.000000000 PM,3,01/01/2001 00:00:00,12/31/1999 00:00:00,0,1,Taku 
"4,467",Sydco Energy Inc.,400 620 12 Ave SW,,,,Calgary,T2R 0H5,1,400 620 12 Ave SW,,,,Calgary,T2R 0H5,1,,4,0,,6/24/2016 3:46:14.000000000 PM,3,01/01/2001 00:00:00,12/31/1999 00:00:00,1,1,Sydco
"5,001",Surge Energy Inc.,"2100, 635 - 8th Avenue SW",,,,Calgary,T2P 3M3,1,"2100, 635 - 8th Avenue SW",,,,Calgary,T2P 3M3,1,,6,0,,11/11/2016 7:26:32.000000000 AM,3,01/01/2001 00:00:00,12/31/1999 00:00:00,0,1,Surge
"4,226",Suncor Energy Oil Sands Limited Partnership,"Box 38
112 - 4th Avenue SW",,,,Calgary,T2P 2V5,1,"Box 38
112 - 4th Avenue SW",,,,Calgary,T2P 2V5,1,,6,0,,6/24/2016 3:46:14.000000000 PM,3,01/01/2001 00:00:00,12/31/1999 00:00:00,0,1,Suncor
"4,462",Suncor Energy Inc.,P.O. Box 38,,,,Calgary,T2P 2V5,1,P.O. Box 38,,,,Calgary,T2P 2V5,1,,4,0,,6/24/2016 3:46:14.000000000 PM,3,01/01/2001 00:00:00,12/31/1999 00:00:00,0,1,Suncor
"4,197",Success Resources Ltd.,Box 1042,,,,Brooks,T1R 1B8,1,Box 1042,,,,Brooks,T1R 1B8,1,,5,0,,6/24/2016 3:46:14.000000000 PM,3,01/01/2001 00:00:00,12/31/1999 00:00:00,1,1,Success
"1,998",Striker Exploration Corp.,"1250, 645 - 7 Ave SW",,,,Calgary,T2P 4G8,1,"1250, 645 - 7 Ave SW",,,,Calgary,T2P 4G8,1,,6,0,,6/24/2016 3:46:14.000000000 PM,3,01/01/2001 00:00:00,12/31/1999 00:00:00,0,1,Striker
"4,477",Strategic Oil & Gas Ltd.,"Suite 1100, 645 – 7th Avenue SW",,,,Calgary,T2P 4G8,1,"Suite 1100, 645 – 7th Avenue SW",,,,Calgary,T2P 4G8,1,,10,0,,6/24/2016 3:46:14.000000000 PM,3,01/01/2001 00:00:00,12/31/1999 00:00:00,0,1,Strategic 
"30,230",Stewart Steel,PO Box 1087,,,,Weyburn,S4H 2L3,12,PO Box 1087,,,,Weyburn,S4H 2L3,12,,1,0,,12/5/2016 4:44:01.000000000 PM,1,01/01/2001 00:00:00,12/31/1999 00:00:00,0,1,Stewart 
"10,441",Steppe Petroleum Inc.,"450, 440-2nd Ave SW",,,,Calgary,T2P 5E9,1,"450, 440-2nd Ave SW",,,,Calgary,T2P 5E9,1,,7,0,,11/18/2016 10:41:01.000000000 AM,3,01/01/2001 00:00:00,12/31/1999 00:00:00,0,1,Steppe 
"30,221",STEP Energy Services Ltd.,"300, 505 - 3rd Street SW",,,,Calgary,T2P 3E6,1,"300, 505 - 3rd Street SW",,,,Calgary,T2P 3E6,1,,2,"29,747",awang,11/1/2016 11:22:05.000000000 AM,3,01/01/2001 00:00:00,12/31/1999 00:00:00,0,1,STEP 
"10,455",Steel Reef Infrastructure Corp.,"Suite 515 - 505, 8 Ave SW",,,,Calgary,T2P 1G2,1,"Suite 515 - 505, 8 Ave SW",,,,Calgary,T2P 1G2,1,,2,"1,000,342",pdoeleman,6/24/2016 3:46:14.000000000 PM,3,01/01/2001 00:00:00,12/31/1999 00:00:00,0,1,Steel Reef 
"30,212",Star Valley Drilling Ltd.,,,,,,,,,,,,,,,,2,"29,747",awang,10/26/2016 4:31:57.000000000 PM,3,01/01/2001 00:00:00,12/31/1999 00:00:00,0,1,Star Valley 
"4,492",Standard Exploration Ltd.,200 816 7 Ave SW,,,,Calgary,T2P1A1,1,200 816 7 Ave SW,,,,Calgary,T2P1A1,1,,6,0,,6/24/2016 3:46:14.000000000 PM,3,01/01/2001 00:00:00,12/31/1999 00:00:00,0,1,Standard 
"30,184",Stampede Drilling Ltd,304 Petterson Dr,,,,Estevan,S4A 1N7,12,304 Petterson Dr,,,,Estevan,S4A 1N7,12,,3,"29,747",awang,10/26/2016 4:09:00.000000000 PM,3,01/01/2001 00:00:00,12/31/1999 00:00:00,0,1,Stampede 
"10,366",Spyglass Resources Corp.,"Livingston Place  |  West Tower
1700, 250 - 2nd Street SW",,,,Calgary,T2P 0C1,1,"Livingston Place  |  West Tower
1700, 250 - 2nd Street SW",,,,Calgary,T2P 0C1,1,,2,0,,6/24/2016 3:46:14.000000000 PM,3,01/01/2001 00:00:00,12/31/1999 00:00:00,1,1,Spyglass 
"4,390",Spur Resources Ltd.,"1200, 332 - 6th Avenue SW",,,,Calgary,T2P 0B2,1,"1200, 332 - 6th Avenue SW",,,,Calgary,T2P 0B2,1,,4,0,,6/24/2016 3:46:14.000000000 PM,3,01/01/2001 00:00:00,12/31/1999 00:00:00,0,1,Spur
"4,429",Spur Energy Corporation,"521, 500 Allen Street",,,,Airdrie,T4B 1J6,1,"521, 500 Allen Street",,,,Airdrie,T4B 1J6,1,1285,5,0,,6/24/2016 3:46:14.000000000 PM,3,01/01/2001 00:00:00,12/31/1999 00:00:00,0,1,Spur 
"10,308",Spry2 Energy Inc.,"1900, 407 - 2nd Street SW",,,,Calgary,T2P 2Y3,1,"1900, 407 - 2nd Street SW",,,,Calgary,T2P 2Y3,1,,4,0,,6/24/2016 3:46:14.000000000 PM,3,01/01/2001 00:00:00,12/31/1999 00:00:00,0,1,Spry2
"4,244",Sphere Energy Corp,"750, 815 - 8th Avenue SW",,,,Calgary,T2P 3P2,1,"750, 815 - 8th Avenue SW",,,,Calgary,T2P 3P2,1,,4,0,,6/24/2016 3:46:14.000000000 PM,3,01/01/2001 00:00:00,12/31/1999 00:00:00,1,1,Sphere
"10,456",Spectrum Wireline Services Ltd.,420 - 333  5th ave sw,,,,Calgary,T2P 3B6,1,420 - 333  5th ave sw,,,,Calgary,T2P 3B6,1,,3,0,,6/24/2016 3:46:14.000000000 PM,3,01/01/2001 00:00:00,12/31/1999 00:00:00,1,1,Spectrum
"4,439",Spartan Energy Corp.,"Suite 500, 850 - 2nd Street SW",,,,Calgary,T2P 0R8,1,"Suite 500, 850 - 2nd Street SW",,,,Calgary,T2P 0R8,1,,9,0,,6/24/2016 3:46:14.000000000 PM,3,01/01/2001 00:00:00,12/31/1999 00:00:00,0,1,Spartan
"4,414",Southern Pacific Resource Corp.,"Bow Valley Square II
1700, 205 - 5th Avenue SW",,,,Calgary,T2P 2V7,1,"Bow Valley Square II
1700, 205 - 5th Avenue SW",,,,Calgary,T2P 2V7,1,,5,0,,6/24/2016 3:46:14.000000000 PM,3,01/01/2001 00:00:00,12/31/1999 00:00:00,1,1,SPRC
"10,432",Sitka Exploration Ltd,"1500, 505 3St SW",,,,Calgary,T2P 3E6,1,"1500, 505 3St SW",,,,Calgary,T2P 3E6,1,,5,0,,10/27/2016 12:37:01.000000000 PM,3,01/01/2001 00:00:00,12/31/1999 00:00:00,1,1,Sitka 
"30,185",Sirius Well Manufacturing Services Canada Ltd.,"355 4th Ave SW, Suite 840",,,,Calgary,T2P 0J1,1,"355 4th Ave SW, Suite 840",,,,Calgary,T2P 0J1,1,,3,"29,747",awang,10/26/2016 4:06:33.000000000 PM,3,01/01/2001 00:00:00,12/31/1999 00:00:00,0,1,Sirius
"1,875",Sinopec Daylight Energy Ltd.,"2700, 112-4th Ave SW",,,,Calgary,T2P 0H3,1,"2700, 112-4th Ave SW",,,,Calgary,T2P 0H3,1,,9,0,,10/27/2016 10:55:30.000000000 AM,3,01/01/2001 00:00:00,12/31/1999 00:00:00,0,1,Sinopec
"10,429",Shiningstar Energy Ltd.,"820, 333-5th Avenue SW",,,,Calgary,T2P 3B6,1,"820, 333-5th Avenue SW",,,,Calgary,T2P 3B6,1,,3,0,,6/24/2016 3:46:14.000000000 PM,3,01/01/2001 00:00:00,12/31/1999 00:00:00,0,1,Shiningstar 
"10,481",Shield Energy Ltd.,"1260, 840 - 7 Ave SW",,,,Calgary,T2P 3G2,1,"1260, 840 - 7 Ave SW",,,,Calgary,T2P 3G2,1,,3,0,,6/24/2016 3:46:14.000000000 PM,3,01/01/2001 00:00:00,12/31/1999 00:00:00,0,1,Shield
"4,208",Shell Canada Energy,"PO BOX 224777
Station 100",,,,Calgary,T2P 2M6,1,"PO BOX 224777
Station 100",,,,Calgary,T2P 2M6,1,,8,0,,6/30/2015 11:30:35.000000000 AM,3,1/1/0001,12/31/9999 23:59:59,0,1,Shell
"4,458",Seven Generations Energy Ltd.,"4400, 525-8th Ave SW
Eighth Avenue Place East",,,,Calgary,T2P 1G1,1,"4400, 525-8th Ave SW
Eighth Avenue Place East",,,,Calgary,T2P 1G1,1,,11,0,,12/16/2016 2:52:36.000000000 PM,3,01/01/2001 00:00:00,12/31/1999 00:00:00,0,1,7Gen
"10,459",Serafina Energy Ltd.,"700, 324 - 8th Avenue SW",,,,Calgary,T2P 2Z2,1,"700, 324 - 8th Avenue SW",,,,Calgary,T2P 2Z2,1,,6,0,,11/14/2016 9:40:31.000000000 AM,3,01/01/2001 00:00:00,12/31/1999 00:00:00,0,1,Serafina 
"10,276",Secure Energy Services Inc.,"Bow Valley Square 2
3600, 205 5th Ave SW",,,,Calgary,T2P 2V7,1,"Bow Valley Square 2
3600, 205 5th Ave SW",,,,Calgary,T2P 2V7,1,,8,0,,6/24/2016 3:46:14.000000000 PM,3,01/01/2001 00:00:00,12/31/1999 00:00:00,0,1,Secure 
"4,487",Second Wave Petroleum Inc.,"1400, 202 6 Ave SW",,,,Calgary,T2P 2R9,1,"1400, 202 6 Ave SW",,,,Calgary,T2P 2R9,1,,4,0,,6/24/2016 3:46:14.000000000 PM,3,01/01/2001 00:00:00,12/31/1999 00:00:00,0,1,Second Wave 
"10,435",Scavenger Energy GP Inc.,"400, 900 – 6th Ave SW",,,,Calgary,T2P 3K2,1,"400, 900 – 6th Ave SW",,,,Calgary,T2P 3K2,1,,4,0,,6/24/2016 3:46:14.000000000 PM,3,01/01/2001 00:00:00,12/31/1999 00:00:00,1,1,Scavenger 
"30,201",Savanna Well Servicing,311 6 Ave SW #800,,,,Calgary,T2P 4M9,1,311 6 Ave SW #800,,,,Calgary,T2P 4M9,1,,1,"1,001,376",pdoeleman,9/1/2016 3:19:22.000000000 PM,1,01/01/2001 00:00:00,12/31/1999 00:00:00,0,1,Savanna 
"30,147",Savanna Drilling,,,,,,,1,,,,,,,1,,2,"29,747",awang,10/26/2016 3:50:27.000000000 PM,3,01/01/2001 00:00:00,12/31/1999 00:00:00,0,1,Savanna 
"9,061",Sanjel Corporation,"200, 505 - 2nd Street S.W.",,,,Calgary,T2P 1N8,1,"200, 505 - 2nd Street S.W.",,,,Calgary,T2P 1N8,1,,1,"29,747",awang,7/28/2016 10:53:26.000000000 AM,3,01/01/2001 00:00:00,12/31/1999 00:00:00,0,1,Sanjel
"10,399",Sahara Energy Ltd.,"Suite 700, 700 4th Avenue S.W.",,,,Calgary,T2P 3J4,1,"Suite 700, 700 4th Avenue S.W.",,,,Calgary,T2P 3J4,1,,6,"29,747",awang,7/27/2016 2:06:30.000000000 PM,3,01/01/2001 00:00:00,12/31/1999 00:00:00,0,1,Sahara 
"4,166",Ron Resources Ltd.,Box 2169,,,,Sundre,T0M 1X0,1,Box 2169,,,,Sundre,T0M 1X0,1,,8,0,,6/24/2016 3:46:14.000000000 PM,3,01/01/2001 00:00:00,12/31/1999 00:00:00,1,1,Ron Resources
"10,547",Rocky River Petroleum Ltd.,"325, 333 - 24th Ave SW",,,,Calgary,T2S 3E6,1,"325, 333 - 24th Ave SW",,,,Calgary,T2S 3E6,1,,4,"29,747",awang,7/27/2016 3:43:07.000000000 PM,3,01/01/2001 00:00:00,12/31/1999 00:00:00,0,1,Rocky River
"10,321",RockEast Energy Corporation,"Suite 780, 815-8th Avenue SW",,,,Calgary,T2P 3P2,1,"Suite 780, 815-8th Avenue SW",,,,Calgary,T2P 3P2,1,,5,0,,12/13/2016 2:37:01.000000000 PM,3,01/01/2001 00:00:00,12/31/1999 00:00:00,0,1,RockEast 
"4,088",Rock Energy Inc.,"2000, 530 - 8 Ave SW",,,,Calgary,T2P 3S8,1,"2000, 530 - 8 Ave SW",,,,Calgary,T2P 3S8,1,,6,0,,6/24/2016 3:46:14.000000000 PM,3,01/01/2001 00:00:00,12/31/1999 00:00:00,0,1,Rock Energy
"10,420",Rifleman Exploration Ltd.,1705 Montgomery Park SE,,,,High River,T1V 0B8,1,1705 Montgomery Park SE,,,,High River,T1V 0B8,1,,2,0,,6/24/2016 3:46:14.000000000 PM,3,01/01/2001 00:00:00,12/31/1999 00:00:00,1,1,#N/A
"4,011",Rife Resources Ltd.,"400, 144 - 4th Avenue SW",,,,Calgary,T2P 3N4,1,"400, 144 - 4th Avenue SW",,,,Calgary,T2P 3N4,1,,10,"29,747",awang,7/27/2016 3:50:10.000000000 PM,3,01/01/2001 00:00:00,12/31/1999 00:00:00,1,1,Rife
"10,568",Ribbon Creek Resources Inc.,"1100, 521 - 3rd Ave SW",,,,Calgary,T2P 3T3,1,"1100, 521 - 3rd Ave SW",,,,Calgary,T2P 3T3,1,,4,"29,747",awang,7/27/2016 3:44:04.000000000 PM,3,01/01/2001 00:00:00,12/31/1999 00:00:00,0,1,Ribbon Creek 
"10,411",Response Energy Corporation,"1200, 521 3 Ave SW",,,,Calgary,T2P 3T3,1,"1200, 521 3 Ave SW",,,,Calgary,T2P 3T3,1,,4,"29,747",awang,7/27/2016 2:07:39.000000000 PM,3,01/01/2001 00:00:00,12/31/1999 00:00:00,1,1,Response
"10,290",Resourceful Petroleum Canada Limited,"#1800, 510-5th Street SW",,,,Calgary,T2P 3S2,1,"#1800, 510-5th Street SW",,,,Calgary,T2P 3S2,1,,4,0,,6/24/2016 3:46:14.000000000 PM,3,01/01/2001 00:00:00,12/31/1999 00:00:00,1,1,RPCL
"4,500",Repsol Oil & Gas Canada Inc.,"3400, 888 - 3rd Street SW",,,,Calgary,T2P 5C5,1,"3400, 888 - 3rd Street SW",,,,Calgary,T2P 5C5,1,,6,0,,6/24/2016 3:46:14.000000000 PM,3,01/01/2001 00:00:00,12/31/1999 00:00:00,0,1,Repsol
"4,167",Renegade Petroleum Ltd.,"500, 850 - 2nd Street SW",,,,Calgary,T2P 0R8,1,"500, 850 - 2nd Street SW",,,,Calgary,T2P 0R8,1,,8,0,,6/24/2016 3:46:14.000000000 PM,3,01/01/2001 00:00:00,12/31/1999 00:00:00,1,1,Renegade
"4,177",Relentless Resources Ltd.,"855, 700 - 4th Avenue SW",,,,Calgary,T2P 3J4,1,"855, 700 - 4th Avenue SW",,,,Calgary,T2P 3J4,1,,4,0,,12/6/2016 1:20:01.000000000 PM,3,01/01/2001 00:00:00,12/31/1999 00:00:00,1,1,Relentless 
"10,367",Regco Petroleums Ltd.,Box 394 3-11 Bellrose Drive,,,,St. Albert,T8N 5C9,1,Box 394 3-11 Bellrose Drive,,,,St. Albert,T8N 5C9,1,,3,0,,6/24/2016 3:46:14.000000000 PM,3,01/01/2001 00:00:00,12/31/1999 00:00:00,0,1,Regco 
"4,180",Red River Oil Inc.,"600, 521 - 3rd Avenue SW",,,,Calgary,T2P 3T3,1,"600, 521 - 3rd Avenue SW",,,,Calgary,T2P 3T3,1,,5,0,,11/16/2016 1:25:31.000000000 PM,3,01/01/2001 00:00:00,12/31/1999 00:00:00,0,1,Red River 
"30,116",Red Dog Drilling Inc.,,,,,,,1,,,,,,,1,,1,"29,747",awang,10/26/2016 4:09:30.000000000 PM,3,01/01/2001 00:00:00,12/31/1999 00:00:00,0,1,Red Dog
"10,567",Recem Inc., 10044 - 94 St NW,,,,Edmonton,T5H 1Z3,1, 10044 - 94 St NW,,,,Edmonton,T5H 1Z3,1,,4,0,,6/24/2016 3:46:14.000000000 PM,3,01/01/2001 00:00:00,12/31/1999 00:00:00,0,1,Recem
"4,053",Ravens Cross Energy Ltd.,"c/o The Barlon Engineering Group Ltd.
1110, 340 - 12th Avenue SW",,,,Calgary,T2R 1L5,1,"c/o The Barlon Engineering Group Ltd.
1110, 340 - 12th Avenue SW",,,,Calgary,T2R 1L5,1,,3,0,,6/24/2016 3:46:14.000000000 PM,3,01/01/2001 00:00:00,12/31/1999 00:00:00,1,1,Ravens Cross
"4,002",Ravens Cross Energy,P.O. Box 2500,,,,Kindersley,S0L 1S0,12,P.O. Box 2500,,,,Kindersley,S0L 1S0,12,1285,5,0,,6/24/2016 3:46:14.000000000 PM,3,01/01/2001 00:00:00,12/31/1999 00:00:00,1,1,Ravens Cross
"30,208",Rampart Oil Inc.,"1100, 736 - 8th Ave SW",,,,Calgary,T2P 1H4,1,"1100, 736 - 8th Ave SW",,,,Calgary,T2P 1H4,1,,2,"29,747",awang,10/4/2016 3:56:49.000000000 PM,3,01/01/2001 00:00:00,12/31/1999 00:00:00,0,1,Rampart
"10,576",Rally Canada Resources Ltd.,"Suite 520, 815 - 8 Ave SW",,,,Calgary,T2P 3P2,1,"Suite 520, 815 - 8 Ave SW",,,,Calgary,T2P 3P2,1,,3,0,,6/24/2016 3:46:14.000000000 PM,3,01/01/2001 00:00:00,12/31/1999 00:00:00,0,1,Rally 
"10,302",Raging River Exploration Inc.,"710, 400-5th Avenue SW",,,,Calgary,T2P 0L6,1,"710, 400-5th Avenue SW",,,,Calgary,T2P 0L6,1,,3,0,,6/24/2016 3:46:14.000000000 PM,3,01/01/2001 00:00:00,12/31/1999 00:00:00,0,1,Raging River 
"10,553",R Batke Oilfield Ltd. NLSD Trade Exposure Centre,PO Box 6515,,,,Bonnyville,T9N 1H1,1,PO Box 6515,,,,Bonnyville,T9N 1H1,1,,1,0,,6/24/2016 3:46:14.000000000 PM,1,01/01/2001 00:00:00,12/31/1999 00:00:00,1,1,R Batke 
"30,115",Quintera Drilling,,,,,,,1,,,,,,,1,,1,"29,747",awang,10/26/2016 3:50:46.000000000 PM,3,01/01/2001 00:00:00,12/31/1999 00:00:00,0,1,Quintera
"30,213",Quinn Drilling Inc.,,,,,,,,,,,,,,,,1,"29,747",awang,10/26/2016 4:23:32.000000000 PM,1,01/01/2001 00:00:00,12/31/1999 00:00:00,0,,Quinn 
"10,503",Questfire Energy Corporation,"110, 350 - 7 Ave SW",,,,Calgary,T2P 3N9,1,"110, 350 - 7 Ave SW",,,,Calgary,T2P 3N9,1,,3,0,,6/24/2016 3:46:14.000000000 PM,3,01/01/2001 00:00:00,12/31/1999 00:00:00,0,1,Questfire 
"3,910",Questerre Energy Corporation,"1650, 801 - 6th Avenue SW",,,,Calgary,T2P 3W2,1,"1650, 801 - 6th Avenue SW",,,,Calgary,T2P 3W2,1,,4,0,,6/24/2016 3:46:14.000000000 PM,3,01/01/2001 00:00:00,12/31/1999 00:00:00,1,1,Questerre
"3,878",Prosper Petroleum Ltd.,"Suite 1000,521 - 3rd Avenue SW",,,,Calgary,T2P 3T3,1,"Suite 1000,521 - 3rd Avenue SW",,,,Calgary,T2P 3T3,1,,5,0,,6/24/2016 3:46:14.000000000 PM,3,01/01/2001 00:00:00,12/31/1999 00:00:00,1,1,Prosper
"3,768",Progress Energy Canada Ltd.,"1200, 205 - 5th Avenue SW",,,,Calgary,T2P 2V7,1,"1200, 205 - 5th Avenue SW",,,,Calgary,T2P 2V7,1,,12,0,,6/24/2016 3:46:14.000000000 PM,3,01/01/2001 00:00:00,12/31/1999 00:00:00,0,1,Progress
"30,148",Predator Drilling Inc.,"211, 37428 RR273","Clearview Industrial Park,",,,Red Deer,T4E 0A1,1,"211, 37428 RR273","Clearview Industrial Park,",,,Red Deer,T4E 0A1,1,,3,"29,747",awang,10/26/2016 3:56:20.000000000 PM,3,01/01/2001 00:00:00,12/31/1999 00:00:00,0,1,Predator 
"10,203",Precision Drilling,"555, 555 - 8th Avenue SW",,,,Calgary,T2P 1G1,1,"555, 555 - 8th Avenue SW",,,,Calgary,T2P 1G1,1,,4,0,,6/13/2015 8:27:30.000000000 PM,3,1/1/0001,12/31/9999 23:59:59,0,1,PD
"10,257",Praxair Services,9020 - 24th Street,,,,Edmonton,T6P 1X8,1,9020 - 24th Street,,,,Edmonton,T6P 1X8,1,,4,0,,6/24/2016 3:46:14.000000000 PM,3,01/01/2001 00:00:00,12/31/1999 00:00:00,1,1,Praxair S
"1,508",Prairie Provident Resources Canada Ltd.,"1100, 640 - 5th Avenue SW",,,,Calgary,T2P 3G4,1,"1100, 640 - 5th Avenue SW",,,,Calgary,T2P 3G4,1,,11,0,,11/1/2016 6:56:31.000000000 AM,3,01/01/2001 00:00:00,12/31/1999 00:00:00,0,1,PPRC
"3,688",Potts Petroleum Inc.,"500, 540 - 5th Avenue SW",,,,Calgary,T2P 0M2,1,"500, 540 - 5th Avenue SW",,,,Calgary,T2P 0M2,1,,4,0,,6/24/2016 3:46:14.000000000 PM,3,01/01/2001 00:00:00,12/31/1999 00:00:00,1,1,Potts 
"10,391",Potash Corp,"Suite 500
122-1st Avenue South",,,,Saskatoon,S7K 7G3,12,"Suite 500
122-1st Avenue South",,,,Saskatoon,S7K 7G3,12,,3,0,,6/24/2016 3:46:14.000000000 PM,3,01/01/2001 00:00:00,12/31/1999 00:00:00,0,1,Potash Corp
"3,722",Postell Energy Co. Ltd.,"Suite 720, 903 8th Ave SW",,,,Calgary,T2P 0P7,1,"Suite 720, 903 8th Ave SW",,,,Calgary,T2P 0P7,1,,5,0,,6/24/2016 3:46:14.000000000 PM,3,01/01/2001 00:00:00,12/31/1999 00:00:00,0,1,Postell
"10,571","Polar Star Canadian Oil and Gas, Inc.","1900, 700 - 4th Ave SW",,,,Calgary,T2P 3J4,1,"1900, 700 - 4th Ave SW",,,,Calgary,T2P 3J4,1,,3,"1,283",CGaine,8/24/2016 2:50:38.000000000 PM,3,08/22/2016 00:00:00,12/31/1999 00:00:00,0,1,Polar Star 
"3,913",Plains Midstream Canada,"1400, 607 - 8th Avenue SW",,,,Calgary,T2P 0A7,1,"1400, 607 - 8th Avenue SW",,,,Calgary,T2P 0A7,1,,1,0,,6/24/2016 3:46:14.000000000 PM,3,01/01/2001 00:00:00,12/31/1999 00:00:00,0,1,Plains Mid
"3,929",Pinecrest Energy Inc.,"500, 255 - 5th Avenue SW",,,,Calgary,T2P 3G6,1,"500, 255 - 5th Avenue SW",,,,Calgary,T2P 3G6,1,,5,0,,6/24/2016 3:46:14.000000000 PM,3,01/01/2001 00:00:00,12/31/1999 00:00:00,1,1,Pinecrest 
"3,758",Peyto Exploration & Development Corp.,"300, 600 - 3rd Ave SW",,,,Calgary,T2P 0G5,1,"300, 600 - 3rd Ave SW",,,,Calgary,T2P 0G5,1,,5,0,,6/24/2016 3:46:14.000000000 PM,3,01/01/2001 00:00:00,12/31/1999 00:00:00,0,1,Peyto
"10,231",Petrus Resources Ltd.,"2400, 240 - 4th Avenue SW",,,,Calgary,T2P 4H4,1,"2400, 240 - 4th Avenue SW",,,,Calgary,T2P 4H4,1,,4,0,,6/24/2016 3:46:14.000000000 PM,3,01/01/2001 00:00:00,12/31/1999 00:00:00,0,1,Petrus
"3,739",Petrex Energy Ltd.,"#300, 1601 Westmount Road NW",,,,Calgary,T2N 3M2,1,"#300, 1601 Westmount Road NW",,,,Calgary,T2N 3M2,1,1285,6,0,,6/24/2016 3:46:14.000000000 PM,3,01/01/2001 00:00:00,12/31/1999 00:00:00,1,1,Petrex 
"3,814",Perpetual Energy Inc.,"3200, 605 - 5th Avenue SW",,,,Calgary,T2P 3H5,1,"3200, 605 - 5th Avenue SW",,,,Calgary,T2P 3H5,1,,6,0,,6/24/2016 3:46:14.000000000 PM,3,01/01/2001 00:00:00,12/31/1999 00:00:00,0,1,Perpetual
"3,712",Penn West Petroleum Ltd.,"200, 207 - 9th Avenue SW",,,,Calgary,T2P 1K3,1,"200, 207 - 9th Avenue SW",,,,Calgary,T2P 1K3,1,,4,0,,6/24/2016 3:46:14.000000000 PM,3,01/01/2001 00:00:00,12/31/1999 00:00:00,1,1,PennWest
"3,756",Pengrowth Corporation,"2100, 222 - 3rd Avenue SW",,,,Calgary,T2P 0B6,1,"2100, 222 - 3rd Avenue SW",,,,Calgary,T2P 0B6,1,,4,0,,6/24/2016 3:46:14.000000000 PM,3,01/01/2001 00:00:00,12/31/1999 00:00:00,0,1,Pengrowth
"3,779",Pembina Pipeline Corp.,8111 – 110 Street,,,,Grande Prairie,T8W 6T2,1,8111 – 110 Street,,,,Grande Prairie,T8W 6T2,1,1285,2,0,,6/24/2016 3:46:14.000000000 PM,3,01/01/2001 00:00:00,12/31/1999 00:00:00,0,1,Pembina Pipeline 
"30,202",Peaceland Oilfield Services Ltd.,P.O.BOX 6132,,,,Fort St. John,V1J 4H6,2,P.O.BOX 6132,,,,Fort St. John,V1J 4H6,2,,1,"29,747",awang,9/14/2016 1:52:42.000000000 PM,1,01/01/2001 00:00:00,12/31/1999 00:00:00,0,1,Peaceland 
"10,488",Peaceland Farms Ltd.,PO Box 6051,,,,Fort St. John,V1J 4H6,2,PO Box 6051,,,,Fort St. John,V1J 4H6,2,,2,0,,6/24/2016 3:46:14.000000000 PM,3,01/01/2001 00:00:00,12/31/1999 00:00:00,0,1,Peaceland 
"30,140",Patterson-UTI Drilling,,,,,,,244,,,,,,,244,,2,"29,747",awang,10/26/2016 4:04:05.000000000 PM,3,01/01/2001 00:00:00,12/31/1999 00:00:00,0,1,Patterson
"3,708",Paramount Resources Ltd.,"4700, 888 - 3rd Street SW",,,,Calgary,T2P 5C5,1,"4700, 888 - 3rd Street SW",,,,Calgary,T2P 5C5,1,,11,0,,6/24/2016 3:46:14.000000000 PM,3,01/01/2001 00:00:00,12/31/1999 00:00:00,0,1,Paramount
"10,372",Paradise Petroleums Ltd.,10801 Bonaventure Drive SE,,,,Calgary,T2J 6Z8,1,10801 Bonaventure Drive SE,,,,Calgary,T2J 6Z8,1,,2,0,,6/24/2016 3:46:14.000000000 PM,3,01/01/2001 00:00:00,12/31/1999 00:00:00,1,1,Paradise
"30,112",Panther Drilling Corp.,,,,,,,1,,,,,,,1,,1,"29,747",awang,10/26/2016 4:10:42.000000000 PM,3,01/01/2001 00:00:00,12/31/1999 00:00:00,0,1,Panther
"3,879",Palliser Oil and Gas Corporation,"600, 255-5th Avenue SW
Bow Valley Square III",,,,Calgary,T2P 3G6,1,"600, 255-5th Avenue SW
Bow Valley Square III",,,,Calgary,T2P 3G6,1,,5,0,,6/24/2016 3:46:14.000000000 PM,3,01/01/2001 00:00:00,12/31/1999 00:00:00,1,1,Palliser
"3,884",Painted Pony Petroleum Ltd.,1800 - 736 6th Avenue SW,,,,Calgary,T2P 3T7,1,1800 - 736 6th Avenue SW,,,,Calgary,T2P 3T7,1,,3,0,,6/24/2016 3:46:14.000000000 PM,3,01/01/2001 00:00:00,12/31/1999 00:00:00,0,1,Painted Pony
"10,314",Ouro Preto Resources Inc.,"1000, 640 – 8th Avenue SW
",,,,Calgary,T2P 1G7,1,"1000, 640 – 8th Avenue SW
",,,,Calgary,T2P 1G7,1,,7,0,,6/24/2016 3:46:14.000000000 PM,3,01/01/2001 00:00:00,12/31/1999 00:00:00,0,1,Ouro Preto 
"3,546",OSUM Oil Sands Corp.,"Suite 1900, 255-5th Avenue SW",,,,Calgary,T2P 3G6,1,"Suite 1900, 255-5th Avenue SW",,,,Calgary,T2P 3G6,1,,8,0,,10/31/2016 3:24:38.000000000 PM,3,01/01/2001 00:00:00,12/31/1999 00:00:00,0,1,#N/A
"10,316",ORLEN Upstream Canada Ltd.,400-850 2nd Street SW,,,,Calgary,T2P0R8,1,400-850 2nd Street SW,,,,Calgary,T2P0R8,1,,4,0,,6/24/2016 3:46:14.000000000 PM,3,01/01/2001 00:00:00,12/31/1999 00:00:00,0,1,ORLEN 
"3,513",OMERS Energy Inc.,"Centennial Place - East Tower
30th Floor, 520 - 3rd Avenue SW",,,,Calgary,T2P 0R3,1,"Centennial Place - East Tower
30th Floor, 520 - 3rd Avenue SW",,,,Calgary,T2P 0R3,1,,5,0,,6/24/2016 3:46:14.000000000 PM,3,01/01/2001 00:00:00,12/31/1999 00:00:00,0,1,#N/A
"10,561",Octane Engineering,"Suite 1600, 144 – 4th Ave SW",,,,Calgary,T2P 3N4,1,"Suite 1600, 144 – 4th Ave SW",,,,Calgary,T2P 3N4,1,,5,0,,6/24/2016 3:46:14.000000000 PM,3,01/01/2001 00:00:00,12/31/1999 00:00:00,1,1,Octane 
"10,328",Oak Point C/o ProspEx Resource Mgt Ltd.,"1250, 396-11th Ave SW",,,,Calgary,T2R 0C5,1,"1250, 396-11th Ave SW",,,,Calgary,T2R 0C5,1,,4,0,,6/24/2016 3:46:14.000000000 PM,3,01/01/2001 00:00:00,12/31/1999 00:00:00,1,1,Oak Point
"10,548",Nytis Exploration Co Inc.,"1520, 700-6th Ave SW",,,,Calgary,T2P 0T8,1,"1520, 700-6th Ave SW",,,,Calgary,T2P 0T8,1,,5,0,,10/27/2016 12:46:31.000000000 PM,3,01/01/2001 00:00:00,12/31/1999 00:00:00,0,1,Nytis 
"10,434",NVP Exploration INC,"1110, 340 12th Avenue SW",,,,Calgary,T2R 1L5,1,"1110, 340 12th Avenue SW",,,,Calgary,T2R 1L5,1,,3,0,,6/24/2016 3:46:14.000000000 PM,3,01/01/2001 00:00:00,12/31/1999 00:00:00,1,1,NVP
"3,245",NuVista Energy Ltd.,"3500, 700 - 2nd Street SW",,,,Calgary,T2P 2W2,1,"3500, 700 - 2nd Street SW",,,,Calgary,T2P 2W2,1,,4,0,,6/24/2016 3:46:14.000000000 PM,3,01/01/2001 00:00:00,12/31/1999 00:00:00,0,1,NuVista
"30,231",Novus Energy Inc.,"1700, 700 - 4th Ave SW",,,,Calgary,T2P 3J4,1,"1700, 700 - 4th Ave SW",,,,Calgary,T2P 3J4,1,,2,0,,12/8/2016 8:27:01.000000000 AM,3,01/01/2001 00:00:00,12/31/1999 00:00:00,0,1,Novus 
"30,222",NOVA Chemicals Corporation,1000-7th Ave SW,,,,Calgary,T2P 5C6,1,1000-7th Ave SW,,,,Calgary,T2P 5C6,1,,2,0,,11/1/2016 3:46:01.000000000 PM,3,01/01/2001 00:00:00,12/31/1999 00:00:00,0,1,NOVA
"3,254",Northpoint Resources Ltd.,"700, 505 - 3 St SW",,,,Calgary,T2P 3E6,1,"700, 505 - 3 St SW",,,,Calgary,T2P 3E6,1,,9,"29,747",awang,7/28/2016 10:09:58.000000000 AM,3,01/01/2001 00:00:00,12/31/1999 00:00:00,1,1,Northpoint
"3,304",Northern Blizzard Resources Inc.,"1900, 421 - 7th Ave SW",,,,Calgary,T2P 4K9,1,"1900, 421 - 7th Ave SW",,,,Calgary,T2P 4K9,1,,7,0,,6/24/2016 3:46:14.000000000 PM,3,01/01/2001 00:00:00,12/31/1999 00:00:00,0,1,NBR
"30,196",North American Helium Inc.,"101, 750 11 ST SW",,,,Calgary,T2P 3N7,1,"101, 750 11 ST SW",,,,Calgary,T2P 3N7,1,,1,"29,747",awang,7/20/2016 1:24:24.000000000 PM,1,01/01/2001 00:00:00,12/31/1999 00:00:00,0,1,NAH
"3,303",Nordegg Resources Inc.,"#1700, 444-5th Avenue S.W.",,,,Calgary,T2P 2T8,1,"#1700, 444-5th Avenue S.W.",,,,Calgary,T2P 2T8,1,,5,0,,6/24/2016 3:46:14.000000000 PM,3,01/01/2001 00:00:00,12/31/1999 00:00:00,0,1,Nordegg 
"10,288",Nexxco Energy Ltd.,"Suite 910, 250-5th Street SW",,,,Calgary,T2P 0R4,1,"Suite 910, 250-5th Street SW",,,,Calgary,T2P 0R4,1,,2,0,,6/24/2016 3:46:14.000000000 PM,3,01/01/2001 00:00:00,12/31/1999 00:00:00,0,1,Nexxco 
"10,300",Nextraction Energy Corp.,"254 – 250 6th Avenue SW,
PO Box 20004 Bow Valley
",,,,Calgary,T2P 4H3,1,"254 – 250 6th Avenue SW,
PO Box 20004 Bow Valley
",,,,Calgary,T2P 4H3,1,,6,0,,6/24/2016 3:46:14.000000000 PM,3,01/01/2001 00:00:00,12/31/1999 00:00:00,1,1,Nextraction E
"3,266",Nexen Energy ULC,"2900, 801 - 7th Avenue SW",,,,Calgary,T2P 3P7,1,"2900, 801 - 7th Avenue SW",,,,Calgary,T2P 3P7,1,,5,0,,6/24/2016 3:46:14.000000000 PM,3,01/01/2001 00:00:00,12/31/1999 00:00:00,0,1,Nexen
"3,202",Newalta Corp.,211-11th Ave SW,,,,Calgary,T2R 0C6,1,211-11th Ave SW,,,,Calgary,T2R 0C6,1,,6,0,,12/13/2016 10:02:31.000000000 AM,3,01/01/2001 00:00:00,12/31/1999 00:00:00,0,1,Newalta
"10,392",New Star Energy Ltd.,"1500, 444-5th Avenue SW",,,,Calgary,T2P 2T8,1,"1500, 444-5th Avenue SW",,,,Calgary,T2P 2T8,1,,3,"29,747",awang,7/27/2016 2:05:36.000000000 PM,3,01/01/2001 00:00:00,12/31/1999 00:00:00,0,1,New Star 
"3,099",NEP Canada ULC,1700 250 6 Ave SW,,,,Calgary,T2P 3H7,1,1700 250 6 Ave SW,,,,Calgary,T2P 3H7,1,,6,0,,6/24/2016 3:46:14.000000000 PM,3,01/01/2001 00:00:00,12/31/1999 00:00:00,0,1,NEP
"3,200",NAL Resources Limited,"600, 550-6th Ave SW",,,,Calgary,T2P 0S2,1,"600, 550-6th Ave SW",,,,Calgary,T2P 0S2,1,,8,0,,11/30/2016 11:44:30.000000000 AM,3,01/01/2001 00:00:00,12/31/1999 00:00:00,0,1,NAL
"30,108",Nabors Drilling,,,,,,,1,,,,,,,1,,1,"29,747",awang,10/26/2016 4:01:32.000000000 PM,3,01/01/2001 00:00:00,12/31/1999 00:00:00,0,1,Nabors
"10,549",Mutiny Oil & Gas Ltd.,801 - 6 Ave SW,,,,Calgary,T2P 3W2,1,801 - 6 Ave SW,,,,Calgary,T2P 3W2,1,,4,0,,6/24/2016 3:46:14.000000000 PM,3,01/01/2001 00:00:00,12/31/1999 00:00:00,1,1,Mutiny 
"3,013",Murphy Oil Company Ltd.,"Attn: Accounts Payable
P.O. Box 2721, Stn M",,,,Calgary,T2P 3Y3,1,"Attn: Accounts Payable
P.O. Box 2721, Stn M",,,,Calgary,T2P 3Y3,1,,6,0,,6/24/2016 3:46:14.000000000 PM,3,01/01/2001 00:00:00,12/31/1999 00:00:00,1,1,Murphy
"30,200",Mountain Coil Tubing,"Suite 400, 707 – 7th Ave SW",,,,Calgary,,,"Suite 400, 707 – 7th Ave SW",,,,Calgary,,,,1,"1,283",CGaine,8/24/2016 2:48:23.000000000 PM,1,08/23/2016 00:00:00,12/31/1999 00:00:00,0,,Mountain
"10,467",Mosaic Potash Esterhazy,SK- 637,,,,Esterhazy,S0A 0X0,12,SK- 637,,,,Esterhazy,S0A 0X0,12,,5,0,,6/24/2016 3:46:14.000000000 PM,3,01/01/2001 00:00:00,12/31/1999 00:00:00,0,1,Mosaic (Est)
"30,227",Mosaic Potash Colonsay,Junction Highway 16 & 2,,,,Colonsay,S0K 0Z0,12,Junction Highway 16 & 2,,,,Colonsay,S0K 0Z0,12,,2,0,,11/22/2016 4:15:31.000000000 PM,3,01/01/2001 00:00:00,12/31/1999 00:00:00,0,1,Mosaic Potash 
"2,137",Mosaic Energy Ltd.,"Suite 900, 606 – 4th Street SW",,,,Calgary,T2P 1T1,1,"Suite 900, 606 – 4th Street SW",,,,Calgary,T2P 1T1,1,1285,6,0,,6/24/2016 3:46:14.000000000 PM,3,01/01/2001 00:00:00,12/31/1999 00:00:00,1,1,Mosaic 
"10,393",Mobius Resources Corp,"Suite 1800
505 - 3rd Street SW",,,,Calgary,T2P 3E6,1,"Suite 1800
505 - 3rd Street SW",,,,Calgary,T2P 3E6,1,,3,0,,6/24/2016 3:46:14.000000000 PM,3,01/01/2001 00:00:00,12/31/1999 00:00:00,1,1,Mobius 
"3,017",Midale Petroleums Ltd.,P.O. Box 419,,,,Midale,S0C 1S0,12,P.O. Box 419,,,,Midale,S0C 1S0,12,,4,0,,6/24/2016 3:46:14.000000000 PM,3,05/16/2016 00:00:00,12/31/1999 00:00:00,0,1,Midale
"10,454",Melita Resources Ltd.,Box 457,,,,Melita,R0M 1L0,3,Box 457,,,,Melita,R0M 1L0,3,,4,0,,6/24/2016 3:46:14.000000000 PM,3,01/01/2001 00:00:00,12/31/1999 00:00:00,0,1,Melita 
"3,061",MEG Energy Corp.,"1100, 520 - 3rd Avenue SW",,,,Calgary,T2P 0R3,1,"1100, 520 - 3rd Avenue SW",,,,Calgary,T2P 0R3,1,,7,0,,10/31/2016 3:57:31.000000000 PM,3,01/01/2001 00:00:00,12/31/1999 00:00:00,0,1,MEG
"10,566",Martin Brower of Canada Co.,"6990 Creditview Road, Unit #5",,,,Mississauga,L5N 8R9,9,"6990 Creditview Road, Unit #5",,,,Mississauga,L5N 8R9,9,,3,0,,6/24/2016 3:46:14.000000000 PM,3,01/01/2001 00:00:00,12/31/1999 00:00:00,0,1,Martin Brower 
"2,998",Marquee Energy Ltd.,"1700, 500 - 4th Avenue SW",,,,Calgary,T2P 2V6,1,"1700, 500 - 4th Avenue SW",,,,Calgary,T2P 2V6,1,,8,0,,6/24/2016 3:46:14.000000000 PM,3,01/01/2001 00:00:00,12/31/1999 00:00:00,0,1,Marquee 
"10,442",Mapan Energy Ltd.,"Suite 1910, 605 – 5th Avenue SW",,,,Calgary,T29 3H5,1,"Suite 1910, 605 – 5th Avenue SW",,,,Calgary,T29 3H5,1,,3,0,,6/24/2016 3:46:14.000000000 PM,3,01/01/2001 00:00:00,12/31/1999 00:00:00,1,1,Mapan 
"3,116",Manitok Energy Inc.,"Suite 2600, 585 8th Ave SW",,,,Calgary,T2P 1G1,1,"Suite 2600, 585 8th Ave SW",,,,Calgary,T2P 1G1,1,,10,0,,6/24/2016 3:46:14.000000000 PM,3,01/01/2001 00:00:00,12/31/1999 00:00:00,0,1,Manitok
"3,037",Mancal Energy Inc.,"P.O. Box 2526, Station M",,,,Calgary,T2P 5G2,1,"P.O. Box 2526, Station M",,,,Calgary,T2P 5G2,1,,5,0,,6/24/2016 3:46:14.000000000 PM,3,01/01/2001 00:00:00,12/31/1999 00:00:00,0,1,Mancal
"10,374",Major Oil and Gas Ltd.,"1404 - 683, 10 st SW",,,,Calgary,T2P 5G3,1,"1404 - 683, 10 st SW",,,,Calgary,T2P 5G3,1,,5,0,,6/24/2016 3:46:14.000000000 PM,3,01/01/2001 00:00:00,12/31/1999 00:00:00,0,1,Major Oil 
"10,324",MacKay Operating Corp.,"Suite 1000, 150 - 9th Avenue SW",,,,Calgary,T2P 3H9,1,"Suite 1000, 150 - 9th Avenue SW",,,,Calgary,T2P 3H9,1,,4,0,,6/24/2016 3:46:14.000000000 PM,3,01/01/2001 00:00:00,12/31/1999 00:00:00,1,1,MacKay 
"9,063",MacBain Properties Ltd.,"200, 505 - 2nd Street SW",,,,Calgary,T2P 1N8,1,"200, 505 - 2nd Street SW",,,,Calgary,T2P 1N8,1,1285,2,"29,747",awang,7/27/2016 3:45:47.000000000 PM,3,12/02/2010 00:00:00,12/31/1999 00:00:00,0,1,MacBain
"10,323",Losness Drilling,PO Box 145,,,,Lougheed,T0B 2V0,1,PO Box 145,,,,Lougheed,T0B 2V0,1,,3,0,,6/24/2016 3:46:14.000000000 PM,3,01/01/2001 00:00:00,12/31/1999 00:00:00,1,1,Losness 
"2,777",Longview Oil Corp.,"Canterra Tower
Suite 700, 400 - 3rd Avenue SW",,,,Calgary,T2P 4H2,1,"Canterra Tower
Suite 700, 400 - 3rd Avenue SW",,,,Calgary,T2P 4H2,1,,6,0,,6/24/2016 3:46:14.000000000 PM,3,01/01/2001 00:00:00,12/31/1999 00:00:00,1,1,Longview 
"2,779",Long Run Exploration Ltd.,"400, 250 – 2nd Street SW",,,,Calgary,T2P 0C1,1,"400, 250 – 2nd Street SW",,,,Calgary,T2P 0C1,1,,10,0,,12/8/2016 4:46:31.000000000 PM,3,01/01/2001 00:00:00,12/31/1999 00:00:00,0,1,Long Run 
"3,925",Lightstream Resources Ltd.,"2800, 525 - 8th Avenue SW",,,,Calgary,T2P 1G1,1,"2800, 525 - 8th Avenue SW",,,,Calgary,T2P 1G1,1,,13,"29,747",awang,8/9/2016 3:09:34.000000000 PM,3,01/01/2001 00:00:00,12/31/1999 00:00:00,0,1,#N/A
"10,400",Leucrotta Exploration Ltd.,"700, 639-5th Avenue SW",,,,Calgary,T2P 0M9,1,"700, 639-5th Avenue SW",,,,Calgary,T2P 0M9,1,,9,0,,10/27/2016 12:25:00.000000000 PM,3,01/01/2001 00:00:00,12/31/1999 00:00:00,0,1,Leucrotta
"30,210",Lehigh Inland Cement Ltd,C/O Lockbox 310170 PO Box 578 STNM,,,,Calgary, T2P 2J3,1,C/O Lockbox 310170 PO Box 578 STNM,,,,Calgary, T2P 2J3,1,,2,0,,10/12/2016 11:00:01.000000000 AM,3,01/01/2001 00:00:00,12/31/1999 00:00:00,0,1,Lehigh 
"2,763",Legacy Oil & Gas Inc.,"4400, 525 - 8 Ave SW",,,,Calgary,T2P 1G1,1,"4400, 525 - 8 Ave SW",,,,Calgary,T2P 1G1,1,,7,0,,6/24/2016 3:46:14.000000000 PM,3,01/01/2001 00:00:00,12/31/1999 00:00:00,0,1,Legacy
"10,570",Ledcor Pipeline Limited,9910 - 39 Ave NW,,,,Edmonton,T6E 5H8,1,9910 - 39 Ave NW,,,,Edmonton,T6E 5H8,1,,3,0,,6/24/2016 3:46:14.000000000 PM,3,01/01/2001 00:00:00,12/31/1999 00:00:00,0,1,Ledcor 
"30,106",Lasso Drilling Corporation,,,,,,,1,,,,,,,1,,1,"29,747",awang,10/26/2016 3:53:05.000000000 PM,3,01/01/2001 00:00:00,12/31/1999 00:00:00,0,1,Lasso
"2,689",Lakeview Energy Inc.,Box 20027,,,,Calgary,T2P 4J2,1,Box 20027,,,,Calgary,T2P 4J2,1,,4,0,,6/24/2016 3:46:14.000000000 PM,3,01/01/2001 00:00:00,12/31/1999 00:00:00,1,1,Lakeview 
"2,661",Kripa Energy Inc.,28 Du Boise,,,,Kirkland,H9J 4B3,11,28 Du Boise,,,,Kirkland,H9J 4B3,11,,5,0,,6/24/2016 3:46:14.000000000 PM,3,01/01/2001 00:00:00,12/31/1999 00:00:00,1,1,Kripa 
"30,158",Komat Drilling,328 South Railway St. East,,,,Medicine Hat,T1A 2V4,1,328 South Railway St. East,,,,Medicine Hat,T1A 2V4,1,,2,"29,747",awang,10/26/2016 4:00:49.000000000 PM,3,01/01/2001 00:00:00,12/31/1999 00:00:00,0,1,Komat 
"10,438",Koch Oil Sands GP,"1500, 111 - 5th Ave SW",,,,Calgary,T2P 3Y6,1,"1500, 111 - 5th Ave SW",,,,Calgary,T2P 3Y6,1,,2,0,,6/24/2016 3:46:14.000000000 PM,3,01/01/2001 00:00:00,12/31/1999 00:00:00,0,1,Koch 
"10,409",Knowledge Energy Inc.,"1620, 734 - 7 Ave SW
",,,,Calgary,T2P 3P8,1,"1620, 734 - 7 Ave SW
",,,,Calgary,T2P 3P8,1,,3,0,,6/24/2016 3:46:14.000000000 PM,3,01/01/2001 00:00:00,12/31/1999 00:00:00,0,1,Knowledge
"2,656",Kinwest 2008 Energy Inc.,"300, 615 - 3rd Avenue Sw",,,,Calgary,T2P 0G6,1,"300, 615 - 3rd Avenue Sw",,,,Calgary,T2P 0G6,1,,7,0,,6/24/2016 3:46:14.000000000 PM,3,01/01/2001 00:00:00,12/31/1999 00:00:00,1,1,Kinwest
"10,247",Kingsland Energy Corp.,1881 Scarth Street Suite 1500,,,,Regina,S4P 4K9,12,1881 Scarth Street Suite 1500,,,,Regina,S4P 4K9,12,,4,0,,6/24/2016 3:46:14.000000000 PM,3,01/01/2001 00:00:00,12/31/1999 00:00:00,1,1,Kingsland 
"2,657",Keystone Royalty Corp.,"1200, 1881 Scarth Street",,,,Regina,S4P 4K9,12,"1200, 1881 Scarth Street",,,,Regina,SaP 4K9,12,,3,"1,000,370",FWare,6/24/2016 3:46:14.000000000 PM,3,01/01/2001 00:00:00,12/31/1999 00:00:00,0,1,Keystone
"2,644",Keyera Partnership,"Sun Life Plaza West Tower
Suite 600 144 - 4th Avenue SW
Attention:  Accounts Payable",,,,Calgary,T2P 3N4,1,"Sun Life Plaza West Tower
Suite 600 144 - 4th Avenue SW
Attention:  Accounts Payable",,,,Calgary,T2P 3N4,1,,6,0,,10/27/2016 10:52:31.000000000 AM,3,01/01/2001 00:00:00,12/31/1999 00:00:00,0,1,Keyera
"10,360",Kelt Exploration Ltd.,Suite 300 311 6 Avenue S.W.,,,,Calgary,T2P 3H2,1,Suite 300 311 6 Avenue S.W.,,,,Calgary,T2P 3H2,1,,8,0,,11/8/2016 10:30:31.000000000 AM,3,01/01/2001 00:00:00,12/31/1999 00:00:00,0,1,Kelt 
"30,211",Kelt Exploration (LNG) Ltd,Suite 300 311 6 Avenue S.W.,,,,Calgary,T2P 3H2,1,Suite 300 311 6 Avenue S.W.,,,,Calgary,T2P 3H2,1,,3,0,,11/8/2016 10:29:02.000000000 AM,3,01/01/2001 00:00:00,12/31/1999 00:00:00,0,1,Kelt (LNG)
"2,658",Kasten Energy Inc.,"200, 407 - 3rd St SW",,,,Calgary,T2P 4Z2,1,"200, 407 - 3rd St SW",,,,Calgary,T2P 4Z2,1,,16,0,,6/24/2016 3:46:14.000000000 PM,3,01/01/2001 00:00:00,12/31/1999 00:00:00,1,1,Kasten
"2,605",Kaiser Exploration Ltd.,"1200, 700 - 4th Avenue SW",,,,Calgary,T2P 2J4,1,"1200, 700 - 4th Avenue SW",,,,Calgary,T2P 2J4,1,1285,4,0,,6/24/2016 3:46:14.000000000 PM,3,01/01/2001 00:00:00,12/31/1999 00:00:00,1,1,Kaiser
"10,421",K+S Potash Canada GP,220 Wall St,,,,Saskatoon,S7K 3Y3,12,220 Wall St,,,,Saskatoon,S7K 3Y3,12,,9,0,,11/24/2016 10:47:31.000000000 AM,3,01/01/2001 00:00:00,12/31/1999 00:00:00,0,1,K+S
"10,475",Jupiter Resources Inc.,"Suite 1100, 585 - 8 Ave SW",,,,Calgary,T2P 1G1,1,"Suite 1100, 585 - 8 Ave SW",,,,Calgary,T2P 1G1,1,,5,0,,6/24/2016 3:46:14.000000000 PM,3,01/01/2001 00:00:00,12/31/1999 00:00:00,0,1,Jupiter 
"30,104",Jomax Drilling (1988) Ltd.,,,,,,,1,,,,,,,1,,1,"29,747",awang,10/26/2016 4:02:02.000000000 PM,3,01/01/2001 00:00:00,12/31/1999 00:00:00,0,1,Jomax
"2,501",JDM Petroleums Inc.,629-5th Street,,,,Estevan,S4A OP8,12,629-5th Street,,,,Estevan,S4A OP8,12,1285,3,0,,6/24/2016 3:46:14.000000000 PM,3,01/01/2001 00:00:00,12/31/1999 00:00:00,1,1,JDM
"2,507",Jarrod Oils Ltd.,PO Box 58,,,,Gull Lake,S0N 1A0,12,PO Box 58,,,,Gull Lake,S0N 1A0,12,,4,0,,10/26/2016 2:11:01.000000000 PM,3,01/01/2001 00:00:00,12/31/1999 00:00:00,0,1,Jarrod
"2,505",Japan Canada Oil Sands Ltd.,"2300, 639 - 5th Avenue SW",,,,Calgary,T2P 0M9,1,"2300, 639 - 5th Avenue SW",,,,Calgary,T2P 0M9,1,,5,0,,6/24/2016 3:46:14.000000000 PM,3,01/01/2001 00:00:00,12/31/1999 00:00:00,0,1,JACOS
"30,232",J.B. Drilling Ltd.,PO Box 119,,,,Climax,S0N 0N0,12,PO Box 119,,,,Climax,S0N 0N0,12,,3,0,,12/8/2016 2:53:31.000000000 PM,3,01/01/2001 00:00:00,12/31/1999 00:00:00,1,1,#N/A
"2,406",ISH Energy Ltd.,"900 McFarlane Tower
700 -4th Avenue SW",,,,Calgary,T2P 3J4,1,"900 McFarlane Tower
700 -4th Avenue SW",,,,Calgary,T2P 3J4,1,1285,5,0,,6/24/2016 3:46:14.000000000 PM,3,01/01/2001 00:00:00,12/31/1999 00:00:00,0,1,ISH
"2,450",Inter Pipeline Ltd.,"2600, 237 - 4th Avenue SW",,,,Calgary,T2P 4K3,1,"2600, 237 - 4th Avenue SW",,,,Calgary,T2P 4K3,1,1285,4,0,,6/24/2016 3:46:14.000000000 PM,3,01/01/2001 00:00:00,12/31/1999 00:00:00,1,1,Inter Pipeline
"10,516",Integrated Sustainability Consultants Ltd.,"600, 540 5th Ave SW",,,,Calgary,T2P 0M2,1,"600, 540 5th Ave SW",,,,Calgary,T2P 0M2,1,,2,0,,6/24/2016 3:46:14.000000000 PM,3,01/01/2001 00:00:00,12/31/1999 00:00:00,0,1,ISCL
"2,444",Insignia Energy Ltd.,"2300, 500 - 4th Avenue SW",,,,Calgary,T2P 2V6,1,"2300, 500 - 4th Avenue SW",,,,Calgary,T2P 2V6,1,,4,0,,6/24/2016 3:46:14.000000000 PM,3,01/01/2001 00:00:00,12/31/1999 00:00:00,0,1,Insignia
"10,398",Inplay Oil Corp.,"900, 250-5 St SW",,,,Calgary,T2P 0R4,1,"900, 250-5 St SW",,,,Calgary,T2P 0R4,1,,7,0,,11/15/2016 3:06:01.000000000 PM,3,01/01/2001 00:00:00,12/31/1999 00:00:00,0,1,Inplay 
"10,439",Indepth Energy Inc.,"Suite 950, 717 7 Ave SW",,,,Calgary,T2P 0Z3,1,"Suite 950, 717 7 Ave SW",,,,Calgary,T2P 0Z3,1,,10,"29,747",awang,7/27/2016 3:49:21.000000000 PM,3,01/01/2001 00:00:00,12/31/1999 00:00:00,1,1,Indepth 
"2,395",Inception Exploration Ltd.,"Suite 300, 808 - 4th Avenue SW",,,,Calgary,T2P 3E8,1,"Suite 300, 808 - 4th Avenue SW",,,,Calgary,T2P 3E8,1,,6,0,,12/2/2016 8:28:31.000000000 AM,3,01/01/2001 00:00:00,12/31/1999 00:00:00,0,1,Inception 
"2,401",Imperial Oil Resources,"Drilling & Completion Services
237 - 4th Avenue SW",,,,Calgary,T2P 0H6,1,"Drilling & Completion Services
237 - 4th Avenue SW",,,,Calgary,T2P 0H6,1,,4,0,,6/24/2016 3:46:14.000000000 PM,3,01/01/2001 00:00:00,12/31/1999 00:00:00,0,1,Imperial
"10,385",Ikkuma Resources Corp.,"Suite 2700, 605 – 5th Avenue SW",,,,Calgary,T2P 3H5,1,"Suite 2700, 605 – 5th Avenue SW",,,,Calgary,T2P 3H5,1,,9,0,,10/27/2016 12:19:31.000000000 PM,3,01/01/2001 00:00:00,12/31/1999 00:00:00,0,1,Ikkuma
"2,365",Hyak Energy ULC,"Suite 110-101 6th St SW
Calgary AB",,,,Calgary,T2P 5K7,1,"Suite 110-101 6th St SW
Calgary AB",,,,Calgary,T2P 5K7,1,,9,0,,6/24/2016 3:46:14.000000000 PM,3,01/01/2001 00:00:00,12/31/1999 00:00:00,0,1,Hyak 
"4,008",Husky Oil Operations Limited,P.O. Box 4490 Station D,,,,Calgary,T2P 3G7,1,P.O. Box 4490 Station D,,,,Calgary,T2P 3G7,1,,6,0,,6/24/2016 3:46:14.000000000 PM,3,01/01/2001 00:00:00,12/31/1999 00:00:00,0,1,Husky
"30,206",Hummingbird Energy Inc.,2063 Indian Fort Dr.,,,,Surrey,V4A 3L7,2,2063 Indian Fort Dr.,,,,Surrey,V4A 3L7,2,,2,"29,747",awang,9/30/2016 6:32:24.000000000 PM,3,01/01/2001 00:00:00,12/31/1999 00:00:00,0,1,Hummingbird 
"30,100",Horizon Drilling Inc.,,,,,,,1,,,,,,,1,,1,"29,747",awang,10/26/2016 3:55:57.000000000 PM,3,01/01/2001 00:00:00,12/31/1999 00:00:00,0,1,Horizon
"10,326",Hitic Energy Ltd.,"218, 404 - 6th Avenue SW",,,,Calgary,T2P 0R9,1,"218, 404 - 6th Avenue SW",,,,Calgary,T2P 0R9,1,,4,0,,6/24/2016 3:46:14.000000000 PM,3,01/01/2001 00:00:00,12/31/1999 00:00:00,0,1,Hitic
"10,364",Highmark Exploration Inc.,1560-2002 Victoria Avenue,,,,Regina,S4P 0R7,12,1560-2002 Victoria Avenue,,,,Regina,S4P 0R7,12,,2,0,,6/24/2016 3:46:14.000000000 PM,3,01/01/2001 00:00:00,12/31/1999 00:00:00,1,1,Highmark 
"10,515",HESC Energy Limited Partnership,"800, 903 8th AVE SW",,,,Calgary,T2P 0P7,1,"800, 903 8th AVE SW",,,,Calgary,T2P 0P7,1,,6,0,,6/24/2016 3:46:14.000000000 PM,3,01/01/2001 00:00:00,12/31/1999 00:00:00,1,1,HESC 
"30,198",Hemisphere Energy Corporation,"2000, 1055 West Hastings St.",,,,Vancouver,V6E 2E9,2,,,,,,,,,1,"29,747",awang,7/23/2016 9:00:05.000000000 AM,1,01/01/2001 00:00:00,12/31/1999 00:00:00,0,1,Hemisphere 
"10,510",Hawk Exploration Ltd.,"1320 - 396, 11 Ave SW",,,,Calgary,T2R 0C5,1,"1320 - 396, 11 Ave SW",,,,Calgary,T2R 0C5,1,,6,"29,747",awang,7/28/2016 10:08:54.000000000 AM,3,01/01/2001 00:00:00,12/31/1999 00:00:00,1,1,Hawk 
"2,242",Harvest Operations Corp.,Suite 1500 700 – 2nd Street SW,,,,Calgary,T2P 2W1,1,Suite 1500 700 – 2nd Street SW,,,,Calgary,T2P 2W1,1,,8,0,,10/11/2016 4:52:31.000000000 PM,3,01/01/2001 00:00:00,12/31/1999 00:00:00,0,1,Harvest
"2,207",Hanna Oil & Gas Company - Canada ULC,"Suite 200, 615 - 3rd Avenue SW",,,,Calgary,T2P 0G6,1,"Suite 200, 615 - 3rd Avenue SW",,,,Calgary,T2P 0G6,1,,3,0,,6/24/2016 3:46:14.000000000 PM,3,01/01/2001 00:00:00,12/31/1999 00:00:00,0,1,Hanna O&G
"10,214",Halo Exploration Ltd.,"400, 1333 - 8th Street SW",,,,Calgary,T2R 1M6,1,"400, 1333 - 8th Street SW",,,,Calgary,T2R 1M6,1,,7,0,,6/24/2016 3:46:14.000000000 PM,3,01/01/2001 00:00:00,12/31/1999 00:00:00,0,1,Halo
"2,173",Gryphon Petroleum Corp.,"Suite 1210,707 - 7th Avenue SW",,,,Calgary,T2P 3H6,1,"Suite 1210,707 - 7th Avenue SW",,,,Calgary,T2P 3H6,1,,5,0,,6/24/2016 3:46:14.000000000 PM,3,01/01/2001 00:00:00,12/31/1999 00:00:00,0,1,Gryphon
"10,534",Groundstar Resources Limited,"2300, 144 - 4th Ave SW",,,,Calgary,T2P 3N4,1,"2300, 144 - 4th Ave SW",,,,Calgary,T2P 3N4,1,,2,0,,6/24/2016 3:46:14.000000000 PM,3,01/01/2001 00:00:00,12/31/1999 00:00:00,1,1,Groundstar 
"2,378",GroundForce geoDrilling Solutions,"650, 910 - 7th Avenue SW",,,,Calgary,T2P 3N8,1,"650, 910 - 7th Avenue SW",,,,Calgary,T2P 3N8,1,,4,0,,6/24/2016 3:46:14.000000000 PM,3,01/01/2001 00:00:00,12/31/1999 00:00:00,1,1,GroundForce
"2,161",Grizzly Resources Ltd.,"1000, 324 - 8th Avenue SW",,,,Calgary,T2P 2Z2,1,"1000, 324 - 8th Avenue SW",,,,Calgary,T2P 2Z2,1,,4,0,,6/24/2016 3:46:14.000000000 PM,3,01/01/2001 00:00:00,12/31/1999 00:00:00,0,1,Grizzly
"2,189",Grizzly Oil Sands ULC,"2700, 605 - 5th Avenue SW",,,,Calgary,T2P 3H5,1,"2700, 605 - 5th Avenue SW",,,,Calgary,T2P 3H5,1,,7,0,,6/24/2016 3:46:14.000000000 PM,3,01/01/2001 00:00:00,12/31/1999 00:00:00,1,1,Grizzly
"10,312",Grassy Hill Hutterian Brethren Ltd.,P.O. Box 510,,,,Gull Lake,S0N 1A0,12,P.O. Box 510,,,,Gull Lake,S0N 1A0,12,,3,0,,6/24/2016 3:46:14.000000000 PM,3,01/01/2001 00:00:00,12/31/1999 00:00:00,1,1,Grassy Hill
"10,583",Granite Oil Corp.,"432, 222 - 3rd Ave SW",,,,Calgary,T2P 0B4,1,"432, 222 - 3rd Ave SW",,,,Calgary,T2P 0B4,1,,1,0,,6/24/2016 3:46:14.000000000 PM,1,01/01/2001 00:00:00,12/31/1999 00:00:00,1,1,Granite
"2,385",Grandview Exploration Inc.,"Suite 300, 2509 Dieppe Ave SW",,,,Calgary,T3E 7J9,1,"Suite 300, 2509 Dieppe Ave SW",,,,Calgary,T3E 7J9,1,,4,0,,6/24/2016 3:46:14.000000000 PM,3,01/01/2001 00:00:00,12/31/1999 00:00:00,1,1,Grandview 
"30,195",GP Masonry Supply,9728 132 Ave,,,,Grande Prairie ,T8V 4J6,1,9728 132 Ave,,,,Grande Prairie ,T8V 4J6,1,,2,"29,747",awang,7/7/2016 4:26:42.000000000 PM,3,01/01/2001 00:00:00,12/31/1999 00:00:00,0,1,#N/A
"30,192",Goldenkey Oil Inc.,1580 - 727 7 Avenue SW,,,,Calgary,T2P 0Z5,1,1580 - 727 7 Avenue SW,,,,Calgary,T2P 0Z5,1,,4,"29,747",awang,7/7/2016 5:18:03.000000000 PM,3,01/01/2001 00:00:00,12/31/1999 00:00:00,0,1,Goldenkey 
"10,514",Glenogle Energy Inc.,"1400, 444 - 5 Ave SW",,,,Calgary,T2P 2T8,1,"1400, 444 - 5 Ave SW",,,,Calgary,T2P 2T8,1,,7,0,,11/8/2016 10:33:31.000000000 AM,3,01/01/2001 00:00:00,12/31/1999 00:00:00,0,1,Glenogle 
"2,559",Gibson Energy Inc.,"1700, 440 – 2nd Avenue SW",,,,Calgary,T2P 5E9,1,"1700, 440 – 2nd Avenue SW",,,,Calgary,T2P 5E9,1,,10,"29,747",awang,7/27/2016 3:48:52.000000000 PM,3,01/01/2001 00:00:00,12/31/1999 00:00:00,0,1,Gibson 
"30,226",Gensource Potash Corporation,"1100, 201 - 1st Ave South",,,,Saskatoon,S7K 1J5,12,"1100, 201 - 1st Ave South",,,,Saskatoon,S7K 1J5,12,,2,0,,11/22/2016 4:15:01.000000000 PM,3,01/01/2001 00:00:00,12/31/1999 00:00:00,0,1,Gensource
"2,347",Gear Energy Ltd.,"Suite 2600, 500 - 4th Avenue SW",,,,Calgary,T2P 2V6,1,"Suite 2600, 500 - 4th Avenue SW",,,,Calgary,T2P 2V6,1,,4,0,,6/24/2016 3:46:14.000000000 PM,3,01/01/2001 00:00:00,12/31/1999 00:00:00,0,1,Gear 
"30,225",Gambit Oil Corp,PO Box 20082,,,,Calgary,T2P 4J2,1,PO Box 20082,,,,Calgary,T2P 4J2,1,,3,0,,11/7/2016 1:25:02.000000000 PM,3,01/01/2001 00:00:00,12/31/1999 00:00:00,1,1,Gambit
"2,184",Galaxy Energy Ltd.,"1202, 1100 8th Ave SW",,,,Calgary ,T2P 3T9,1,"1202, 1100 8th Ave SW",,,,Calgary ,T2P 3T9,1,,0,0,,6/24/2016 3:46:14.000000000 PM,0,01/01/2001 00:00:00,12/31/1999 00:00:00,0,1,Galaxy
"10,296",Frontier Project Management Ltd.,"300, 1601 Westmount Rd. NW",,,,Calgary,T2N 3M2,1,"300, 1601 Westmount Rd. NW",,,,Calgary,T2N 3M2,1,,4,0,,6/24/2016 3:46:14.000000000 PM,3,01/01/2001 00:00:00,12/31/1999 00:00:00,1,1,Frontier 
"10,357",Freemont Resources Ltd,Suite 200 - 1518 - 7th Street SW,,,,Calgary,T2R 1A7,1,Suite 200 - 1518 - 7th Street SW,,,,Calgary,T2R 1A7,1,,4,0,,6/24/2016 3:46:14.000000000 PM,3,01/01/2001 00:00:00,12/31/1999 00:00:00,1,1,Freemont 
"10,478",Freehold Royalties Partnership,"400, 144 - 4th Ave SW",,,,Calgary,T2P 3N4,1,"400, 144 - 4th Ave SW",,,,Calgary,T2P 3N4,1,,3,0,,6/24/2016 3:46:14.000000000 PM,3,01/01/2001 00:00:00,12/31/1999 00:00:00,0,1,Freehold 
"30,169",Fox Drilling Inc,2-3710 18 Ave N,,,,Lethbridge,T1H 5S7,1,2-3710 18 Ave N,,,,Lethbridge,T1H 5S7,1,,3,"29,747",awang,10/26/2016 4:07:03.000000000 PM,3,01/01/2001 00:00:00,12/31/1999 00:00:00,0,1,Fox 
"10,371",Four Winds Midstream Solutions,"105, 10136-128 Avenue",,,,Grande Prairie,T8V 1E9,1,"105, 10136-128 Avenue",,,,Grande Prairie,T8V 1E9,1,,3,0,,6/24/2016 3:46:14.000000000 PM,3,01/01/2001 00:00:00,12/31/1999 00:00:00,1,1,Four Winds 
"3,109",Fortis Corporation,"802, 57th Street East",,,,Saskatoon,S7K 5Z1,12,"802, 57th Street East",,,,Saskatoon,S7K 5Z1,12,,8,0,,6/24/2016 3:46:14.000000000 PM,3,01/01/2001 00:00:00,12/31/1999 00:00:00,1,1,Fortis
"2,090",Fort Calgary Resources Ltd.,"2820, 700-9th Ave SW",,,,Calgary,T2P 3V4,1,"2820, 700-9th Ave SW",,,,Calgary,T2P 3V4,1,,7,"29,747",awang,9/30/2016 6:39:01.000000000 PM,3,01/01/2001 00:00:00,12/31/1999 00:00:00,0,1,Fort Calgary
"10,530",Forge Oil & Gas Limited,"Suite 2000, 840 – 7th Avenue S.W.",,,,Calgary,AB T2P 3G2,1,"Suite 2000, 840 – 7th Avenue S.W.",,,,Calgary,AB T2P 3G2,1,,2,0,,6/24/2016 3:46:14.000000000 PM,3,01/01/2001 00:00:00,12/31/1999 00:00:00,0,1,Forge 
"10,453",Flushing Energy Corporation,303 - 1933A 10th Ave SW,,,,Calgary,T3C 0K3,1,303 - 1933A 10th Ave SW,,,,Calgary,T3C 0K3,1,,4,0,,6/24/2016 3:46:14.000000000 PM,3,01/01/2001 00:00:00,12/31/1999 00:00:00,1,1,Flushing
"10,396",Fire Creek Resources Ltd.,206 - 11th Avenue SE,,,,Calgary,T2G 0X8,1,206 - 11th Avenue SE,,,,Calgary,T2G 0X8,1,,6,"29,747",awang,7/27/2016 2:04:56.000000000 PM,3,01/01/2001 00:00:00,12/31/1999 00:00:00,1,1,Fire Creek 
"30,204",ExxonMobil Canada Energy,Attn: AP PO Box 2480 STN M,,,,Calgary,T2P 3M9,1,Attn: AP PO Box 2480 STN M,,,,Calgary,T2P 3M9,1,,2,0,,10/7/2016 5:26:01.000000000 PM,3,01/01/2001 00:00:00,12/31/1999 00:00:00,0,1,ExxonMobil 
"30,096",Excalibur Drilling Ltd.,,,,,,,1,,,,,,,1,,1,"29,747",awang,10/26/2016 3:52:27.000000000 PM,3,01/01/2001 00:00:00,12/31/1999 00:00:00,0,1,Excalibur
"10,395",EverGro Energy Corporation,"Suite 7299, 90 11th Ave",,,,Regina,S4P 0J3,12,"Suite 7299, 90 11th Ave",,,,Regina,S4P 0J3,12,,4,0,,6/13/2015 8:27:32.000000000 PM,3,1/1/0001,12/31/9999 23:59:59,1,1,EverGro 
"1,986",ERCO Worldwide,"440, 736 - 8th Ave SW",,,,Calgary,T2P 1H4,1,"440, 736 - 8th Ave SW",,,,Calgary,T2P 1H4,1,,0,0,,6/24/2016 3:46:14.000000000 PM,0,01/01/2001 00:00:00,12/31/1999 00:00:00,0,1,ERCO
"1,908",EOG Resources Canada Inc.,"1300, 700 - 9th Avenue SW",,,,Calgary,T2P 3V4,1,"1300, 700 - 9th Avenue SW",,,,Calgary,T2P 3V4,1,,5,0,,6/24/2016 3:46:14.000000000 PM,3,01/01/2001 00:00:00,12/31/1999 00:00:00,1,1,EOG
"10,477",Envolve Energy Services Corp.,PO Box 1270 Stn Main,,,,Grande Prairie,T8V 4Z1,1,PO Box 1270 Stn Main,,,,Grande Prairie,T8V 4Z1,1,,3,0,,6/24/2016 3:46:14.000000000 PM,3,01/01/2001 00:00:00,12/31/1999 00:00:00,1,1,EnvolveE
"30,095",Ensign Drilling Inc.,,,,,,,1,,,,,,,1,,1,"29,747",awang,10/26/2016 3:51:33.000000000 PM,3,01/01/2001 00:00:00,12/31/1999 00:00:00,0,1,Ensign
"10,474",Enhance Energy Inc.,"Suite 900, 333 5 Ave SW",,,,Calgary,T2P 3B6,1,"Suite 900, 333 5 Ave SW",,,,Calgary,T2P 3B6,1,,5,0,,6/24/2016 3:46:14.000000000 PM,3,01/01/2001 00:00:00,12/31/1999 00:00:00,0,1,Enhance 
"2,338",Enerplus Corporation,"The Dome Tower
3000, 333 - 7th Avenue SW",,,,Calgary,T2P 2Z1,1,"The Dome Tower
3000, 333 - 7th Avenue SW",,,,Calgary,T2P 2Z1,1,,4,0,,12/19/2016 12:39:31.000000000 PM,3,01/01/2001 00:00:00,12/31/1999 00:00:00,0,1,Enerplus 
"2,307",Endurance Energy Ltd.,"Suite 800, 215 - 9th Avenue SW",,,,Calgary,T2P 1K3,1,"Suite 800, 215 - 9th Avenue SW",,,,Calgary,T2P 1K3,1,,8,0,,6/24/2016 3:46:14.000000000 PM,3,01/01/2001 00:00:00,12/31/1999 00:00:00,0,1,Endurance
"10,285",Encore Coring & Drilling,1345 Highfield Crescent S.E.,,,,Calgary,T2G 5N2,1,1345 Highfield Crescent S.E.,,,,Calgary,T2G 5N2,1,,4,0,,6/24/2016 3:46:14.000000000 PM,3,01/01/2001 00:00:00,12/31/1999 00:00:00,1,1,Encore 
"1,946",EnCana Corporation,,,,,,,,,,,,,,,,8,0,,6/24/2016 3:46:14.000000000 PM,3,01/01/2001 00:00:00,12/31/1999 00:00:00,0,1,Encana
"1,988",Ember Resources Inc.,"2400, 300 - 5th Avenue SW",,,,Calgary,T2P 3C4,1,"2400, 300 - 5th Avenue SW",,,,Calgary,T2P 3C4,1,,4,0,,6/24/2016 3:46:14.000000000 PM,3,01/01/2001 00:00:00,12/31/1999 00:00:00,0,1,Ember
"10,322",Elcano Exploration,"Suite 420, 550 - 6th Ave SW",,,,Calgary,T2P 0S2,1,"Suite 420, 550 - 6th Ave SW",,,,Calgary,T2P 0S2,1,,5,0,,6/24/2016 3:46:14.000000000 PM,3,01/01/2001 00:00:00,12/31/1999 00:00:00,0,1,Elcano
"2,392",Edmonton Exchanger & Manufacturing Ltd.,"5545 – 89 Street
",,,,Edmonton,T6E 5W9,1,"5545 – 89 Street
",,,,Edmonton,T6E 5W9,1,,8,"29,747",awang,7/27/2016 3:48:20.000000000 PM,3,01/01/2001 00:00:00,12/31/1999 00:00:00,0,1,EEML
"2,336",Edge Resources Inc.,"1400, 717-7 Ave SW",,,,Calgary,T2P 0Z3,1,"1400, 717-7 Ave SW",,,,Calgary,T2P 0Z3,1,,7,0,,6/24/2016 3:46:14.000000000 PM,3,01/01/2001 00:00:00,12/31/1999 00:00:00,1,1,Edge
"10,581",Duracon Concrete Corp.,,,,,,,,,,,,,,,,2,0,,6/24/2016 3:46:14.000000000 PM,3,01/01/2001 00:00:00,12/31/1999 00:00:00,1,1,Duracon 
"10,294",Dreco Energy Services ULC - Downhole Canada,1507 - 4th St,,,,Nisku,T9E 7M9,1,1507 - 4th St,,,,Nisku,T9E 7M9,1,,7,0,,6/24/2016 3:46:14.000000000 PM,3,01/01/2001 00:00:00,12/31/1999 00:00:00,0,1,Dreco 
"10,388",Dragonfountain Ltd.,Suite 710 - 2nd Street SW,,,,Calgary,T2P 2Y3,1,Suite 710 - 2nd Street SW,,,,Calgary,T2P 2Y3,1,,3,0,,6/24/2016 3:46:14.000000000 PM,3,01/01/2001 00:00:00,12/31/1999 00:00:00,0,1,DragonFountain
"1,822",Direct Energy Resources,"1000, 111 - 5th Avenue SW",,,,Calgary,T2P 3Y6,1,"1000, 111 - 5th Avenue SW",,,,Calgary,T2P 3Y6,1,,4,0,,6/24/2016 3:46:14.000000000 PM,3,01/01/2001 00:00:00,12/31/1999 00:00:00,1,1,Direct
"2,382",Direct Energy Marketing Ltd.,"1200, 525 - 8th Avenue SW",,,,Calgary,T2P 1G1,1,"1200, 525 - 8th Avenue SW",,,,Calgary,T2P 1G1,1,,4,0,,6/24/2016 3:46:14.000000000 PM,3,01/01/2001 00:00:00,12/31/1999 00:00:00,0,1,Direct Energy 
"1,840",Devon Canada,"2000, 400 - 3rd Avenue SW",,,,Calgary,T2P 4H2,1,"2000, 400 - 3rd Avenue SW",,,,Calgary,T2P 4H2,1,,8,0,,6/24/2016 3:46:14.000000000 PM,3,01/01/2001 00:00:00,12/31/1999 00:00:00,0,1,Devon
"30,199",Deltastream Energy Corp.,Suite 1950 – 633 6th Ave SW,,,,Calgary,T2P 2Y5,1,,,,,,,1,,2,"29,747",awang,8/2/2016 2:45:11.000000000 PM,3,08/02/2016 00:00:00,12/31/1999 00:00:00,0,1,Deltastream 
"1,868",Delphi Energy Corp.,"300, 500 - 4th Ave SW",,,,Calgary,T2P 2V6,1,"300, 500 - 4th Ave SW",,,,Calgary,T2P 2V6,1,,3,0,,6/24/2016 3:46:14.000000000 PM,3,01/01/2001 00:00:00,12/31/1999 00:00:00,0,1,Delphi
"30,205",DCP Oil Corp.,"1900, 520 - 3rd Avenue SW",,,,Calgary,T2P 0R3,1,"1900, 520 - 3rd Avenue SW",,,,Calgary,T2P 0R3,1,,3,"29,747",awang,9/30/2016 6:38:40.000000000 PM,3,01/01/2001 00:00:00,12/31/1999 00:00:00,1,1,DCP
"30,188",DC Drilling Inc.,513 Tanner Dr SE,,,,Airdrie,T4A2E7,1,513 Tanner Dr SE,,,,Airdrie,T4A2E7,1,,4,"29,747",awang,10/26/2016 4:05:28.000000000 PM,3,01/01/2001 00:00:00,12/31/1999 00:00:00,0,1,DC 
"2,391",Dark Warrior Resources Ltd.,"1100, 630 - 6 Ave SW",,,,Calgary,T2P 0S8,1,"1100, 630 - 6 Ave SW",,,,Calgary,T2P 0S8,1,,8,0,,6/24/2016 3:46:14.000000000 PM,3,01/01/2001 00:00:00,12/31/1999 00:00:00,1,1,Dark Warrior
"10,291","Dale Leivestad, LLC","PO Box 8499
Attn: AP Dept",,,,Baker,59313,227,"PO Box 8499
Attn: AP Dept",,,,Baker,59313,227,,3,0,,6/13/2015 8:28:33.000000000 PM,3,1/1/0001,12/31/9999 23:59:59,0,2,#N/A
"30,219",D2 Drilling Inc.,,,,,,,,,,,,,,,,1,"29,747",awang,10/26/2016 4:31:17.000000000 PM,1,01/01/2001 00:00:00,12/31/1999 00:00:00,0,1,D2 
"30,215",CWC Ironhand Drilling,,,,,,,,,,,,,,,,1,"29,747",awang,10/26/2016 4:24:56.000000000 PM,1,01/01/2001 00:00:00,12/31/1999 00:00:00,0,1,CWC
"30,183",Crusader Drilling,Suite 50-276 Seventh Ave S,,,,Yorkton,S3N3V2,12,Suite 50-276 Seventh Ave S,,,,Yorkton,S3N3V2,12,,1,"1,000,370",FWare,12/12/2014 12:35:43.000000000 PM,1,1/1/0001,12/31/9999 23:59:59,0,,Crusader 
"1,481",Croverro Energy Ltd.,"1600, 840 - 7th Avenue SW",,,,Calgary,T2P 3G2,1,"1600, 840 - 7th Avenue SW",,,,Calgary,T2P 3G2,1,,6,0,,6/24/2016 3:46:14.000000000 PM,3,01/01/2001 00:00:00,12/31/1999 00:00:00,1,1,Croverro
"10,460",Cross Borders Consulting Ltd.,Box 509,,,,Pilot Butte,S0G 3Z0,12,Box 509,,,,Pilot Butte,S0G 3Z0,12,,4,0,,6/24/2016 3:46:14.000000000 PM,3,01/01/2001 00:00:00,12/31/1999 00:00:00,0,1,Cross Borders 
"1,782",Crocotta Energy Inc.,"700, 639-5th Avenue SW",,,,Calgary,T2P 0M9,1,"700, 639-5th Avenue SW",,,,Calgary,T2P 0M9,1,,4,0,,6/24/2016 3:46:14.000000000 PM,3,01/01/2001 00:00:00,12/31/1999 00:00:00,1,1,Crocotta
"1,689",Crew Energy Inc.,"800, 250 - 5th Street SW",,,,Calgary,T2P 0R4,1,"800, 250 - 5th Street SW",,,,Calgary,T2P 0R4,1,,6,0,,6/24/2016 3:46:14.000000000 PM,3,01/01/2001 00:00:00,12/31/1999 00:00:00,1,1,Crew
"1,637",Crescent Point Energy Corp.,"2000, 585 - 8 Ave SW",,,,Calgary,T2P 1G1,1,"2000, 585 - 8 Ave SW",,,,Calgary,T2P 1G1,1,,8,0,,11/28/2016 3:04:01.000000000 PM,3,01/01/2001 00:00:00,12/31/1999 00:00:00,0,1,CPEC
"4,639",Craft Oil Ltd.,"Suite 1010, 639 - 5th Avenue SW",,,,Calgary,T2P 0M9,1,"Suite 1010, 639 - 5th Avenue SW",,,,Calgary,T2P 0M9,1,,10,"29,747",awang,10/7/2016 1:21:42.000000000 PM,3,01/01/2001 00:00:00,12/31/1999 00:00:00,0,1,Craft
"4,459",CQ Energy Resources Canada Partnership,"Suite 1200, 525 8th Avenue SW",,,,Calgary,T2P 1G1,1,"Suite 1200, 525 8th Avenue SW",,,,Calgary,T2P 1G1,1,,8,0,,6/24/2016 3:46:14.000000000 PM,3,01/01/2001 00:00:00,12/31/1999 00:00:00,0,1,CQ Energy
"10,406",Corval Energy Ltd.,"Suite 2400, 500-4th Avenue SW
",,,,Calgary,T2P 2V6,1,"Suite 2400, 500-4th Avenue SW
",,,,Calgary,T2P 2V6,1,,3,0,,6/24/2016 3:46:14.000000000 PM,3,01/01/2001 00:00:00,12/31/1999 00:00:00,0,1,Corval 
"2,462",Corex Resources Ltd.,"3200, 700 - 2 St SW",,,,Calgary,T2P 2W2,1,"3200, 700 - 2 St SW",,,,Calgary,T2P 2W2,1,,6,0,,6/24/2016 3:46:14.000000000 PM,3,01/01/2001 00:00:00,12/31/1999 00:00:00,0,1,Corex 
"10,262",Cordy Environmental,Box 479,,,,Stettler,T0C 2L0,1,Box 479,,,,Stettler,T0C 2L0,1,,4,0,,6/24/2016 3:46:14.000000000 PM,3,01/01/2001 00:00:00,12/31/1999 00:00:00,1,1,Cordy 
"1,541",Consumers Co-operative Refineries Ltd.,P.O. Box 260,,,,Regina,S4P 3A1,12,P.O. Box 260,,,,Regina,S4P 3A1,12,,2,0,,6/24/2016 3:46:14.000000000 PM,3,01/01/2001 00:00:00,12/31/1999 00:00:00,1,1,Consumers Co-op
"1,494",Conserve Oil Corporation,"500, 340 - 12th Avenue SW",,,,Calgary,T2R 1L5,1,"500, 340 - 12th Avenue SW",,,,Calgary,T2R 1L5,1,,9,0,,6/24/2016 3:46:14.000000000 PM,3,01/01/2001 00:00:00,12/31/1999 00:00:00,1,1,Conserve
"1,537",ConocoPhillips Canada,"Attn: Accounts Payable
P.O. Box 2566, Stn M",,,,Calgary,T2P 2H7,1,"Attn: Accounts Payable
P.O. Box 2566, Stn M",,,,Calgary,T2P 2H7,1,,5,0,,6/24/2016 3:46:14.000000000 PM,3,01/01/2001 00:00:00,12/31/1999 00:00:00,0,1,Conoco
"1,639",Connaught Oil & Gas Ltd.,"1300, 530 - 8th Avenue SW",,,,Calgary,T2P 3S8,1,"1300, 530 - 8th Avenue SW",,,,Calgary,T2P 3S8,1,,5,0,,6/24/2016 3:46:14.000000000 PM,3,01/01/2001 00:00:00,12/31/1999 00:00:00,1,1,Connaught
"30,012",Concord Well Servicing,,,,,,,,,,,,,,,,0,0,,9/3/2008 11:39:02.154000000 AM,0,1/1/0001,12/31/9999 00:00:00,0,1,#N/A
"1,461",Coda Petroleum Inc.,"ATT: Accounts Payable
SunLife Plaza, North Tower
Suite 1440, 140 - 4th Avenue SW",,,,Calgary,T2P 3N3,1,"ATT: Accounts Payable
SunLife Plaza, North Tower
Suite 1440, 140 - 4th Avenue SW",,,,Calgary,T2P 3N3,1,,5,0,,6/24/2016 3:46:14.000000000 PM,3,01/01/2001 00:00:00,12/31/1999 00:00:00,0,1,Coda 
"1,758",Coastal Resources Ltd.,"1400, 520 - 5th Ave S.W.",,,,Calgary,T2P 3R7,1,"1400, 520 - 5th Ave S.W.",,,,Calgary,T2P 3R7,1,,4,0,,6/24/2016 3:46:14.000000000 PM,3,01/01/2001 00:00:00,12/31/1999 00:00:00,0,1,Coastal
"1,583",City of Medicine Hat,364 Kippling Street SE,Attn: Glenn Baumback,,,Medicine Hat,T1A 1Y4,1,364 Kippling Street SE,Attn: Glenn Baumback,,,Medicine Hat,T1A 1Y4,1,,0,0,,6/24/2016 3:46:14.000000000 PM,0,01/01/2001 00:00:00,12/31/1999 00:00:00,0,1,City of Med Hat
"30,224",City of Medicine Hat,,,,,,,,,,,,,,,,2,0,,11/3/2016 3:05:01.000000000 PM,3,01/01/2001 00:00:00,12/31/1999 00:00:00,0,1,City of Med Hat
"30,216",Citadel Drilling Ltd.,,,,,,,,,,,,,,,,2,"29,747",awang,10/26/2016 4:31:37.000000000 PM,3,01/01/2001 00:00:00,12/31/1999 00:00:00,0,1,Citadel 
"1,493",Chinook Energy Inc.,"1000, 517 - 10 Ave SW",,,,Calgary,T2R 0A8,1,"1000, 517 - 10 Ave SW",,,,Calgary,T2R 0A8,1,,8,0,,6/24/2016 3:46:14.000000000 PM,3,01/01/2001 00:00:00,12/31/1999 00:00:00,0,1,Chinook
"30,089",Chinook Drilling,,,,,,,1,,,,,,,1,,1,"29,747",awang,10/26/2016 3:53:29.000000000 PM,3,01/01/2001 00:00:00,12/31/1999 00:00:00,0,1,Chinook
"4,424",Cequence Energy Ltd.,"3100, 525 - 8 Ave SW",,,,Calgary,T2P 1G1,1,"3100, 525 - 8 Ave SW",,,,Calgary,T2P 1G1,1,,6,0,,6/24/2016 3:46:14.000000000 PM,3,01/01/2001 00:00:00,12/31/1999 00:00:00,0,1,Cequence
"1,053",Centrica Canada Ltd.,"1000, 111 - 5th Avenue SW",,,,Calgary,T2P 3Y6,1,"1000, 111 - 5th Avenue SW",,,,Calgary,T2P 3Y6,1,,0,0,,6/24/2016 3:46:14.000000000 PM,0,01/01/2001 00:00:00,12/31/1999 00:00:00,0,1,#N/A
"2,054",Cenovus FCCL Ltd. as Operator for FCCL Partnership,500 Centre Street SE  P.O. Box 766,,,,Calgary,T2P 0M5,1,500 Centre Street SE  P.O. Box 766,,,,Calgary,T2P 0M5,1,,8,0,,6/24/2016 3:46:14.000000000 PM,3,01/01/2001 00:00:00,12/31/1999 00:00:00,0,1,Cenovus FCCL
"1,499",Cenovus Energy Inc.,"500 Centre Street SE
PO Box 766",,,,Calgary,T2P 0M5,1,"500 Centre Street SE
PO Box 766",,,,Calgary,T2P 0M5,1,,7,0,,6/24/2016 3:46:14.000000000 PM,3,01/01/2001 00:00:00,12/31/1999 00:00:00,0,1,Cenovus Energy
"10,502",Catapult Environmental Inc.,"600, 800 - 6 Ave SW",,,,Calgary,T2P 3G3,1,"600, 800 - 6 Ave SW",,,,Calgary,T2P 3G3,1,,2,0,,6/24/2016 3:46:14.000000000 PM,3,01/01/2001 00:00:00,12/31/1999 00:00:00,1,1,Catapult 
"10,403",Cardinal Energy Ltd.,"600, 400 - 3 Ave SW",,,,Calgary,T2P 4H2,1,"600, 400 - 3 Ave SW",,,,Calgary,T2P 4H2,1,,6,0,,6/24/2016 3:46:14.000000000 PM,3,01/01/2001 00:00:00,12/31/1999 00:00:00,0,1,Cardinal 
"10,397",Caprock Resources Inc.,2230 Queen Street,,,,Regina,S4T 4C5,12,2230 Queen Street,,,,Regina,S4T 4C5,12,,2,0,,6/24/2016 3:46:14.000000000 PM,3,01/01/2001 00:00:00,12/31/1999 00:00:00,1,1,Caprock 
"1,586",Caprice Resources Inc.,P.O. Box 848,,,,Weyburn,S4H 2L1,12,P.O. Box 848,,,,Weyburn,S4H 2L1,12,1285,2,0,,6/24/2016 3:46:14.000000000 PM,3,01/01/2001 00:00:00,12/31/1999 00:00:00,0,1,Caprice 
"10,554",Canyon Technical Services Ltd.,"2900, 255 - 5 Ave SW",,,,Calgary,T2P 3G6,1,"2900, 255 - 5 Ave SW",,,,Calgary,T2P 3G6,1,,3,0,,6/24/2016 3:46:14.000000000 PM,3,01/01/2001 00:00:00,12/31/1999 00:00:00,0,1,Canyon 
"1,696",Cansearch Resources Ltd.,"900, 736 - 6th Avenue SW",,,,Calgary,T2P 3T7,1,"900, 736 - 6th Avenue SW",,,,Calgary,T2P 3T7,1,,4,0,,6/24/2016 3:46:14.000000000 PM,3,01/01/2001 00:00:00,12/31/1999 00:00:00,0,1,Cansearch
"30,228",Canexus Corporation,"2100, 144 - 4th Ave SW",,,,Calgary,T2P 3N4,1,"2100, 144 - 4th Ave SW",,,,Calgary,T2P 3N4,1,,2,0,,12/2/2016 12:00:33.000000000 PM,3,01/01/2001 00:00:00,12/31/1999 00:00:00,0,1,#N/A
"10,377",Canadian Quantum Energy Corporation,"Suite 500, 1414 8th St. SW",,,,Calgary,T2R 1J6,1,"Suite 500, 1414 8th St. SW",,,,Calgary,T2R 1J6,1,,2,0,,6/24/2016 3:46:14.000000000 PM,3,01/01/2001 00:00:00,12/31/1999 00:00:00,1,1,CQEC
"1,513",Canadian Natural Resources Ltd.,"2500, 855 - 2nd Street SW",,,,Calgary,T2P 4J8,1,"2500, 855 - 2nd Street SW",,,,Calgary,T2P 4J8,1,,5,0,,6/13/2015 8:26:38.000000000 PM,3,1/1/0001,12/31/9999 23:59:59,0,1,CNRL
"10,283",Canadian Coyote Energy Ltd.,"430, 910 7th Avenue SW
",,,,Calgary,T2P 3N8,1,"430, 910 7th Avenue SW
",,,,Calgary,T2P 3N8,1,,5,0,,6/24/2016 3:46:14.000000000 PM,3,01/01/2001 00:00:00,12/31/1999 00:00:00,1,1,Canadian Coyote 
"1,506",Canadian Coastal Resources Ltd.,"900, 202 - 6th Avenue SW",,,,Calgary,T2P 2R9,1,"900, 202 - 6th Avenue SW",,,,Calgary,T2P 2R9,1,,6,0,,6/24/2016 3:46:14.000000000 PM,3,01/01/2001 00:00:00,12/31/1999 00:00:00,0,1,CCR
"1,765",Canada Capital Energy Corporation,"Sunlife Plaza
2600, 140 - 4th Avenue SW",,,,Calgary,T2P 3N3,1,"Sunlife Plaza
2600, 140 - 4th Avenue SW",,,,Calgary,T2P 3N3,1,,7,0,,6/24/2016 3:46:14.000000000 PM,3,01/01/2001 00:00:00,12/31/1999 00:00:00,0,1,CCEC
"2,300",Cameco Corporation,2121 - 11th Street West,,,,Saskatoon,S7M 1J3,12,2121 - 11th Street West,,,,Saskatoon,S7M 1J3,12,,1,"148,354",kbozkir,6/24/2016 3:46:14.000000000 PM,1,01/01/2001 00:00:00,12/31/1999 00:00:00,0,1,Cemeco
"1,452",Caltex Resources Ltd.,"Suite 1500, 17 - 7th Avenue SW",,,,Calgary,T2P 0Z3,1,"Suite 1500, 17 - 7th Avenue SW",,,,Calgary,T2P 0Z3,1,,3,0,,6/24/2016 3:46:14.000000000 PM,3,01/01/2001 00:00:00,12/31/1999 00:00:00,0,1,Caltex 
"2,495",CaiTerra International Energy Corp.,"200, 1414 – 8th Street SW",,,,Calgary,T2R 1J6,1,"200, 1414 – 8th Street SW",,,,Calgary,T2R 1J6,1,,4,0,,6/24/2016 3:46:14.000000000 PM,3,01/01/2001 00:00:00,12/31/1999 00:00:00,0,1,CaiTerra
"10,402",Bruin Oil and Gas,"Suite 600, 703 - 6th Avenue SW",,,,Calgary,T2P 0T9,1,"Suite 600, 703 - 6th Avenue SW",,,,Calgary,T2P 0T9,1,,6,0,,6/24/2016 3:46:14.000000000 PM,3,01/01/2001 00:00:00,12/31/1999 00:00:00,0,1,Bruin 
"1,227",Brownstone Resources Ltd.,1150 Railway Avenue,,,,Weyburn,S4H 0B3,12,1150 Railway Avenue,,,,Weyburn,S4H 0B3,12,,3,0,,6/24/2016 3:46:14.000000000 PM,3,01/01/2001 00:00:00,12/31/1999 00:00:00,1,1,Brownstone
"1,406",Broadview Energy Ltd.,"201, 1100 - 8th Avenue SW",,,,Calgary,T2P 3T8,1,"201, 1100 - 8th Avenue SW",,,,Calgary,T2P 3T8,1,,5,0,,6/24/2016 3:46:14.000000000 PM,3,01/01/2001 00:00:00,12/31/1999 00:00:00,0,1,Broadview
"2,387",Brion Energy Corporation,"ATTN: Accounts Payable Department
Suite 1000, 150 - 9th Avenue SW",,,,Calgary,T2P 3H9,1,"ATTN: Accounts Payable Department
Suite 1000, 150 - 9th Avenue SW",,,,Calgary,T2P 3H9,1,,5,0,,6/24/2016 3:46:14.000000000 PM,3,01/01/2001 00:00:00,12/31/1999 00:00:00,0,1,Brion 
"1,217",Bounty Developments Ltd.,"1250, 340 - 12th Avenue SW",,,,Calgary,T2R 1L5,1,"1250, 340 - 12th Avenue SW",,,,Calgary,T2R 1L5,1,,4,0,,6/24/2016 3:46:14.000000000 PM,3,01/01/2001 00:00:00,12/31/1999 00:00:00,0,1,Bounty
"30,189",Boulder Energy Ltd,"540, 222 - 3rd Ave SW",,,,Calgary,T2P0B4,1,,,,,,,1,,3,"29,747",awang,7/22/2016 3:46:22.000000000 PM,3,01/01/2001 00:00:00,12/31/1999 00:00:00,0,1,Boulder
"1,371",Border Paving Ltd.,PO Box 2270,,,,Stony Plain,T7Z 1X7,1,PO Box 2270,,,,Stony Plain,T7Z 1X7,1,1285,4,0,,11/14/2016 11:46:31.000000000 AM,3,01/01/2001 00:00:00,12/31/1999 00:00:00,0,1,Border
"1,246",Bonterra Energy Corp.,"901, 1015 - 4th St. S.W.",,,,Calgary,T2R 1J4,1,"901, 1015 - 4th St. S.W.",,,,Calgary,T2R 1J4,1,,3,0,,6/24/2016 3:46:14.000000000 PM,3,01/01/2001 00:00:00,12/31/1999 00:00:00,0,1,Bonterra
"1,226",Bonavista Energy Corporation,"888, 888 - 8th Avenue SW",,,,Calgary,T2P 1G1,1,"888, 888 - 8th Avenue SW",,,,Calgary,T2P 1G1,1,,6,0,,6/13/2015 8:26:36.000000000 PM,3,1/1/0001,12/31/9999 23:59:59,0,1,Bonavista
"30,155",Bonanza Drilling Inc.,Box 537,29 Martin Way,,,Brooks,T1R 1B5,1,Box 537,29 Martin Way,,,Brooks,T1R 1B5,1,,3,"29,747",awang,10/26/2016 3:54:01.000000000 PM,3,01/01/2001 00:00:00,12/31/1999 00:00:00,0,1,Bonanza D
"1,363","Bonanza Creek Energy Operation Co, LLC","666 67th Street
Suite 1400",,,,Denver,80202,206,"666 67th Street
Suite 1400",,,,Denver,80202,206,,2,0,,6/13/2015 8:28:33.000000000 PM,3,1/1/0001,12/31/9999 23:59:59,0,2,#N/A
"1,397",BLZ Energy Ltd.,"2200, 605 - 5th Avenue SW",,,,Calgary,T2P 3H5,1,"2200, 605 - 5th Avenue SW",,,,Calgary,T2P 3H5,1,,4,0,,6/24/2016 3:46:14.000000000 PM,3,01/01/2001 00:00:00,12/31/1999 00:00:00,1,1,BLZ
"10,293",Blaze Energy Ltd.,"Suite 1010, 900 - 6th Ave SW",,,,Calgary,T2P 3K2,1,"Suite 1010, 900 - 6th Ave SW",,,,Calgary,T2P 3K2,1,,3,0,,6/24/2016 3:46:14.000000000 PM,3,01/01/2001 00:00:00,12/31/1999 00:00:00,1,1,Blaze
"10,325",Blackspur Oil Corporation,"1200, 707-7th Avenue SW",,,,Calgary,T2P 3H6,1,"1200, 707-7th Avenue SW",,,,Calgary,T2P 3H6,1,,4,0,,6/24/2016 3:46:14.000000000 PM,3,01/01/2001 00:00:00,12/31/1999 00:00:00,1,1,Blackspur 
"1,389",BlackPearl Resources Inc.,"700, 444-7th Avenue S.W.",,,,Calgary,T2P 0X8,1,"700, 444-7th Avenue S.W.",,,,Calgary,T2P 0X8,1,,5,0,,6/24/2016 3:46:14.000000000 PM,3,01/01/2001 00:00:00,12/31/1999 00:00:00,0,1,BlackPearl
"10,376",Blackbird Energy Inc.,"400, 444 - 5th Ave SW",,,,Calgary,T2P 2T8,1,"400, 444 - 5th Ave SW",,,,Calgary,T2P 2T8,1,,4,0,,10/24/2016 4:43:01.000000000 PM,3,01/01/2001 00:00:00,12/31/1999 00:00:00,0,1,Blackbird
"10,355",Black Swan Energy Limited,"1200, 255-5th Avenue SW",,,,Calgary,T2P 3G6,1,"1200, 255-5th Avenue SW",,,,Calgary,T2P 3G6,1,,3,0,,6/24/2016 3:46:14.000000000 PM,3,01/01/2001 00:00:00,12/31/1999 00:00:00,0,1,Black Swan
"2,489",Birchill Exploration Limited Partnership,"820, 815 – 8th Avenue SW",,,,Calgary,T2P 3P2,1,"820, 815 – 8th Avenue SW",,,,Calgary,T2P 3P2,1,,4,0,,6/24/2016 3:46:14.000000000 PM,3,01/01/2001 00:00:00,12/31/1999 00:00:00,0,1,Birchill
"10,443",Birchill Canada Limited Partnership,820 815 8 Ave SW,,,,Calgary,T2P 3P2,1,820 815 8 Ave SW,,,,Calgary,T2P 3P2,1,,5,0,,10/11/2016 4:34:31.000000000 PM,3,01/01/2001 00:00:00,12/31/1999 00:00:00,1,1,Birchill 
"1,322",Birchcliff Energy Ltd.,"500, 630 - 4th Avenue SW",,,,Calgary,T2P 0J9,1,"500, 630 - 4th Avenue SW",,,,Calgary,T2P 0J9,1,,2,0,,6/24/2016 3:46:14.000000000 PM,3,01/01/2001 00:00:00,12/31/1999 00:00:00,0,1,Birchcliff
"30,217",Betts Drilling Ltd.,,,,,,,,,,,,,,,,1,"29,747",awang,10/26/2016 4:30:06.000000000 PM,1,01/01/2001 00:00:00,12/31/1999 00:00:00,0,1,Betts
"30,229",Bertram Drilling Corp.,PO Box 100,,,,Carbon,T0M 0L0,1,PO Box 100,,,,Carbon,T0M 0L0,1,,3,0,,12/5/2016 4:27:01.000000000 PM,3,01/01/2001 00:00:00,12/31/1999 00:00:00,0,1,Bertram 
"10,289",Bernum Petroleum,"203, 2303 - 4th Street SW",,,,Calgary,T2S 2S7,1,"203, 2303 - 4th Street SW",,,,Calgary,T2S 2S7,1,,5,0,,10/27/2016 11:27:31.000000000 AM,3,01/01/2001 00:00:00,12/31/1999 00:00:00,0,1,Bernum
"10,304",Beringer Energy Inc.,"Suite 1900, 444-5th Avenue SW",,,,Calgary,T2P 2T8,1,"Suite 1900, 444-5th Avenue SW",,,,Calgary,T2P 2T8,1,,4,0,,6/24/2016 3:46:14.000000000 PM,3,01/01/2001 00:00:00,12/31/1999 00:00:00,0,1,Beringer 
"2,496",Bering Exploration Company,"140, 630 – 4th Avenue SW",,,,Calgary,T2P 0J9,1,"140, 630 – 4th Avenue SW",,,,Calgary,T2P 0J9,1,,3,0,,6/24/2016 3:46:14.000000000 PM,3,01/01/2001 00:00:00,12/31/1999 00:00:00,0,1,Bering 
"1,385",Benchmark Engineering Inc.,"810, 396 - 11th Avenue SW",,,,Calgary,T2R 0C5,1,"810, 396 - 11th Avenue SW",,,,Calgary,T2R 0C5,1,,9,"29,747",awang,7/27/2016 2:01:36.000000000 PM,3,01/01/2001 00:00:00,12/31/1999 00:00:00,1,1,Benchmark
"30,081",Beaver Drilling Ltd.,,,,,,,1,,,,,,,1,,1,"29,747",awang,10/26/2016 4:01:08.000000000 PM,3,01/01/2001 00:00:00,12/31/1999 00:00:00,0,1,Beaver
"2,487",Beaumont Energy Inc.,100-1601 Westmount Road NW,,,,Calgary,T2N 3M2,1,100-1601 Westmount Road NW,,,,Calgary,T2N 3M2,1,,4,0,,6/24/2016 3:46:14.000000000 PM,3,01/01/2001 00:00:00,12/31/1999 00:00:00,0,1,Beaumont 
"10,307",BDJ Energy Inc.,"Suite 2000, 300-5th Avenue SW",,,,Calgary,T2P 3C4,1,"Suite 2000, 300-5th Avenue SW",,,,Calgary,T2P 3C4,1,,4,0,,6/24/2016 3:46:14.000000000 PM,3,01/01/2001 00:00:00,12/31/1999 00:00:00,1,1,BDJ 
"1,205",Baytex Energy Ltd.,"2800, 520 - 3rd Avenue SW",,,,Calgary,T2P 0R3,1,"2800, 520 - 3rd Avenue SW",,,,Calgary,T2P 0R3,1,,5,0,,6/24/2016 3:46:14.000000000 PM,3,01/01/2001 00:00:00,12/31/1999 00:00:00,0,1,Baytex
"10,579",Baytech Energy Investment Inc.,"Suite 1580, 727 – 7th Avenue SW",,,,Calgary,T2P 0Z5,1,"Suite 1580, 727 – 7th Avenue SW",,,,Calgary,T2P 0Z5,1,,1,0,,6/24/2016 3:46:14.000000000 PM,1,01/01/2001 00:00:00,12/31/1999 00:00:00,1,1,Baytech 
"1,258","Barnwell of Canada, Limited","c/o The Barlon Engineering Group Ltd.
1110, 340 - 12th Avenue SW",,,,Calgary,T2R 1L5,1,"c/o The Barlon Engineering Group Ltd.
1110, 340 - 12th Avenue SW",,,,Calgary,T2R 1L5,1,,3,0,,6/24/2016 3:46:14.000000000 PM,3,01/01/2001 00:00:00,12/31/1999 00:00:00,0,1,Barnwell
"1,394",Baccalieu Energy Inc.,635 8 Ave Sw Suite 500,,,,Calgary,T2P 3M3,1,635 8 Ave Sw Suite 500,,,,Calgary,T2P 3M3,1,,8,0,,6/24/2016 3:46:14.000000000 PM,3,01/01/2001 00:00:00,12/31/1999 00:00:00,0,1,Baccelieu
"30,209",Avalon Oil and Gas Ltd,"1120, 833 - 4th Ave SW",,,,Calgary,T2P 3T5,1,"1120, 833 - 4th Ave SW",,,,Calgary,T2P 3T5,1,,2,"29,747",awang,10/7/2016 11:51:17.000000000 AM,3,01/01/2001 00:00:00,12/31/1999 00:00:00,0,1,Avalon 
"30,197",Audax Investments,Box 1565,,,,Estevan,S4A 2L7,12,Box 1565 ,,,,Estevan,S4A 2L7,12,,1,"29,747",awang,7/20/2016 1:42:44.000000000 PM,1,01/01/2001 00:00:00,12/31/1999 00:00:00,0,1,Audax 
"1,054",Athena Resources Ltd.,"1410, 396 - 11th Avenue SW",,,,Calgary,T2R 0C5,1,"1410, 396 - 11th Avenue SW",,,,Calgary,T2R 0C5,1,,3,0,,6/24/2016 3:46:14.000000000 PM,3,01/01/2001 00:00:00,12/31/1999 00:00:00,0,1,Athena
"1,151",Athabasca Oil Corporation,"1200, 215- 9th Avenue, S.W.",,,,Calgary,T2P 1K3,1,"1200, 215- 9th Avenue, S.W.",,,,Calgary,T2P 1K3,1,,5,0,,6/24/2016 3:46:14.000000000 PM,3,01/01/2001 00:00:00,12/31/1999 00:00:00,0,1,Athabasca
"1,085",Atco Energy Solutions Ltd.,"Box 370
",,,,Carbon,T2P 4H4,1,"Box 370
",,,,Carbon,T2P 4H4,1,1285,4,0,,6/24/2016 3:46:14.000000000 PM,3,01/01/2001 00:00:00,12/31/1999 00:00:00,0,1,Atco 
"1,119",Aspenleaf Energy Limited,"Suite 2100, 240 – 4th Avenue SW",,,,Calgary,T2P 4H4,1,"Suite 2100, 240 – 4th Avenue SW",,,,Calgary,T2P 4H4,1,,14,"29,747",awang,7/27/2016 3:47:04.000000000 PM,3,01/01/2001 00:00:00,12/31/1999 00:00:00,1,1,Aspenleaf
"10,218",Artisan Energy Corporation,1350 734 7 Ave SW,,,,Calgary,T2P 3P8,1,1350 734 7 Ave SW,,,,Calgary,T2P 3P8,1,,5,0,,6/24/2016 3:46:14.000000000 PM,3,01/01/2001 00:00:00,12/31/1999 00:00:00,1,1,Artisan 
"1,198",Artisan Consulting Services Ltd.,505 7th Street E,,,,Carlyle,S0C 0R0,12,505 7th Street E,,,,Carlyle,S0C 0R0,12,,7,0,,6/24/2016 3:46:14.000000000 PM,3,01/01/2001 00:00:00,12/31/1999 00:00:00,0,1,Artisan 
"1,116",Arsenal Energy Inc.,"1900, 639 - 5th Avenue SW",,,,Calgary,T2P 0M9,1,"1900, 639 - 5th Avenue SW",,,,Calgary,T2P 0M9,1,,4,0,,6/24/2016 3:46:14.000000000 PM,3,01/01/2001 00:00:00,12/31/1999 00:00:00,0,1,#N/A
"1,043",Arc Resources Ltd.,"1200, 308 - 4 Avenue SW",,,,Calgary,T2P 0H7,1,"1200, 308 - 4 Avenue SW",,,,Calgary,T2P 0H7,1,,7,0,,6/24/2016 3:46:14.000000000 PM,3,06/29/2015 00:00:00,12/31/1999 00:00:00,0,1,Arc
"10,340",Aqua North Water Systems Ltd.,8819 - 101 Street,,,,Fort St. John,V1J 5K4,2,8819 - 101 Street,,,,Fort St. John,V1J 5K4,2,,6,0,,6/24/2016 3:46:14.000000000 PM,3,01/01/2001 00:00:00,12/31/1999 00:00:00,1,1,Aqua North 
"1,101",Apache Canada Ltd. (Zama),Box 25,,,,Zama City,T0H 4E0,1,Box 25,,,,Zama City,T0H 4E0,1,,4,0,,6/24/2016 3:46:14.000000000 PM,3,01/01/2001 00:00:00,12/31/1999 00:00:00,0,1,Apache (Zama)
"1,018",Apache Canada Ltd.,"Suite 2800, 421 - 7 Avenue SW",,,,Calgary,T2P 4K9,1,"Suite 2800, 421 - 7 Avenue SW",,,,Calgary,T2P 4K9,1,,9,0,,6/24/2016 3:46:14.000000000 PM,3,01/01/2001 00:00:00,12/31/1999 00:00:00,0,1,Apache
"10,507",AOC Simonette Partnership,"1200, 215 - 9th Ave SW",,,,Calgary,T2P 1K3,1,"1200, 215 - 9th Ave SW",,,,Calgary,T2P 1K3,1,,2,0,,6/24/2016 3:46:14.000000000 PM,3,01/01/2001 00:00:00,12/31/1999 00:00:00,0,1,AOC Simonette 
"10,498",AOC Kaybob Partnership,"1200, 215- 9th Avenue, S.W. Calgary",,,,Calgary,T2P 1K3,1,"1200, 215- 9th Avenue, S.W. Calgary",,,,Calgary,T2P 1K3,1,,3,0,,6/24/2016 3:46:14.000000000 PM,3,01/01/2001 00:00:00,12/31/1999 00:00:00,0,1,AOC Kaybob 
"10,243",AOC Hangingstone Partnership,"Bow Valley Square 4
2000, 250 - 6th Avenue SW
Attenetion:  Cost Controller",,,,Calgary,T2P 3H7,1,"Bow Valley Square 4
2000, 250 - 6th Avenue SW
Attenetion:  Cost Controller",,,,Calgary,T2P 3H7,1,,7,0,,6/24/2016 3:46:14.000000000 PM,3,01/01/2001 00:00:00,12/31/1999 00:00:00,1,1,AOC Hangingstone 
"10,523",AOC Grande Prairie Partnership,"1200, 215 - 9 Ave SW",,,,Calgary,T2P 1K3,1,"1200, 215 - 9 Ave SW",,,,Calgary,T2P 1K3,1,,2,0,,6/24/2016 3:46:14.000000000 PM,3,01/01/2001 00:00:00,12/31/1999 00:00:00,0,1,AOC Grande Prairie
"10,269",Andora Energy Corporation,"1505, 505-3rd st SW",,,,Calgary,T2P 3E6,1,"1505, 505-3rd st SW",,,,Calgary,T2P 3E6,1,,7,0,,6/24/2016 3:46:14.000000000 PM,3,01/01/2001 00:00:00,12/31/1999 00:00:00,1,1,Andora 
"1,109",Anderson Energy Inc.,"1000,555 4th Avenue S.W.",,,,Calgary,T2P 3E7,1,"1000,555 4th Avenue S.W.",,,,Calgary,T2P 3E7,1,,10,0,,6/24/2016 3:46:14.000000000 PM,3,01/01/2001 00:00:00,12/31/1999 00:00:00,0,1,Anderson
"1,092",Anadarko Petroleum Corporation,P.O. Box 4995999,,,,The Woodlands,77387,244,P.O. Box 4995999,,,,The Woodlands,77387,244,,3,"154,277",KMaher,7/12/2013 11:17:03.000000000 AM,3,1/1/0001,12/31/9999 23:59:59,0,2,#N/A
"30,207",Altura Energy Inc.,"200, 640 5th Ave SW",,,,Calgary,T2P 3G4,1,"200, 640 5th Ave SW",,,,Calgary,T2P 3G4,1,,2,"29,747",awang,9/30/2016 6:32:52.000000000 PM,3,01/01/2001 00:00:00,12/31/1999 00:00:00,0,1,Altura 
"1,163",AltaGas Ltd.,1700 355 - 4th Avenue SW,,,,Calgary,T2P 0J1,1,1700 355 - 4th Avenue SW,,,,Calgary,T2P 0J1,1,1285,8,0,,10/27/2016 10:49:01.000000000 AM,3,01/01/2001 00:00:00,12/31/1999 00:00:00,1,1,AltaGas 
"10,282",Altagas Extraction and Transmission LP,"RR2, Site 2. Box 24",,,,Lacombe,T4L 2N2,1,"RR2, Site 2. Box 24",,,,Lacombe,T4L 2N2,1,,6,0,,6/24/2016 3:46:14.000000000 PM,3,01/01/2001 00:00:00,12/31/1999 00:00:00,1,1,Altagas 
"10,497",Altabras Energy Services Corp.,"PO box 6563, Station D",,,,Calgary,T2P 2E4,1,"PO box 6563, Station D",,,,Calgary,T2P 2E4,1,,4,0,,6/24/2016 3:46:14.000000000 PM,3,01/01/2001 00:00:00,12/31/1999 00:00:00,1,1,Altabras
"30,177",Alliance Drilling And Oilfield Service Ltd,477 Devonian St,,,,Estevan,S4A 2A5,12,477 Devonian St,Estevan,,,,S4A 2A5,12,,2,"29,747",awang,10/26/2016 4:08:00.000000000 PM,3,01/01/2001 00:00:00,12/31/1999 00:00:00,0,1,Alliance 
"1,040",Aldon Oils Ltd.,1150 Railway Avenue,,,,Weyburn,S4H 0B3,12,1150 Railway Avenue,,,,Weyburn,S4H 0B3,12,,6,0,,6/24/2016 3:46:14.000000000 PM,3,01/01/2001 00:00:00,12/31/1999 00:00:00,0,1,Aldon
"10,361",Alder Ridge Resources Ltd.,"Suite 650, 635 - 8 Ave SW",,,,Calgary,T2P 3M3,1,"Suite 650, 635 - 8 Ave SW",,,,Calgary,T2P 3M3,1,,11,"29,747",awang,7/27/2016 3:47:57.000000000 PM,3,01/01/2001 00:00:00,12/31/1999 00:00:00,1,1,Alder Ridge 
"3,834",Alberta Oilsands Inc.,"800, 350 - 7th Avenue SW",,,,Calgary,T2P 3N9,1,"800, 350 - 7th Avenue SW",,,,Calgary,T2P 3N9,1,1285,3,0,,6/24/2016 3:46:14.000000000 PM,3,01/01/2001 00:00:00,12/31/1999 00:00:00,0,1,Alberta Oilsands
"1,146",Alban Energy,"777, 777 - 7th Ave SW",,,,Calgary,T2P 3R5,1,"777, 777 - 7th Ave SW",,,,Calgary,T2P 3R5,1,,0,0,,9/3/2008 11:39:20.203000000 AM,0,1/1/0001,12/31/9999 00:00:00,0,1,#N/A
"30,076",Akita Drilling Ltd.,,,,,,,1,,,,,,,1,,1,"29,747",awang,10/26/2016 3:59:54.000000000 PM,3,01/01/2001 00:00:00,12/31/1999 00:00:00,0,1,Akita
"1,084",Advantage Oil & Gas Ltd.,"300, 440 - 2 Ave SW",,,,Calgary,T2P 5E9,1,"300, 440 - 2 Ave SW",,,,Calgary,T2P 5E9,1,,8,0,,11/18/2016 10:38:02.000000000 AM,3,01/01/2001 00:00:00,12/31/1999 00:00:00,0,1,Advantage
"30,075",Advance Drilling Ltd.,1001 505 - 3 Street SW,,,,Calgary,T2P 3E6,1,1001 505 - 3 Street SW,,,,Calgary,T2P 3E6,1,,2,"29,747",awang,10/26/2016 3:57:24.000000000 PM,3,01/01/2001 00:00:00,12/31/1999 00:00:00,0,1,Advance
"1,153",Aduro Resources Ltd.,f3 414 Breskon Drive SW,,,,Calgary,T3E 7M2,1,f3 414 Breskon Drive SW,,,,Calgary,T3E 7M2,1,1285,3,0,,6/13/2015 8:26:36.000000000 PM,3,1/1/0001,12/31/9999 23:59:59,0,1,#N/A
"4,523",Abandonrite Enviro Services,"4444, 444 - 4th Avenue SW",,,,Calgary,T2P 2V6,1,"4444, 444 - 4th Avenue SW",,,,Calgary,T2P 2V6,1,,4,0,,6/13/2015 8:27:08.000000000 PM,3,1/1/0001,12/31/9999 23:59:59,0,1,Abandonrite
"10,471",1894078 Alberta Ltd,"4500, 855 2nd Street SW,",,,,Calgary,T2P 4K7,1,"4500, 855 2nd Street SW,",,,,Calgary,T2P 4K7,1,,9,0,,6/24/2016 3:46:14.000000000 PM,3,01/01/2001 00:00:00,12/31/1999 00:00:00,0,1,1894078 Alberta 
"10,365",1764821 Alberta Ltd.,"Suite 3900, 350 - 7th Avenue SW",,,,Calgary,T2P 3N9,1,"Suite 3900, 350 - 7th Avenue SW",,,,Calgary,T2P 3N9,1,,6,0,,6/24/2016 3:46:14.000000000 PM,3,01/01/2001 00:00:00,12/31/1999 00:00:00,1,1,1764821 Alberta 
"10,287",1316751 Alberta Ltd.,#340 1414 - 8th Street S.W.,,,,Calgary,T2R 1J6,1,#340 1414 - 8th Street S.W.,,,,Calgary,T2R 1J6,1,,8,0,,10/7/2016 5:11:01.000000000 PM,3,01/01/2001 00:00:00,12/31/1999 00:00:00,1,1,1316751 Alberta 
