ID,NAME,RIG_NO,RIG_SIZE_TYPE_CAT,RIG_SIZE_TYPE_ID,RIG_SIZE_TYPE_NAME,DRILLINGCOMPANY_ID,DRILLINGCOMPANY_NAME,STATUS,IS_SERVICE_RIG,IS_DELETED,IS_TOP_DRIVE,SIZE_TYPE_VALUE,SIZE_TYPE_UNIT,THREAD_TYPE_ID,THREAD_TYPE_NAME,THREAD_TYPE_CATEGORY,VERSION,LAST_MODIFIED_USER_ID,LAST_MODIFIED_USER_NAME,LAST_MODIFIED_DATE_TIME,LAST_OPERATION_TYPE,EFFECTIVE_START_DATE_TIME,EFFECTIVE_END_DATE_TIME
1,Akita Drilling Ltd. 12,12,56,1,,30076,Akita Drilling Ltd.,0,0,0,1,114.3,,4,XH,45,,,,,,,
2,Akita Drilling Ltd. 21,21,56,1,,30076,Akita Drilling Ltd.,0,0,0,1,114.3,,4,XH,45,,,,,,,
3,Akita Drilling Ltd. 21,21,56,1,,30076,Akita Drilling Ltd.,0,0,0,0,,,,,,,,,,,,
4,Akita Drilling Ltd. 25,25,56,1,,30076,Akita Drilling Ltd.,0,0,0,0,,,,,,,,,,,,
5,Akita Drilling Ltd. 27,27,56,2,Single,30076,Akita Drilling Ltd.,0,0,0,0,,,,,,,,,,,,
6,Akita Drilling Ltd. 31,31,56,1,,30076,Akita Drilling Ltd.,0,0,0,0,,,,,,,,,,,,
7,Akita Drilling Ltd. 32E,32E,56,1,,30076,Akita Drilling Ltd.,0,0,0,0,,,,,,,,,,,,
8,Akita Drilling Ltd. 40,40,56,4,Triple,30076,Akita Drilling Ltd.,0,0,0,0,,,,,,,,,,,,
9,Akita Drilling Ltd. 6,6,56,1,,30076,Akita Drilling Ltd.,0,0,0,1,114.3,,4,XH,45,,,,,,,
10,Akita Drilling Ltd. 8,8,56,1,,30076,Akita Drilling Ltd.,0,0,0,1,114.3,,4,XH,45,,,,,,,
11,Akita Drilling Ltd. 80,80,56,1,,30076,Akita Drilling Ltd.,0,0,0,1,114.3,,4,XH,45,,,,,,,
12,Akita Drilling Ltd. 90,90,56,4,Triple,30076,Akita Drilling Ltd.,0,0,0,1,114.3,,4,XH,45,,,,,,,
13,Alliance Drilling And Oilfield Service Ltd 2,2,56,1,,30177,Alliance Drilling And Oilfield Service Ltd,0,0,0,1,114.3,,4,XH,45,,,,,,,
14,Alliance Drilling Ltd 8,8,56,1,,30177,Alliance Drilling Ltd,0,0,0,0,,,,,,,,,,,,
15,Beaver Drilling Ltd. 3,3,56,1,,30081,Beaver Drilling Ltd.,0,0,0,1,101.6,,4,XH,45,,,,,,,
16,Beaver Drilling Ltd. 6,6,56,1,,30081,Beaver Drilling Ltd.,0,0,0,1,114.3,,4,XH,45,,,,,,,
17,Betts Drilling Ltd. 1,1,56,1,,30217,Betts Drilling Ltd.,0,0,0,1,114.3,,4,XH,45,,,,,,,
18,Betts Drilling Ltd. 2,2,56,1,,30217,Betts Drilling Ltd.,0,0,0,1,114.3,,4,XH,45,,,,,,,
19,Bonanza Drilling Inc. 10,10,56,1,,30155,Bonanza Drilling Inc.,0,0,0,1,114.3,,4,XH,45,,,,,,,
20,Bonanza Drilling Inc. 2,2,56,1,,30155,Bonanza Drilling Inc.,0,0,0,1,114.3,,4,XH,45,,,,,,,
21,Bonanza Drilling Inc. 4,4,56,1,,30155,Bonanza Drilling Inc.,0,0,0,1,114.3,,4,XH,45,,,,,,,
22,Bonanza Drilling Inc. 5,5,56,1,,30155,Bonanza Drilling Inc.,0,0,0,1,114.3,,4,XH,45,,,,,,,
23,Bonanza Drilling Inc. 6,6,56,1,,30155,Bonanza Drilling Inc.,0,0,0,1,114.3,,4,XH,45,,,,,,,
24,Bonanza Drilling Inc. 7,7,56,1,,30155,Bonanza Drilling Inc.,0,0,0,1,114.3,,4,XH,45,,,,,,,
25,Bonanza Drilling Inc. 8,8,56,1,,30155,Bonanza Drilling Inc.,0,0,0,1,114.3,,4,XH,45,,,,,,,
26,Bonanza Drilling Inc. 9,9,56,1,,30155,Bonanza Drilling Inc.,0,0,0,0,,,,,,,,,,,,
27,Camaro Drilling Ltd 1,1,56,1,,30086,Camaro Drilling Ltd,0,0,0,0,,,,,,,,,,,,
28,Canadian Well Services Corp 142,142,56,1,,30151,Canadian Well Services Corp,0,0,0,0,,,,,,,,,,,,
29,Chinook Drilling 17,17,56,1,,30089,Chinook Drilling,0,0,0,1,114.3,,4,XH,45,,,,,,,
30,Chinook Drilling 18,18,56,1,,30089,Chinook Drilling,0,0,0,1,114.3,,4,XH,45,,,,,,,
31,Chinook Drilling 19,19,56,3,Double,30089,Chinook Drilling,0,0,0,1,114.3,,4,XH,45,,,,,,,
32,Chinook Drilling 3,3,56,1,,30089,Chinook Drilling,0,0,0,0,,,,,,,,,,,,
33,Citadel Drilling Ltd. 1,1,56,1,,30216,Citadel Drilling Ltd.,0,0,0,1,114.3,,4,XH,45,,,,,,,
34,Concord Well Servicing 118,118,56,1,,30012,Concord Well Servicing,0,0,0,1,114.3,,4,XH,45,,,,,,,
35,Concord Well Servicing 119,119,56,1,,30012,Concord Well Servicing,0,0,0,1,114.3,,4,XH,45,,,,,,,
36,Concord Well Servicing 120,120,56,1,,30012,Concord Well Servicing,0,0,0,1,114.3,,4,XH,45,,,,,,,
37,Concord Well Servicing 144,144,56,1,,30012,Concord Well Servicing,0,0,0,0,,,,,,,,,,,,
38,Concord Well Servicing 148,148,56,1,,30012,Concord Well Servicing,0,0,0,0,,,,,,,,,,,,
39,Concord Well Servicing 154,154,56,1,,30012,Concord Well Servicing,0,0,0,1,114.3,,4,XH,45,,,,,,,
40,Concord Well Servicing 19,19,56,1,,30012,Concord Well Servicing,0,0,0,0,,,,,,,,,,,,
41,Concord Well Servicing 23,23,56,1,,30012,Concord Well Servicing,0,0,0,0,,,,,,,,,,,,
42,Concord Well Servicing 40,40,56,1,,30012,Concord Well Servicing,0,0,0,0,,,,,,,,,,,,
43,Concord Well Servicing 41,41,56,1,,30012,Concord Well Servicing,0,0,0,0,,,,,,,,,,,,
44,Concord Well Servicing 41,41,56,1,,30012,Concord Well Servicing,0,0,0,1,114.3,,4,XH,45,,,,,,,
45,Concord Well Servicing 49,49,56,1,,30012,Concord Well Servicing,0,0,0,1,114.3,,4,XH,45,,,,,,,
46,Concord Well Servicing 64,64,56,1,,30012,Concord Well Servicing,0,0,0,0,,,,,,,,,,,,
47,Concord Well Servicing 78,78,56,1,,30012,Concord Well Servicing,0,0,0,1,114.3,,4,XH,45,,,,,,,
48,Crusader Drilling 1,1,56,1,,30183,Crusader Drilling,0,0,0,1,114.3,,4,XH,45,,,,,,,
49,Crusader Drilling 2,2,56,1,,30183,Crusader Drilling,0,0,0,0,,,,,,,,,,,,
50,CWC Ironhand Drilling 0,0,56,1,,30215,CWC Ironhand Drilling,0,0,0,0,,,,,,,,,,,,
51,CWC Ironhand Drilling 1,1,56,1,,30215,CWC Ironhand Drilling,0,0,0,0,,,,,,,,,,,,
52,CWC Ironhand Drilling 110,110,56,1,,30215,CWC Ironhand Drilling,0,0,0,0,,,,,,,,,,,,
53,CWC Ironhand Drilling 126,126,56,1,,30215,CWC Ironhand Drilling,0,0,0,0,,,,,,,,,,,,
54,CWC Ironhand Drilling 129,129,56,1,,30215,CWC Ironhand Drilling,0,0,0,0,,,,,,,,,,,,
55,CWC Ironhand Drilling 139,139,56,1,,30215,CWC Ironhand Drilling,0,0,0,0,,,,,,,,,,,,
56,CWC Ironhand Drilling 208,208,56,1,,30215,CWC Ironhand Drilling,0,0,0,0,,,,,,,,,,,,
57,CWC Ironhand Drilling 255,255,56,1,,30215,CWC Ironhand Drilling,0,0,0,1,114.3,,4,XH,45,,,,,,,
58,DC Drilling Inc. 2,2,56,1,,30188,DC Drilling Inc.,0,0,0,1,114.3,,4,XH,45,,,,,,,
59,Diamond Energy Services 6,6,56,1,,30014,Diamond Energy Services,0,0,0,0,,,,,,,,,,,,
60,Eagle Drilling Services Ltd. 45,45,56,1,,30093,Eagle Drilling Services Ltd.,0,0,0,0,,,,,,,,,,,,
61,Eagle Well Servicing 22,22,56,1,,30015,Eagle Well Servicing,0,0,0,0,,,,,,,,,,,,
62,Ensign Drilling Inc. 141,141,56,1,,30095,Ensign Drilling Inc.,0,0,0,1,114.3,,4,XH,45,,,,,,,
63,Ensign Drilling Inc. 143,143,56,1,,30095,Ensign Drilling Inc.,0,0,0,1,114.3,,4,XH,45,,,,,,,
64,Ensign Drilling Inc. 147,147,56,1,,30095,Ensign Drilling Inc.,0,0,0,1,114.3,,4,XH,45,,,,,,,
65,Ensign Drilling Inc. 148,148,56,3,Double,30095,Ensign Drilling Inc.,0,0,0,1,114.3,,4,XH,45,,,,,,,
66,Ensign Drilling Inc. 220,220,56,1,,30095,Ensign Drilling Inc.,0,0,0,1,114.3,,4,XH,45,,,,,,,
67,Ensign Drilling Inc. 225,225,56,3,Double,30095,Ensign Drilling Inc.,0,0,0,1,114.3,,4,XH,45,,,,,,,
68,Ensign Drilling Inc. 351,351,56,1,,30095,Ensign Drilling Inc.,0,0,0,1,114.3,,4,XH,45,,,,,,,
69,Ensign Drilling Inc. 352,352,56,1,,30095,Ensign Drilling Inc.,0,0,0,1,114.3,,4,XH,45,,,,,,,
70,Ensign Drilling Inc. 361,361,56,1,,30095,Ensign Drilling Inc.,0,0,0,1,114.3,,4,XH,45,,,,,,,
71,Ensign Drilling Inc. 544,544,56,1,,30095,Ensign Drilling Inc.,0,0,0,1,101.6,,4,XH,45,,,,,,,
72,Ensign Drilling Inc. 651,651,56,1,,30095,Ensign Drilling Inc.,0,0,0,1,114.3,,4,XH,45,,,,,,,
73,Essential Well Service 1129,1129,56,1,,30167,Essential Well Service,0,0,0,0,,,,,,,,,,,,
74,Excalibur Drilling Ltd. 10,10,56,1,,30096,Excalibur Drilling Ltd.,0,0,0,1,114.3,,4,XH,45,,,,,,,
75,Ex-Cel Well Servicing Ltd. 2,2,56,1,,30017,Ex-Cel Well Servicing Ltd.,0,0,0,0,,,,,,,,,,,,
76,Ex-Cel Well Servicing Ltd. 3,3,56,1,,30017,Ex-Cel Well Servicing Ltd.,0,0,0,0,,,,,,,,,,,,
77,Extreme Drilling Inc 3,3,56,1,,30179,Extreme Drilling Inc,0,0,0,0,,,,,,,,,,,,
78,Fox Drilling Inc 1,1,56,1,,30169,Fox Drilling Inc,0,0,0,1,114.3,,4,XH,45,,,,,,,
79,Global Petroleum Group-Caterpiller 40,40,56,1,,30020,Global Petroleum Group-Caterpiller,0,0,0,0,,,,,,,,,,,,
80,Grimes Well Servicing Ltd. 2,2,56,1,,30022,Grimes Well Servicing Ltd.,0,0,0,0,,,,,,,,,,,,
81,Grimes Well Servicing Ltd. 6,6,56,1,,30022,Grimes Well Servicing Ltd.,0,0,0,0,,,,,,,,,,,,
82,Horizon Drilling Inc. 11,11,56,1,,30100,Horizon Drilling Inc.,0,0,0,1,114.3,,4,XH,45,,,,,,,
83,Horizon Drilling Inc. 14,14,56,1,,30100,Horizon Drilling Inc.,0,0,0,1,114.3,,4,XH,45,,,,,,,
84,Horizon Drilling Inc. 16,16,56,1,,30100,Horizon Drilling Inc.,0,0,0,1,114.3,,4,XH,45,,,,,,,
85,Horizon Drilling Inc. 2,2,56,1,,30100,Horizon Drilling Inc.,0,0,0,1,101.6,,4,XH,45,,,,,,,
86,Horizon Drilling Inc. 21,21,56,1,,30100,Horizon Drilling Inc.,0,0,0,1,114.3,,4,XH,45,,,,,,,
87,Horizon Drilling Inc. 3,3,56,1,,30100,Horizon Drilling Inc.,0,0,0,1,114.3,,4,XH,45,,,,,,,
88,Horizon Drilling Inc. 30,30,56,1,,30100,Horizon Drilling Inc.,0,0,0,0,,,,,,,,,,,,
89,Horizon Drilling Inc. 34,34,56,1,,30100,Horizon Drilling Inc.,0,0,0,0,,,,,,,,,,,,
90,Horizon Drilling Inc. 37,37,56,1,,30100,Horizon Drilling Inc.,0,0,0,1,114.3,,4,XH,45,,,,,,,
91,Horizon Drilling Inc. 39,39,56,1,,30100,Horizon Drilling Inc.,0,0,0,1,114.3,,1,,45,,,,,,,
92,Horizon Drilling Inc. 4,4,56,1,,30100,Horizon Drilling Inc.,0,0,0,1,114.3,,4,XH,45,,,,,,,
93,Horizon Drilling Inc. 47,47,56,1,,30100,Horizon Drilling Inc.,0,0,0,1,114.3,,4,XH,45,,,,,,,
94,Horizon Drilling Inc. 5,5,56,1,,30100,Horizon Drilling Inc.,0,0,0,0,,,,,,,,,,,,
95,Horizon Drilling Inc. 52,52,56,1,,30100,Horizon Drilling Inc.,0,0,0,1,101.6,,4,XH,45,,,,,,,
96,Horizon Drilling Inc. 55,55,56,1,,30100,Horizon Drilling Inc.,0,0,0,1,114.3,,4,XH,45,,,,,,,
97,Horizon Drilling Inc. 61,61,56,1,,30100,Horizon Drilling Inc.,0,0,0,1,114.3,,4,XH,45,,,,,,,
98,Horizon Drilling Inc. 7,7,56,1,,30100,Horizon Drilling Inc.,0,0,0,1,114.3,,4,XH,45,,,,,,,
99,Ironhand Drilling Inc 3,3,56,1,,30102,Ironhand Drilling Inc,0,0,0,1,114.3,,4,XH,45,,,,,,,
100,Ironhand Drilling Inc 5,5,56,1,,30102,Ironhand Drilling Inc,0,0,0,1,114.3,,4,XH,45,,,,,,,
101,Ironhand Drilling Inc 6,6,56,1,,30102,Ironhand Drilling Inc,0,0,0,1,114.3,,4,XH,45,,,,,,,
102,Ironhand Drilling Inc 9,9,56,1,,30102,Ironhand Drilling Inc,0,0,0,0,,,,,,,,,,,,
103,Komat Drilling 3,3,56,1,,30158,Komat Drilling,0,0,0,0,,,,,,,,,,,,
104,Lasso Drilling Corporation 1,1,56,1,,30106,Lasso Drilling Corporation,0,0,0,1,114.3,,4,XH,45,,,,,,,
105,Lockwell Servicing Ltd. 1,1,56,1,,30035,Lockwell Servicing Ltd.,0,0,0,0,,,,,,,,,,,,
106,Lockwell Servicing Ltd. 4,4,56,1,,30035,Lockwell Servicing Ltd.,0,0,0,0,,,,,,,,,,,,
107,Lockwell Servicing Ltd. 6,6,56,1,,30035,Lockwell Servicing Ltd.,0,0,0,0,,,,,,,,,,,,
108,Mustang Well Services Ltd. 11,11,56,1,,30040,Mustang Well Services Ltd.,0,0,0,0,,,,,,,,,,,,
109,Mustang Well Services Ltd. 17,17,56,1,,30040,Mustang Well Services Ltd.,0,0,0,0,,,,,,,,,,,,
110,Mustang Well Services Ltd. 6,6,56,1,,30040,Mustang Well Services Ltd.,0,0,0,0,,,,,,,,,,,,
111,Nabors Drilling 15,15,56,1,,30108,Nabors Drilling,0,0,0,1,114.3,,4,XH,45,,,,,,,
112,Nabors Drilling 3,3,56,1,,30108,Nabors Drilling,0,0,0,1,114.3,,4,XH,45,,,,,,,
113,Nabors Drilling 5,5,56,3,Double,30108,Nabors Drilling,0,0,0,1,114.3,,4,XH,45,,,,,,,
114,Nabors Drilling 58,58,56,1,,30108,Nabors Drilling,0,0,0,1,114.3,,4,XH,45,,,,,,,
115,Nabors Drilling 67,67,56,3,Double,30108,Nabors Drilling,0,0,0,1,114.3,,4,XH,45,,,,,,,
116,Nabors Drilling 70,70,56,1,,30108,Nabors Drilling,0,0,0,1,114.3,,4,XH,45,,,,,,,
117,Nabors Drilling 77,77,56,1,,30108,Nabors Drilling,0,0,0,1,101.6,,4,XH,45,,,,,,,
118,Pantera Drilling Inc. 147,147,56,2,Single,30111,Pantera Drilling Inc.,0,0,0,0,,,,,,,,,,,,
119,Pantera Drilling Inc. 2,2,56,1,,30111,Pantera Drilling Inc.,0,0,0,1,114.3,,4,XH,45,,,,,,,
120,Panther Drilling Corp. 2,2,56,1,,30112,Panther Drilling Corp.,0,0,0,1,114.3,,4,XH,45,,,,,,,
121,Patterson-UTI Drilling 15,15,56,1,,30140,Patterson-UTI Drilling,0,0,0,1,114.3,,4,XH,45,,,,,,,
122,Patterson-UTI Drilling 16,16,56,1,,30140,Patterson-UTI Drilling,0,0,0,0,,,,,,,,,,,,
123,Patterson-UTI Drilling 811,811,56,1,,30140,Patterson-UTI Drilling,0,0,0,1,114.3,,4,XH,45,,,,,,,
124,Performance Well Servicing Ltd. 1,1,56,1,,30043,Performance Well Servicing Ltd.,0,0,0,0,,,,,,,,,,,,
125,Performance Well Servicing Ltd. 3,3,56,1,,30043,Performance Well Servicing Ltd.,0,0,0,0,,,,,,,,,,,,
126,Pimee Well Servicing Ltd. 1,1,56,1,,30044,Pimee Well Servicing Ltd.,0,0,0,1,114.3,,4,XH,45,,,,,,,
127,Pimee Well Servicing Ltd. 2,2,56,1,,30044,Pimee Well Servicing Ltd.,0,0,0,1,114.3,,4,XH,45,,,,,,,
128,Pimee Well Servicing Ltd. 3,3,56,1,,30044,Pimee Well Servicing Ltd.,0,0,0,1,114.3,,4,XH,45,,,,,,,
129,Pimee Well Servicing Ltd. 4,4,56,1,,30044,Pimee Well Servicing Ltd.,0,0,0,1,114.3,,4,XH,45,,,,,,,
130,Pimee Well Servicing Ltd. 5,5,56,1,,30044,Pimee Well Servicing Ltd.,0,0,0,0,,,,,,,,,,,,
131,Pimee Well Servicing Ltd. 6,6,56,1,,30044,Pimee Well Servicing Ltd.,0,0,0,1,114.3,,4,XH,45,,,,,,,
132,Pimee Well Servicing Ltd. 7,7,56,1,,30044,Pimee Well Servicing Ltd.,0,0,0,0,,,,,,,,,,,,
133,Pimee Well Servicing Ltd. 9,9,56,1,,30044,Pimee Well Servicing Ltd.,0,0,0,1,114.3,,4,XH,45,,,,,,,
134,Precision Drilling 116,116,56,1,,30114,Precision Drilling,0,0,0,0,,,,,,,,,,,,
135,Precision Drilling 131,131,56,1,,10203,Precision Drilling,0,0,0,1,114.3,,4,XH,45,,,,,,,
136,Precision Drilling 133,133,56,1,,10203,Precision Drilling,0,0,0,,,,,,,,,,,,,
137,Precision Drilling 147,147,56,2,Single,30114,Precision Drilling,0,0,0,0,,,,,,,,,,,,
138,Precision Drilling 148,148,56,1,,10203,Precision Drilling,0,0,0,1,114.3,,4,XH,45,,,,,,,
139,Precision Drilling 149,149,56,1,,10203,Precision Drilling,0,0,0,1,114.3,,4,XH,45,,,,,,,
140,Precision Drilling 153,153,56,1,,30114,Precision Drilling,0,0,0,1,114.3,,4,XH,45,,,,,,,
141,Precision Drilling 153,153,56,1,,10203,Precision Drilling,0,0,0,1,114.3,,4,XH,45,,,,,,,
142,Precision Drilling 155,155,56,1,,30114,Precision Drilling,0,0,0,1,114.3,,4,XH,45,,,,,,,
143,Precision Drilling 156,156,56,1,,30114,Precision Drilling,0,0,0,1,114.3,,4,XH,45,,,,,,,
144,Precision Drilling 157,157,56,1,,30114,Precision Drilling,0,0,0,1,114.3,,4,XH,45,,,,,,,
145,Precision Drilling 171,171,56,1,,10203,Precision Drilling,0,0,0,1,114.3,,4,XH,45,,,,,,,
146,Precision Drilling 183,183,56,1,,10203,Precision Drilling,0,0,0,1,114.3,,4,XH,45,,,,,,,
147,Precision Drilling 184,184,56,1,,30114,Precision Drilling,0,0,0,1,114.3,,4,XH,45,,,,,,,
148,Precision Drilling 189,189,56,2,Single,10203,Precision Drilling,0,0,0,0,,,,,,,,,,,,
149,Precision Drilling 19,19,56,1,,10203,Precision Drilling,0,0,0,0,,,,,,,,,,,,
150,Precision Drilling 192,192,56,2,Single,30114,Precision Drilling,0,0,0,0,,,,,,,,,,,,
151,Precision Drilling 196,196,56,1,,10203,Precision Drilling,0,0,0,1,114.3,,4,XH,45,,,,,,,
152,Precision Drilling 197,197,56,1,,30114,Precision Drilling,0,0,0,0,,,,,,,,,,,,
153,Precision Drilling 198,198,56,1,,30114,Precision Drilling,0,0,0,0,,,,,,,,,,,,
154,Precision Drilling 199,199,56,2,Single,30114,Precision Drilling,0,0,0,0,,,,,,,,,,,,
155,Precision Drilling 204,204,56,1,,30114,Precision Drilling,0,0,0,1,114.3,,4,XH,45,,,,,,,
156,Precision Drilling 205,205,56,1,,30114,Precision Drilling,0,0,0,1,114.3,,4,XH,45,,,,,,,
157,Precision Drilling 226,226,56,1,,30114,Precision Drilling,0,0,0,1,114.3,,4,XH,45,,,,,,,
158,Precision Drilling 241,241,56,1,,10203,Precision Drilling,0,0,0,1,114.3,,4,XH,45,,,,,,,
159,Precision Drilling 255,255,56,1,,10203,Precision Drilling,0,0,0,0,,,,,,,,,,,,
160,Precision Drilling 275,275,56,1,,30114,Precision Drilling,0,0,0,0,,,,,,,,,,,,
161,Precision Drilling 293,293,56,1,,30114,Precision Drilling,0,0,0,1,114.3,,4,XH,45,,,,,,,
162,Precision Drilling 294,294,56,1,,30114,Precision Drilling,0,0,0,1,114.3,,4,XH,45,,,,,,,
163,Precision Drilling 309,309,56,1,,10203,Precision Drilling,0,0,0,1,114.3,,4,XH,45,,,,,,,
164,Precision Drilling 340,340,56,1,,10203,Precision Drilling,0,0,0,0,,,,,,,,,,,,
165,Precision Drilling 379,379,56,3,Double,30114,Precision Drilling,0,0,0,1,114.3,,4,XH,45,,,,,,,
166,Precision Drilling 382,382,56,1,,10203,Precision Drilling,0,0,0,1,114.3,,4,XH,45,,,,,,,
167,Precision Drilling 403,403,56,1,,30114,Precision Drilling,0,0,0,1,114.3,,4,XH,45,,,,,,,
168,Precision Drilling 407,407,56,1,,30114,Precision Drilling,0,0,0,1,114.3,,4,XH,45,,,,,,,
169,Precision Drilling 409,409,56,1,,30114,Precision Drilling,0,0,0,1,114.3,,4,XH,45,,,,,,,
170,Precision Drilling 521,521,56,1,,10203,Precision Drilling,0,0,0,1,114.3,,4,XH,45,,,,,,,
171,Precision Drilling 526,526,56,1,,30114,Precision Drilling,0,0,0,0,,,,,,,,,,,,
172,Precision Drilling 529,529,56,1,,30114,Precision Drilling,0,0,0,1,114.3,,4,XH,45,,,,,,,
173,Precision Drilling 533,533,56,1,,10203,Precision Drilling,0,0,0,1,114.3,,4,XH,45,,,,,,,
174,Precision Drilling 538,538,56,1,,30114,Precision Drilling,0,0,0,1,114.3,,4,XH,45,,,,,,,
175,Precision Drilling 574,574,56,1,,10203,Precision Drilling,0,0,0,0,,,,,,,,,,,,
176,Precision Drilling 59,59,56,1,,10203,Precision Drilling,0,0,0,0,,,,,,,,,,,,
177,Precision Drilling 725,725,56,1,,30114,Precision Drilling,0,0,0,0,,,,,,,,,,,,
178,Precision Drilling 831,831,56,1,,30114,Precision Drilling,0,0,0,0,,,,,,,,,,,,
179,Precision Well Servicing 411,411,56,1,,30046,Precision Well Servicing,0,0,0,0,,,,,,,,,,,,
180,Predator Drilling Inc. 14,14,56,1,,30148,Predator Drilling Inc.,0,0,0,0,,,,,,,,,,,,
181,Predator Drilling Inc. 574,574,56,1,,30148,Predator Drilling Inc.,0,0,0,1,101.6,,4,XH,45,,,,,,,
182,Red Dog Drilling Inc. 4,4,56,1,,30116,Red Dog Drilling Inc.,0,0,0,1,114.3,,4,XH,45,,,,,,,
183,Red Hawk Well Servicing Inc. 4,4,56,1,,30052,Red Hawk Well Servicing Inc.,0,0,0,0,,,,,,,,,,,,
184,Sandy Ross Well Servicing Ltd. 10,10,56,1,,30059,Sandy Ross Well Servicing Ltd.,0,0,0,0,,,,,,,,,,,,
185,Savanna Drilling 118,118,56,1,,30147,Savanna Drilling,0,0,0,0,,,,,,,,,,,,
186,Savanna Drilling 122,122,56,1,,30147,Savanna Drilling,0,0,0,0,,,,,,,,,,,,
187,Savanna Drilling 419,419,56,1,,30147,Savanna Drilling,0,0,0,0,,,,,,,,,,,,
188,Savanna Drilling 420,420,56,2,Single,30147,Savanna Drilling,0,0,0,0,,,,,,,,,,,,
189,Savanna Drilling 422,422,56,1,,30147,Savanna Drilling,0,0,0,0,,,,,,,,,,,,
190,Savanna Drilling 425,425,56,1,,30147,Savanna Drilling,0,0,0,1,114.3,,4,XH,45,,,,,,,
191,Savanna Drilling 426,426,56,1,,30147,Savanna Drilling,0,0,0,0,,,,,,,,,,,,
192,Savanna Drilling 428,428,56,1,,30147,Savanna Drilling,0,0,0,1,114.3,,4,XH,45,,,,,,,
193,Savanna Drilling 436,436,56,1,,30147,Savanna Drilling,0,0,0,1,114.3,,4,XH,45,,,,,,,
194,Savanna Drilling 440,440,56,1,,30147,Savanna Drilling,0,0,0,0,,,,,,,,,,,,
195,Savanna Drilling 603,603,56,1,,30147,Savanna Drilling,0,0,0,1,114.3,,4,XH,45,,,,,,,
196,Savanna Drilling 616,616,56,3,Double,30147,Savanna Drilling,0,0,0,0,,,,,,,,,,,,
197,Savanna Drilling 623,623,56,1,,30147,Savanna Drilling,0,0,0,1,114.3,,4,XH,45,,,,,,,
198,Savanna Drilling 629,629,56,3,Double,30147,Savanna Drilling,0,0,0,1,114.3,,4,XH,45,,,,,,,
199,Savanna Drilling 631,631,56,1,,30147,Savanna Drilling,0,0,0,1,114.3,,4,XH,45,,,,,,,
200,Savanna Drilling 634,634,56,3,Double,30147,Savanna Drilling,0,0,0,1,114.3,,4,XH,45,,,,,,,
201,Savanna Drilling 636,636,56,1,,30147,Savanna Drilling,0,0,0,0,,,,,,,,,,,,
202,Savanna Drilling 638,638,56,1,,30147,Savanna Drilling,0,0,0,1,114.3,,4,XH,45,,,,,,,
203,Savanna Drilling 651,651,56,1,,30147,Savanna Drilling,0,0,0,1,114.3,,4,XH,45,,,,,,,
204,Savanna Drilling 652,652,56,3,Double,30147,Savanna Drilling,0,0,0,0,,,,,,,,,,,,
205,Savanna Drilling 656,656,56,1,,30147,Savanna Drilling,0,0,0,1,114.3,,4,XH,45,,,,,,,
206,Savanna Drilling 680,680,56,1,,30147,Savanna Drilling,0,0,0,1,114.3,,4,XH,45,,,,,,,
207,Savanna Drilling 687,687,56,1,,30147,Savanna Drilling,0,0,0,1,114.3,,4,XH,45,,,,,,,
208,Savanna Well Servicing 51,51,56,1,,30201,Savanna Well Servicing,0,0,0,0,,,,,,,,,,,,
209,Stampede Drilling Ltd 1,1,56,1,,30184,Stampede Drilling Ltd,0,0,0,1,114.3,,4,XH,45,,,,,,,
210,Stampede Drilling Ltd 3,3,56,1,,30184,Stampede Drilling Ltd,0,0,0,1,114.3,,4,XH,45,,,,,,,
211,Star Valley Drilling Ltd. 202,202,56,1,,30212,Star Valley Drilling Ltd.,0,0,0,1,114.3,,4,XH,45,,,,,,,
212,Tempco Drilling Company Inc. 1,1,56,1,,30123,Tempco Drilling Company Inc.,0,0,0,0,,,,,,,,,,,,
213,Tempco Drilling Company Inc. 5,5,56,1,,30123,Tempco Drilling Company Inc.,0,0,0,1,114.3,,4,XH,45,,,,,,,
214,Tempco Drilling Company Inc. 7,7,56,1,,30123,Tempco Drilling Company Inc.,0,0,0,1,114.3,,4,XH,45,,,,,,,
215,Tempco Drilling Company Inc. 8,8,56,1,,30123,Tempco Drilling Company Inc.,0,0,0,1,114.3,,4,XH,45,,,,,,,
216,Trailblazer Drilling Corp. 631,631,56,1,,30126,Trailblazer Drilling Corp.,0,0,0,0,,,,,,,,,,,,
217,Trinidad Drilling Ltd. 14,14,56,1,,30130,Trinidad Drilling Ltd.,0,0,0,1,114.3,,4,XH,45,,,,,,,
218,Trinidad Drilling Ltd. 22,22,56,1,,30130,Trinidad Drilling Ltd.,0,0,0,1,114.3,,4,XH,45,,,,,,,
219,Trinidad Drilling Ltd. 40,40,56,3,Double,10463,Trinidad Drilling Ltd.,0,0,0,1,114.3,,4,XH,45,,,,,,,
220,Trinidad Drilling Ltd. 401,401,56,1,,30130,Trinidad Drilling Ltd.,0,0,0,1,114.3,,4,XH,45,,,,,,,
221,Trinidad Drilling Ltd. 419,419,56,1,,30130,Trinidad Drilling Ltd.,0,0,0,1,101.6,,4,XH,45,,,,,,,
222,Trinidad Drilling Ltd. 432,432,56,3,Double,30130,Trinidad Drilling Ltd.,0,0,0,1,114.3,,4,XH,45,,,,,,,
223,Trinidad Drilling Ltd. 434,434,56,1,,30130,Trinidad Drilling Ltd.,0,0,0,0,,,,,,,,,,,,
224,Trinidad Drilling Ltd. 437,437,56,1,,10463,Trinidad Drilling Ltd.,0,0,0,1,114.3,,4,XH,45,,,,,,,
225,Trinidad Drilling Ltd. 438,438,56,1,,30130,Trinidad Drilling Ltd.,0,0,0,1,114.3,,4,XH,45,,,,,,,
226,Trinidad Drilling Ltd. 449,449,56,1,,30130,Trinidad Drilling Ltd.,0,0,0,0,,,,,,,,,,,,
227,Trinidad Drilling Ltd. 50,50,56,1,,10463,Trinidad Drilling Ltd.,0,0,0,1,101.6,,4,XH,45,,,,,,,
228,Trinidad Drilling Ltd. 51,51,56,1,,30130,Trinidad Drilling Ltd.,0,0,0,0,,,,,,,,,,,,
229,Trinidad Drilling Ltd. 53,53,56,1,,30130,Trinidad Drilling Ltd.,0,0,0,1,114.3,,4,XH,45,,,,,,,
230,Trinidad Drilling Ltd. 55,55,56,1,,30130,Trinidad Drilling Ltd.,0,0,0,1,114.3,,4,XH,45,,,,,,,
231,Trinidad Drilling Ltd. 59,59,56,1,,10463,Trinidad Drilling Ltd.,0,0,0,1,114.3,,4,XH,45,,,,,,,
232,Trinidad Drilling Ltd. 7,7,56,1,,30130,Trinidad Drilling Ltd.,0,0,0,0,,,,,,,,,,,,
233,Trinidad Drilling Ltd. 9,9,56,1,,30130,Trinidad Drilling Ltd.,0,0,0,1,114.3,,4,XH,45,,,,,,,
234,Vortex Drilling Ltd. 2,2,56,1,,30218,Vortex Drilling Ltd.,0,0,0,1,114.3,,4,XH,45,,,,,,,
